<?xml version="1.0" encoding="UTF-8"?>
<osm version="0.6" generator="Overpass API 0.7.62.11 87bfad18">
<note>The data included in this document is from www.openstreetmap.org. The data is made available under ODbL.</note>
<meta osm_base="2026-09-21T11:41:35Z"/>

  <node id="1772546817" lat="31.9702114" lon="121.0624055"/>
  <node id="1997306537" lat="31.9548829" lon="121.0880318"/>
  <node id="1997306540" lat="31.9549870" lon="121.0888870"/>
  <node id="1997306542" lat="31.9549204" lon="121.1130792"/>
  <node id="1997306549" lat="31.9551367" lon="121.1008653"/>
  <node id="1997306555" lat="31.9552396" lon="121.0927952"/>
  <node id="1997306557" lat="31.9553319" lon="121.0894965"/>
  <node id="1997306559" lat="31.9552775" lon="121.0874498"/>
  <node id="1997306561" lat="31.9554291" lon="121.0876028"/>
  <node id="1997306565" lat="31.9554153" lon="121.0804255"/>
  <node id="1997306568" lat="31.9555195" lon="121.0878485"/>
  <node id="1997306578" lat="31.9557597" lon="121.0886685"/>
  <node id="1997306584" lat="31.9559421" lon="121.0881452"/>
  <node id="1997306587" lat="31.9560000" lon="121.0884316"/>
  <node id="1997306590" lat="31.9560347" lon="121.0882226"/>
  <node id="1997306592" lat="31.9561219" lon="121.0883156"/>
  <node id="1997306594" lat="31.9562135" lon="121.0882131"/>
  <node id="1997306596" lat="31.9562681" lon="121.0882836"/>
  <node id="1997306605" lat="31.9571737" lon="121.0880492"/>
  <node id="1997306621" lat="31.9598455" lon="121.0876329"/>
  <node id="1997306623" lat="31.9600443" lon="121.0877078"/>
  <node id="1997306632" lat="31.9617218" lon="121.0874438"/>
  <node id="1997306633" lat="31.9617133" lon="121.0873553"/>
  <node id="1997306634" lat="31.9618261" lon="121.1120431"/>
  <node id="1997306635" lat="31.9618278" lon="121.1129255"/>
  <node id="1997306640" lat="31.9618805" lon="121.1065309"/>
  <node id="1997306641" lat="31.9619262" lon="121.0872464"/>
  <node id="1997306645" lat="31.9620437" lon="121.0874961"/>
  <node id="1997306646" lat="31.9620791" lon="121.0871438"/>
  <node id="1997306647" lat="31.9621140" lon="121.1010944"/>
  <node id="1997306648" lat="31.9621437" lon="121.0874227"/>
  <node id="1997306650" lat="31.9621526" lon="121.0875633"/>
  <node id="1997306651" lat="31.9622096" lon="121.0870123"/>
  <node id="1997306653" lat="31.9622684" lon="121.0876831"/>
  <node id="1997306654" lat="31.9623151" lon="121.0868563"/>
  <node id="1997306655" lat="31.9623529" lon="121.0878300"/>
  <node id="1997306656" lat="31.9623917" lon="121.0866661"/>
  <node id="1997306657" lat="31.9624574" lon="121.0880612"/>
  <node id="1997306660" lat="31.9624996" lon="121.0823815"/>
  <node id="1997306661" lat="31.9625193" lon="121.0914272"/>
  <node id="1997306662" lat="31.9625420" lon="121.0882091"/>
  <node id="1997306664" lat="31.9625317" lon="121.0872860"/>
  <node id="1997306665" lat="31.9624418" lon="121.0864001"/>
  <node id="1997306686" lat="31.9636557" lon="121.0679276"/>
  <node id="1997306691" lat="31.9637747" lon="121.0717977"/>
  <node id="1997306693" lat="31.9638700" lon="121.0739018"/>
  <node id="1997306704" lat="31.9659605" lon="121.0822174"/>
  <node id="1997306705" lat="31.9660633" lon="121.0658983"/>
  <node id="1997306706" lat="31.9662901" lon="121.1077021"/>
  <node id="1997306707" lat="31.9663308" lon="121.1126927"/>
  <node id="1997306708" lat="31.9663443" lon="121.1118530"/>
  <node id="1997306709" lat="31.9663830" lon="121.1033208"/>
  <node id="1997306710" lat="31.9664310" lon="121.0997070"/>
  <node id="1997306711" lat="31.9664406" lon="121.1000633"/>
  <node id="1997306712" lat="31.9664454" lon="121.0989944"/>
  <node id="1997306713" lat="31.9664838" lon="121.0986155"/>
  <node id="1997306715" lat="31.9665893" lon="121.0983441"/>
  <node id="1997306716" lat="31.9666853" lon="121.0982084"/>
  <node id="1997306719" lat="31.9671356" lon="121.0685945"/>
  <node id="1997306720" lat="31.9671292" lon="121.0836006">
    <tag k="bus" v="yes"/>
    <tag k="name" v="加油站"/>
    <tag k="name:zh" v="加油站"/>
    <tag k="public_transport" v="stop_position"/>
  </node>
  <node id="1997306721" lat="31.9671347" lon="121.0828082"/>
  <node id="1997306722" lat="31.9671629" lon="121.0823425"/>
  <node id="1997306723" lat="31.9671836" lon="121.0821523"/>
  <node id="1997306724" lat="31.9672562" lon="121.0974166"/>
  <node id="1997306725" lat="31.9672301" lon="121.0819314"/>
  <node id="1997306726" lat="31.9672629" lon="121.0871750"/>
  <node id="1997306727" lat="31.9672643" lon="121.0758795"/>
  <node id="1997306728" lat="31.9673062" lon="121.0816106"/>
  <node id="1997306730" lat="31.9673069" lon="121.0780226"/>
  <node id="1997306732" lat="31.9673453" lon="121.0813847"/>
  <node id="1997306733" lat="31.9673686" lon="121.0806808"/>
  <node id="1997306734" lat="31.9673731" lon="121.0810530"/>
  <node id="1997306735" lat="31.9674145" lon="121.0928641"/>
  <node id="1997306736" lat="31.9674241" lon="121.0971282"/>
  <node id="1997306737" lat="31.9674673" lon="121.0968567"/>
  <node id="1997306738" lat="31.9674721" lon="121.0960197"/>
  <node id="1997306739" lat="31.9676796" lon="121.0652597"/>
  <node id="1997306741" lat="31.9677421" lon="121.0657798"/>
  <node id="1997306742" lat="31.9678877" lon="121.0670624"/>
  <node id="1997306744" lat="31.9680442" lon="121.0685443"/>
  <node id="1997306747" lat="31.9681960" lon="121.0709297"/>
  <node id="1997306749" lat="31.9688028" lon="121.0685021"/>
  <node id="1997306752" lat="31.9698626" lon="121.0684721"/>
  <node id="1997306754" lat="31.9699256" lon="121.0699252"/>
  <node id="1997306755" lat="31.9700477" lon="121.0720072"/>
  <node id="1997306756" lat="31.9700565" lon="121.0755479"/>
  <node id="1997306760" lat="31.9702856" lon="121.0911184"/>
  <node id="1997306761" lat="31.9707638" lon="121.0997979"/>
  <node id="1997306762" lat="31.9710169" lon="121.0684418"/>
  <node id="1997306765" lat="31.9711776" lon="121.1071648"/>
  <node id="1997306767" lat="31.9714524" lon="121.1127393"/>
  <node id="1997306769" lat="31.9721059" lon="121.0684135"/>
  <node id="1997306774" lat="31.9726906" lon="121.0996619"/>
  <node id="1997306781" lat="31.9737059" lon="121.0683485"/>
  <node id="1997306785" lat="31.9754305" lon="121.0682891"/>
  <node id="1997306790" lat="31.9769416" lon="121.0682580"/>
  <node id="1997306814" lat="31.9780822" lon="121.0860396"/>
  <node id="1997306824" lat="31.9783952" lon="121.0681986"/>
  <node id="1997306831" lat="31.9787084" lon="121.0992780"/>
  <node id="1997306876" lat="31.9799350" lon="121.0680855"/>
  <node id="1997306911" lat="31.9816500" lon="121.0680035"/>
  <node id="1997306922" lat="31.9838542" lon="121.0678847"/>
  <node id="1997306926" lat="31.9850784" lon="121.0988142"/>
  <node id="1997306927" lat="31.9853172" lon="121.0678084"/>
  <node id="1997306935" lat="31.9874037" lon="121.0677207"/>
  <node id="1997306938" lat="31.9889247" lon="121.0985502"/>
  <node id="1997306940" lat="31.9892744" lon="121.0676189"/>
  <node id="1997306949" lat="31.9902568" lon="121.0851319"/>
  <node id="1997306950" lat="31.9902529" lon="121.0850334"/>
  <node id="1997306956" lat="31.9910875" lon="121.0715522"/>
  <node id="1997306957" lat="31.9910899" lon="121.0695898"/>
  <node id="1997306958" lat="31.9910923" lon="121.0698641"/>
  <node id="1997306959" lat="31.9911141" lon="121.0750846"/>
  <node id="1997306960" lat="31.9911245" lon="121.0765579"/>
  <node id="1997306961" lat="31.9911403" lon="121.0674832"/>
  <node id="1997306962" lat="31.9911437" lon="121.0781640"/>
  <node id="1997306963" lat="31.9911546" lon="121.0692985"/>
  <node id="1997306964" lat="31.9912108" lon="121.0782658"/>
  <node id="1997306965" lat="31.9912170" lon="121.0675086"/>
  <node id="1997306966" lat="31.9912266" lon="121.0690639"/>
  <node id="1997306967" lat="31.9912386" lon="121.0675822"/>
  <node id="1997306969" lat="31.9917720" lon="121.0782488"/>
  <node id="1997306970" lat="31.9920046" lon="121.0983846"/>
  <node id="1997306972" lat="31.9930023" lon="121.0983224"/>
  <node id="1997306973" lat="31.9930286" lon="121.0782092"/>
  <node id="1997306975" lat="31.9943500" lon="121.0782036"/>
  <node id="1997306977" lat="31.9944364" lon="121.0782827"/>
  <node id="1997306978" lat="31.9945035" lon="121.0783902"/>
  <node id="1997306979" lat="31.9945083" lon="121.0982630"/>
  <node id="1997306980" lat="31.9945299" lon="121.0785683"/>
  <node id="1997306981" lat="31.9945347" lon="121.0793148"/>
  <node id="1997306982" lat="31.9945707" lon="121.0827872"/>
  <node id="1997306983" lat="31.9945946" lon="121.0855951"/>
  <node id="1997306984" lat="31.9946042" lon="121.0982461"/>
  <node id="1997306985" lat="31.9946210" lon="121.0884482"/>
  <node id="1997306986" lat="31.9946330" lon="121.0908630"/>
  <node id="1997306987" lat="31.9946594" lon="121.0945022"/>
  <node id="1997306988" lat="31.9946690" lon="121.0981980"/>
  <node id="1999061713" lat="31.9482108" lon="121.0793262"/>
  <node id="1999061748" lat="31.9489116" lon="121.0793517"/>
  <node id="1999061793" lat="31.9512252" lon="121.0792406"/>
  <node id="1999061841" lat="31.9531145" lon="121.0789932"/>
  <node id="1999061870" lat="31.9545926" lon="121.0811896"/>
  <node id="1999061871" lat="31.9545969" lon="121.0816844"/>
  <node id="1999061873" lat="31.9547201" lon="121.0687408"/>
  <node id="1999061876" lat="31.9548554" lon="121.0700984"/>
  <node id="1999061877" lat="31.9550138" lon="121.0719794"/>
  <node id="1999061878" lat="31.9547125" lon="121.0835274"/>
  <node id="1999061884" lat="31.9552519" lon="121.0787516"/>
  <node id="1999061886" lat="31.9548710" lon="121.0853300"/>
  <node id="1999061889" lat="31.9549267" lon="121.0811088"/>
  <node id="1999061890" lat="31.9549396" lon="121.0805446"/>
  <node id="1999061891" lat="31.9549396" lon="121.0856835"/>
  <node id="1999061892" lat="31.9549593" lon="121.1099064"/>
  <node id="1999061894" lat="31.9551529" lon="121.0687774"/>
  <node id="1999061895" lat="31.9550422" lon="121.1056843"/>
  <node id="1999061896" lat="31.9551408" lon="121.1005844"/>
  <node id="1999061897" lat="31.9551648" lon="121.0957314"/>
  <node id="1999061899" lat="31.9552754" lon="121.0700903"/>
  <node id="1999061902" lat="31.9553114" lon="121.0856658"/>
  <node id="1999061903" lat="31.9553632" lon="121.0827588"/>
  <node id="1999061904" lat="31.9554479" lon="121.0720006"/>
  <node id="1999061916" lat="31.9560821" lon="121.0720568"/>
  <node id="1999061933" lat="31.9569865" lon="121.0720424"/>
  <node id="1999061940" lat="31.9575103" lon="121.0720634"/>
  <node id="1999061959" lat="31.9580647" lon="121.0689990"/>
  <node id="1999061967" lat="31.9582817" lon="121.0978559"/>
  <node id="1999061970" lat="31.9582999" lon="121.0981130"/>
  <node id="1999061973" lat="31.9583170" lon="121.0955503"/>
  <node id="1999061975" lat="31.9583938" lon="121.0936214"/>
  <node id="1999061976" lat="31.9584635" lon="121.0906258"/>
  <node id="1999061977" lat="31.9584637" lon="121.0721051"/>
  <node id="1999061981" lat="31.9585041" lon="121.0879426"/>
  <node id="1999061982" lat="31.9585094" lon="121.0878411"/>
  <node id="1999061985" lat="31.9585487" lon="121.0878359"/>
  <node id="1999061986" lat="31.9585533" lon="121.0879359"/>
  <node id="1999061987" lat="31.9585573" lon="121.0955349"/>
  <node id="1999061988" lat="31.9585725" lon="121.0857201"/>
  <node id="1999061993" lat="31.9586190" lon="121.0928565"/>
  <node id="1999061995" lat="31.9586301" lon="121.0828745"/>
  <node id="1999061996" lat="31.9586453" lon="121.0816427"/>
  <node id="1999061999" lat="31.9586786" lon="121.0900367"/>
  <node id="1999062000" lat="31.9586896" lon="121.0798089"/>
  <node id="1999062001" lat="31.9586911" lon="121.0879127"/>
  <node id="1999062002" lat="31.9586972" lon="121.0878109"/>
  <node id="1999062004" lat="31.9587255" lon="121.0879089"/>
  <node id="1999062006" lat="31.9587376" lon="121.0878055"/>
  <node id="1999062010" lat="31.9587604" lon="121.0861486"/>
  <node id="1999062013" lat="31.9588088" lon="121.0838064"/>
  <node id="1999062017" lat="31.9588422" lon="121.0828531"/>
  <node id="1999062019" lat="31.9588325" lon="121.0629709"/>
  <node id="1999062020" lat="31.9588724" lon="121.0814214"/>
  <node id="1999062021" lat="31.9588769" lon="121.0738037"/>
  <node id="1999062028" lat="31.9589909" lon="121.0632442"/>
  <node id="1999062029" lat="31.9590325" lon="121.0721437"/>
  <node id="1999062040" lat="31.9592425" lon="121.0721281"/>
  <node id="1999062041" lat="31.9592860" lon="121.0637012"/>
  <node id="1999062043" lat="31.9596998" lon="121.0698838"/>
  <node id="1999062044" lat="31.9593902" lon="121.0639194"/>
  <node id="1999062045" lat="31.9594365" lon="121.0644992"/>
  <node id="1999062046" lat="31.9594767" lon="121.0720338"/>
  <node id="1999062052" lat="31.9596913" lon="121.0964534"/>
  <node id="1999062054" lat="31.9596824" lon="121.0691270"/>
  <node id="1999062097" lat="31.9599276" lon="121.0759868"/>
  <node id="1999062105" lat="31.9599931" lon="121.0776025"/>
  <node id="1999062111" lat="31.9600848" lon="121.0796589"/>
  <node id="1999062117" lat="31.9601928" lon="121.0736214"/>
  <node id="1999062119" lat="31.9602218" lon="121.0745588"/>
  <node id="1999062121" lat="31.9602472" lon="121.0814924"/>
  <node id="1999062123" lat="31.9602768" lon="121.0751692"/>
  <node id="1999062125" lat="31.9602785" lon="121.0964389"/>
  <node id="1999062128" lat="31.9602964" lon="121.0842105"/>
  <node id="1999062130" lat="31.9603022" lon="121.0839717"/>
  <node id="1999062134" lat="31.9603138" lon="121.0825735"/>
  <node id="1999062136" lat="31.9603225" lon="121.0859190"/>
  <node id="1999062142" lat="31.9603260" lon="121.0752170"/>
  <node id="1999062143" lat="31.9603456" lon="121.0855030"/>
  <node id="1999062145" lat="31.9603543" lon="121.0862566"/>
  <node id="1999062147" lat="31.9604244" lon="121.0752375"/>
  <node id="1999062149" lat="31.9604338" lon="121.0875447"/>
  <node id="1999062151" lat="31.9604404" lon="121.0876450"/>
  <node id="1999062153" lat="31.9604700" lon="121.0882142"/>
  <node id="1999062157" lat="31.9605366" lon="121.0892782"/>
  <node id="1999062159" lat="31.9606379" lon="121.0911471"/>
  <node id="1999062161" lat="31.9607044" lon="121.0925623"/>
  <node id="1999062163" lat="31.9606227" lon="121.0786689"/>
  <node id="1999062166" lat="31.9607652" lon="121.0938139"/>
  <node id="1999062174" lat="31.9608086" lon="121.0946017"/>
  <node id="1999062176" lat="31.9608405" lon="121.0953851"/>
  <node id="1999062178" lat="31.9608718" lon="121.0964292"/>
  <node id="1999062180" lat="31.9608844" lon="121.0751727"/>
  <node id="1999062186" lat="31.9609248" lon="121.0628596"/>
  <node id="1999062201" lat="31.9613114" lon="121.0679230"/>
  <node id="1999062209" lat="31.9613168" lon="121.0698274"/>
  <node id="1999062215" lat="31.9614510" lon="121.0698280"/>
  <node id="1999062220" lat="31.9614481" lon="121.0709612"/>
  <node id="1999062230" lat="31.9614633" lon="121.0716254"/>
  <node id="1999062240" lat="31.9615185" lon="121.0719775"/>
  <node id="1999062245" lat="31.9615950" lon="121.0727953"/>
  <node id="1999062251" lat="31.9615890" lon="121.0734924"/>
  <node id="1999062284" lat="31.9618397" lon="121.1097955"/>
  <node id="1999062286" lat="31.9619388" lon="121.1052029"/>
  <node id="1999062295" lat="31.9620099" lon="121.0749987"/>
  <node id="1999062301" lat="31.9624338" lon="121.0749305"/>
  <node id="1999062305" lat="31.9621433" lon="121.1004001"/>
  <node id="1999062307" lat="31.9621573" lon="121.1000695"/>
  <node id="1999062331" lat="31.9623665" lon="121.0952754"/>
  <node id="1999062341" lat="31.9624777" lon="121.0783818"/>
  <node id="1999062356" lat="31.9624581" lon="121.0756267"/>
  <node id="1999062394" lat="31.9640159" lon="121.0753389"/>
  <node id="1999062395" lat="31.9637187" lon="121.0697368"/>
  <node id="1999062401" lat="31.9640376" lon="121.0850256"/>
  <node id="1999062402" lat="31.9640937" lon="121.0867511"/>
  <node id="1999062403" lat="31.9641083" lon="121.0872070"/>
  <node id="1999062415" lat="31.9645495" lon="121.0849956"/>
  <node id="1999062421" lat="31.9646163" lon="121.0867273"/>
  <node id="1999062427" lat="31.9646258" lon="121.0789439"/>
  <node id="1999062428" lat="31.9646233" lon="121.0786108"/>
  <node id="1999062431" lat="31.9646486" lon="121.0778130"/>
  <node id="1999062432" lat="31.9646350" lon="121.0792245"/>
  <node id="1999062437" lat="31.9647110" lon="121.0772645"/>
  <node id="1999062441" lat="31.9646916" lon="121.0796651"/>
  <node id="1999062447" lat="31.9648100" lon="121.0816601"/>
  <node id="1999062450" lat="31.9648316" lon="121.0804822"/>
  <node id="1999062451" lat="31.9648133" lon="121.0818799"/>
  <node id="1999062455" lat="31.9648780" lon="121.0763840"/>
  <node id="1999062459" lat="31.9649643" lon="121.0810241"/>
  <node id="1999062460" lat="31.9650054" lon="121.0849689"/>
  <node id="1999062463" lat="31.9650203" lon="121.0758103"/>
  <node id="1999062464" lat="31.9650713" lon="121.0867092"/>
  <node id="1999062467" lat="31.9651156" lon="121.0815962"/>
  <node id="1999062468" lat="31.9652122" lon="121.0717710"/>
  <node id="1999062469" lat="31.9652377" lon="121.0818633"/>
  <node id="1999062470" lat="31.9652416" lon="121.0819542"/>
  <node id="1999062471" lat="31.9652572" lon="121.0822594"/>
  <node id="1999062473" lat="31.9652428" lon="121.0814752"/>
  <node id="1999062474" lat="31.9652212" lon="121.0815801"/>
  <node id="1999062476" lat="31.9652769" lon="121.0813704"/>
  <node id="1999062477" lat="31.9653559" lon="121.0849483"/>
  <node id="1999062479" lat="31.9653492" lon="121.0812513"/>
  <node id="1999062483" lat="31.9653953" lon="121.0866963"/>
  <node id="1999062490" lat="31.9653893" lon="121.0811996"/>
  <node id="1999062492" lat="31.9654422" lon="121.0811527"/>
  <node id="1999062496" lat="31.9656228" lon="121.0950141"/>
  <node id="1999062509" lat="31.9659587" lon="121.0849130"/>
  <node id="1999062514" lat="31.9660253" lon="121.0866523"/>
  <node id="1999062515" lat="31.9660329" lon="121.0697015"/>
  <node id="1999062516" lat="31.9660561" lon="121.0675734"/>
  <node id="1999062518" lat="31.9661123" lon="121.0817907"/>
  <node id="1999062519" lat="31.9661081" lon="121.0626126"/>
  <node id="1999062523" lat="31.9662128" lon="121.0822011"/>
  <node id="1999062524" lat="31.9662051" lon="121.0818554"/>
  <node id="1999062525" lat="31.9662493" lon="121.0818242"/>
  <node id="1999062528" lat="31.9662944" lon="121.1075004"/>
  <node id="1999062529" lat="31.9663151" lon="121.1096166"/>
  <node id="1999062530" lat="31.9663200" lon="121.0818040"/>
  <node id="1999062532" lat="31.9663481" lon="121.1049654"/>
  <node id="1999062538" lat="31.9663873" lon="121.1030750"/>
  <node id="1999062540" lat="31.9664335" lon="121.0997981"/>
  <node id="1999062541" lat="31.9664397" lon="121.1001114"/>
  <node id="1999062545" lat="31.9664534" lon="121.0818404"/>
  <node id="1999062548" lat="31.9664572" lon="121.0778174"/>
  <node id="1999062549" lat="31.9664322" lon="121.0780532"/>
  <node id="1999062551" lat="31.9664480" lon="121.0792636"/>
  <node id="1999062552" lat="31.9664760" lon="121.0775578"/>
  <node id="1999062553" lat="31.9664419" lon="121.0781497"/>
  <node id="1999062554" lat="31.9664472" lon="121.0791481"/>
  <node id="1999062558" lat="31.9665006" lon="121.0795847"/>
  <node id="1999062563" lat="31.9665566" lon="121.0771523"/>
  <node id="1999062564" lat="31.9664954" lon="121.0790597"/>
  <node id="1999062565" lat="31.9665591" lon="121.0818659"/>
  <node id="1999062569" lat="31.9665578" lon="121.0799002"/>
  <node id="1999062571" lat="31.9665760" lon="121.0782200"/>
  <node id="1999062575" lat="31.9666670" lon="121.0818469"/>
  <node id="1999062576" lat="31.9666726" lon="121.0782170"/>
  <node id="1999062578" lat="31.9666820" lon="121.0790522"/>
  <node id="1999062579" lat="31.9666352" lon="121.0768552"/>
  <node id="1999062581" lat="31.9666833" lon="121.0766831"/>
  <node id="1999062583" lat="31.9667029" lon="121.0804667"/>
  <node id="1999062589" lat="31.9667626" lon="121.0764245"/>
  <node id="1999062590" lat="31.9667741" lon="121.0818116"/>
  <node id="1999062591" lat="31.9667452" lon="121.0805758"/>
  <node id="1999062592" lat="31.9667485" lon="121.0770233"/>
  <node id="1999062593" lat="31.9667580" lon="121.0780072"/>
  <node id="1999062595" lat="31.9667691" lon="121.0792578"/>
  <node id="1999062597" lat="31.9667934" lon="121.0802324"/>
  <node id="1999062599" lat="31.9668644" lon="121.0790468"/>
  <node id="1999062601" lat="31.9668705" lon="121.0817106"/>
  <node id="1999062602" lat="31.9668683" lon="121.0809241"/>
  <node id="1999062608" lat="31.9669042" lon="121.0767731"/>
  <node id="1999062609" lat="31.9669090" lon="121.0770195"/>
  <node id="1999062610" lat="31.9669248" lon="121.0780031"/>
  <node id="1999062612" lat="31.9669291" lon="121.0782134"/>
  <node id="1999062613" lat="31.9669341" lon="121.0790428"/>
  <node id="1999062614" lat="31.9669414" lon="121.0792500"/>
  <node id="1999062615" lat="31.9669672" lon="121.0803258"/>
  <node id="1999062616" lat="31.9669585" lon="121.0802274"/>
  <node id="1999062617" lat="31.9670097" lon="121.0814506"/>
  <node id="1999062620" lat="31.9669647" lon="121.0758232"/>
  <node id="1999062621" lat="31.9670295" lon="121.0703341"/>
  <node id="1999062623" lat="31.9670374" lon="121.0698524"/>
  <node id="1999062624" lat="31.9669805" lon="121.0812063"/>
  <node id="1999062626" lat="31.9670084" lon="121.0804627"/>
  <node id="1999062627" lat="31.9670500" lon="121.0690898"/>
  <node id="1999062628" lat="31.9670551" lon="121.0716940"/>
  <node id="1999062629" lat="31.9670745" lon="121.0727263"/>
  <node id="1999062630" lat="31.9670827" lon="121.0738548"/>
  <node id="1999062632" lat="31.9670991" lon="121.0680770"/>
  <node id="1999062636" lat="31.9670769" lon="121.0770177"/>
  <node id="1999062637" lat="31.9670993" lon="121.0745371"/>
  <node id="1999062638" lat="31.9670914" lon="121.0779994"/>
  <node id="1999062641" lat="31.9671064" lon="121.0792448"/>
  <node id="1999062642" lat="31.9671198" lon="121.0802205"/>
  <node id="1999062645" lat="31.9672159" lon="121.0748153"/>
  <node id="1999062651" lat="31.9672454" lon="121.0750651"/>
  <node id="1999062653" lat="31.9672883" lon="121.0769449"/>
  <node id="1999062656" lat="31.9673107" lon="121.0782024"/>
  <node id="1999062657" lat="31.9673295" lon="121.0790313"/>
  <node id="1999062659" lat="31.9673595" lon="121.0803175"/>
  <node id="1999062662" lat="31.9674462" lon="121.0946032"/>
  <node id="1999062663" lat="31.9674517" lon="121.0949029"/>
  <node id="1999062707" lat="31.9679255" lon="121.0747595"/>
  <node id="1999062771" lat="31.9681785" lon="121.0999260"/>
  <node id="1999062786" lat="31.9680944" lon="121.0736254"/>
  <node id="1999062788" lat="31.9682636" lon="121.0720591"/>
  <node id="1999062805" lat="31.9683728" lon="121.0999332"/>
  <node id="1999062819" lat="31.9685774" lon="121.0998970"/>
  <node id="1999062825" lat="31.9689374" lon="121.0998946"/>
  <node id="1999062832" lat="31.9692136" lon="121.0999139"/>
  <node id="1999062840" lat="31.9698980" lon="121.0647231"/>
  <node id="1999062842" lat="31.9700576" lon="121.0747094"/>
  <node id="1999062843" lat="31.9700736" lon="121.0819954"/>
  <node id="1999062863" lat="31.9704265" lon="121.0944471"/>
  <node id="1999062869" lat="31.9707500" lon="121.0995246"/>
  <node id="1999062871" lat="31.9709326" lon="121.1028039"/>
  <node id="1999062881" lat="31.9711815" lon="121.1072447"/>
  <node id="1999062894" lat="31.9728907" lon="121.0718556"/>
  <node id="1999062912" lat="31.9723611" lon="121.0684031"/>
  <node id="1999062971" lat="31.9761204" lon="121.0994431"/>
  <node id="2537096806" lat="31.9611473" lon="121.0660496"/>
  <node id="3255254533" lat="31.9707481" lon="121.0750788"/>
  <node id="3255254534" lat="31.9704610" lon="121.0750850"/>
  <node id="3255254535" lat="31.9705055" lon="121.0762684"/>
  <node id="3255254536" lat="31.9704205" lon="121.0719795"/>
  <node id="3255263689" lat="31.9912355" lon="121.0679698"/>
  <node id="3255263701" lat="31.9873238" lon="121.0677241"/>
  <node id="3255263707" lat="31.9775288" lon="121.0748043"/>
  <node id="3255263708" lat="31.9772453" lon="121.0682456"/>
  <node id="3258041960" lat="31.9973397" lon="121.0848187"/>
  <node id="3258041968" lat="31.9973467" lon="121.0849457"/>
  <node id="3258058958" lat="31.9918045" lon="121.0850301"/>
  <node id="3258058959" lat="31.9945863" lon="121.0846162"/>
  <node id="3258060561" lat="31.9946259" lon="121.0894268"/>
  <node id="3258060563" lat="31.9873350" lon="121.0853476"/>
  <node id="3258060565" lat="31.9877452" lon="121.0986312"/>
  <node id="3258061170" lat="31.9754065" lon="121.0994886"/>
  <node id="3258101933" lat="31.9676179" lon="121.0595644"/>
  <node id="3258101940" lat="31.9606309" lon="121.0597700"/>
  <node id="3258101946" lat="31.9608812" lon="121.0624266"/>
  <node id="3258101947" lat="31.9602567" lon="121.0551391"/>
  <node id="3258101954" lat="31.9780706" lon="121.0682119"/>
  <node id="3568491845" lat="31.9609174" lon="121.0627808"/>
  <node id="3568491846" lat="31.9661163" lon="121.0625294"/>
  <node id="4826426248" lat="31.9598602" lon="121.0753716"/>
  <node id="4826426249" lat="31.9599558" lon="121.0752777"/>
  <node id="4826426250" lat="31.9601355" lon="121.0752670"/>
  <node id="4826426251" lat="31.9550401" lon="121.0736734"/>
  <node id="4826426253" lat="31.9557992" lon="121.0737059"/>
  <node id="4826426254" lat="31.9564683" lon="121.0737060"/>
  <node id="4826426255" lat="31.9569599" lon="121.0737247"/>
  <node id="4826426256" lat="31.9572352" lon="121.0737730"/>
  <node id="4826426257" lat="31.9575879" lon="121.0738025"/>
  <node id="4826426258" lat="31.9583435" lon="121.0738481"/>
  <node id="4826426259" lat="31.9540894" lon="121.0631624"/>
  <node id="4826426263" lat="31.9549065" lon="121.0710935"/>
  <node id="4826426265" lat="31.9549644" lon="121.0747217">
    <tag k="bus" v="yes"/>
    <tag k="name" v="志南公寓"/>
    <tag k="name:zh" v="志南公寓"/>
    <tag k="public_transport" v="stop_position"/>
  </node>
  <node id="4826426266" lat="31.9550037" lon="121.0759443"/>
  <node id="4826426267" lat="31.9550816" lon="121.0769557"/>
  <node id="4826426269" lat="31.9599859" lon="121.0719008"/>
  <node id="4826426270" lat="31.9605093" lon="121.0717935"/>
  <node id="7870782897" lat="31.9603072" lon="121.0824656"/>
  <node id="7870782898" lat="31.9588483" lon="121.0825625"/>
  <node id="7870782899" lat="31.9586337" lon="121.0825791"/>
  <node id="7934288481" lat="31.9620011" lon="121.1035471"/>
  <node id="7934288484" lat="31.9618453" lon="121.1082663"/>
  <node id="7936911109" lat="31.9654830" lon="121.0750901"/>
  <node id="8913627855" lat="31.9967978" lon="121.0848061"/>
  <node id="8913627856" lat="31.9962818" lon="121.0847950"/>
  <node id="8913627857" lat="31.9953507" lon="121.0847521"/>
  <node id="8913627858" lat="31.9945876" lon="121.0847665"/>
  <node id="8913627859" lat="31.9940344" lon="121.0847736"/>
  <node id="8913627860" lat="31.9934277" lon="121.0847950"/>
  <node id="8913627861" lat="31.9924844" lon="121.0848630"/>
  <node id="8913627862" lat="31.9918399" lon="121.0848994"/>
  <node id="8913627863" lat="31.9675570" lon="121.0638334"/>
  <node id="8913627864" lat="31.9676141" lon="121.0633984"/>
  <node id="8913627865" lat="31.9677432" lon="121.0627257"/>
  <node id="8913627866" lat="31.9677449" lon="121.0625883"/>
  <node id="8913627867" lat="31.9677446" lon="121.0625097"/>
  <node id="8913627868" lat="31.9622372" lon="121.0756078"/>
  <node id="8913627869" lat="31.9624390" lon="121.0745306"/>
  <node id="8913627870" lat="31.9624340" lon="121.0742274"/>
  <node id="8913627871" lat="31.9625559" lon="121.0741614"/>
  <node id="8913627872" lat="31.9629552" lon="121.0740953"/>
  <node id="8913627873" lat="31.9889427" lon="121.0851093"/>
  <node id="8913627874" lat="31.9851634" lon="121.0853912"/>
  <node id="8913627875" lat="31.9803035" lon="121.0857598"/>
  <node id="8913627876" lat="31.9780780" lon="121.0859110"/>
  <node id="8913627877" lat="31.9768918" lon="121.0859929"/>
  <node id="8913627878" lat="31.9755400" lon="121.0861121"/>
  <node id="8913627879" lat="31.9730937" lon="121.0863723"/>
  <node id="8913627880" lat="31.9715852" lon="121.0865601"/>
  <node id="8913627881" lat="31.9686741" lon="121.0869130"/>
  <node id="8913627882" lat="31.9700905" lon="121.0867506"/>
  <node id="8913627883" lat="31.9964271" lon="121.0849254"/>
  <node id="8913627884" lat="31.9945885" lon="121.0848798"/>
  <node id="8913627885" lat="31.9934356" lon="121.0849177"/>
  <node id="8913627886" lat="31.9895308" lon="121.0851921"/>
  <node id="8913627887" lat="31.9856824" lon="121.0854729"/>
  <node id="8913627888" lat="31.9814051" lon="121.0857922"/>
  <node id="8913627889" lat="31.9765464" lon="121.0861756"/>
  <node id="8913627890" lat="31.9750633" lon="121.0863059"/>
  <node id="8913627891" lat="31.9732680" lon="121.0865283"/>
  <node id="8913627892" lat="31.9717038" lon="121.0866996"/>
  <node id="8913627893" lat="31.9700939" lon="121.0868915"/>
  <node id="8913627894" lat="31.9684739" lon="121.0870804"/>
  <node id="8913627895" lat="31.9654056" lon="121.0872918"/>
  <node id="8913627896" lat="31.9654016" lon="121.0871429"/>
  <node id="8913627897" lat="31.9654777" lon="121.0871400"/>
  <node id="8913627898" lat="31.9664313" lon="121.0872427"/>
  <node id="8913627899" lat="31.9672546" lon="121.0870296"/>
  <node id="8913627901" lat="31.9570381" lon="121.0957327"/>
  <node id="8913627903" lat="31.9583099" lon="121.0956423"/>
  <node id="8913627907" lat="31.9570257" lon="121.0926100"/>
  <node id="8913627908" lat="31.9569669" lon="121.0880869"/>
  <node id="8913627909" lat="31.9569706" lon="121.0881759"/>
  <node id="11115716505" lat="31.9697937" lon="121.0668468"/>
  <node id="11115716506" lat="31.9698402" lon="121.0652710"/>
  <node id="11132162989" lat="31.9681340" lon="121.0685378"/>
  <node id="11132162993" lat="31.9697640" lon="121.0684737"/>
  <node id="11132163001" lat="31.9675638" lon="121.0641754"/>
  <node id="11132163002" lat="31.9676093" lon="121.0645670"/>
  <node id="11132216986" lat="31.9698119" lon="121.0660314"/>
  <node id="11134187799" lat="31.9667878" lon="121.0755882"/>
  <node id="11134187800" lat="31.9666695" lon="121.0754782"/>
  <node id="11134187801" lat="31.9665216" lon="121.0754138"/>
  <node id="11134187802" lat="31.9663714" lon="121.0754460"/>
  <node id="11134187803" lat="31.9661712" lon="121.0754299"/>
  <node id="11134187804" lat="31.9660802" lon="121.0753602"/>
  <node id="11134189305" lat="31.9660262" lon="121.0750040"/>
  <node id="11134189306" lat="31.9653702" lon="121.0761702"/>
  <node id="11134189307" lat="31.9652519" lon="121.0760629"/>
  <node id="11134189308" lat="31.9651426" lon="121.0758537"/>
  <node id="11134189309" lat="31.9650203" lon="121.0751686"/>
  <node id="11134189310" lat="31.9650630" lon="121.0755426"/>
  <node id="11134189311" lat="31.9652268" lon="121.0817009"/>
  <node id="11134189312" lat="31.9656956" lon="121.0818136"/>
  <node id="11134189313" lat="31.9664010" lon="121.0818136"/>
  <node id="11134189314" lat="31.9664658" lon="121.0790938"/>
  <node id="11134189315" lat="31.9667491" lon="121.0775073"/>
  <node id="11134189359" lat="31.9670190" lon="121.0813701"/>
  <node id="11134189368" lat="31.9648076" lon="121.0814282"/>
  <node id="11134189372" lat="31.9647467" lon="121.0800728"/>
  <node id="11134189373" lat="31.9646238" lon="121.0782838"/>
  <node id="11134189374" lat="31.9647786" lon="121.0768488"/>
  <node id="11134189415" lat="31.9664943" lon="121.0782114"/>
  <node id="12083064870" lat="31.9617574" lon="121.1128978"/>
  <node id="12083064875" lat="31.9623061" lon="121.0952683"/>
  <node id="12083064876" lat="31.9625330" lon="121.0874145"/>
  <node id="12083064877" lat="31.9623967" lon="121.0756214"/>
  <node id="12083064878" lat="31.9624099" lon="121.0783904"/>
  <node id="12083064879" lat="31.9624342" lon="121.0823817"/>
  <node id="12083064880" lat="31.9624522" lon="121.0872912"/>
  <node id="12083064881" lat="31.9625203" lon="121.0863056"/>
  <node id="12083064882" lat="31.9619554" lon="121.0874657"/>
  <node id="12083064883" lat="31.9624720" lon="121.0890274"/>
  <node id="12083064884" lat="31.9624521" lon="121.0874146"/>
  <node id="12083064885" lat="31.9624433" lon="121.0914532"/>
  <node id="12083064886" lat="31.9620812" lon="121.1000745"/>
  <node id="12083064887" lat="31.9620743" lon="121.1004018"/>
  <node id="12083064888" lat="31.9618641" lon="121.1052076"/>
  <node id="12083064889" lat="31.9618119" lon="121.1064937"/>
  <node id="12083064890" lat="31.9617793" lon="121.1082492"/>
  <node id="12083064891" lat="31.9617690" lon="121.1097966"/>
  <node id="12083064909" lat="31.9541856" lon="121.0631955"/>
  <node id="12083064911" lat="31.9549246" lon="121.0720222"/>
  <node id="12083064912" lat="31.9549511" lon="121.0736972"/>
  <node id="12083064913" lat="31.9553586" lon="121.0871447"/>
  <node id="12083064914" lat="31.9551889" lon="121.0875829"/>
  <node id="12083064915" lat="31.9550283" lon="121.0878278"/>
  <node id="12083064916" lat="31.9553591" lon="121.0874794"/>
  <node id="12083064917" lat="31.9554378" lon="121.0827547"/>
  <node id="12083064918" lat="31.9554915" lon="121.0803750"/>
  <node id="12083064919" lat="31.9553494" lon="121.0787422"/>
  <node id="12083064920" lat="31.9551849" lon="121.0769845"/>
  <node id="12083064921" lat="31.9551013" lon="121.0759430"/>
  <node id="12083064922" lat="31.9550567" lon="121.0747472"/>
  <node id="12083064923" lat="31.9549926" lon="121.0710839"/>
  <node id="12083064924" lat="31.9549431" lon="121.0700939"/>
  <node id="12083064925" lat="31.9548104" lon="121.0688077"/>
  <node id="12556774611" lat="31.9550439" lon="121.0739170">
    <tag k="bus" v="yes"/>
    <tag k="name" v="志南公寓"/>
    <tag k="name:zh" v="志南公寓"/>
    <tag k="public_transport" v="stop_position"/>
  </node>
  <node id="12556774614" lat="31.9596816" lon="121.0825072">
    <tag k="bus" v="yes"/>
    <tag k="name" v="震蒙大道星海路南"/>
    <tag k="name:zh" v="震蒙大道星海路南"/>
    <tag k="public_transport" v="stop_position"/>
  </node>
  <node id="12556774615" lat="31.9599513" lon="121.0824892">
    <tag k="bus" v="yes"/>
    <tag k="name" v="震蒙大道星海路南"/>
    <tag k="name:zh" v="震蒙大道星海路南"/>
    <tag k="public_transport" v="stop_position"/>
  </node>
  <node id="12556774618" lat="31.9624729" lon="121.0777098">
    <tag k="bus" v="yes"/>
    <tag k="name" v="人才市场"/>
    <tag k="name:zh" v="人才市场"/>
    <tag k="public_transport" v="stop_position"/>
  </node>
  <node id="12556774619" lat="31.9624028" lon="121.0769105">
    <tag k="bus" v="yes"/>
    <tag k="name" v="人才市场"/>
    <tag k="name:zh" v="人才市场"/>
    <tag k="public_transport" v="stop_position"/>
  </node>
  <node id="12556774622" lat="31.9647058" lon="121.0755908">
    <tag k="bus" v="yes"/>
    <tag k="name" v="家纺城16号门"/>
    <tag k="name:zh" v="家纺城16号门"/>
    <tag k="public_transport" v="stop_position"/>
  </node>
  <node id="12556774624" lat="31.9645055" lon="121.0756177">
    <tag k="bus" v="yes"/>
    <tag k="name" v="家纺城16号门"/>
    <tag k="name:zh" v="家纺城16号门"/>
    <tag k="public_transport" v="stop_position"/>
  </node>
  <node id="12556774625" lat="31.9648367" lon="121.0765770"/>
  <node id="12556774626" lat="31.9644554" lon="121.0765511"/>
  <node id="12556774627" lat="31.9643303" lon="121.0756552"/>
  <node id="12578759272" lat="31.9618287" lon="121.1116157">
    <tag k="bus" v="yes"/>
    <tag k="name" v="三星镇"/>
    <tag k="name:zh" v="三星镇"/>
    <tag k="public_transport" v="stop_position"/>
  </node>
  <node id="12578759274" lat="31.9551791" lon="121.0939427">
    <tag k="bus" v="yes"/>
    <tag k="name" v="商务大厦"/>
    <tag k="name:zh" v="商务大厦"/>
    <tag k="public_transport" v="stop_position"/>
  </node>
  <node id="12578759275" lat="31.9552420" lon="121.0942188">
    <tag k="bus" v="yes"/>
    <tag k="name" v="商务大厦"/>
    <tag k="name:zh" v="商务大厦"/>
    <tag k="public_transport" v="stop_position"/>
  </node>
  <node id="12578759392" lat="31.9552437" lon="121.0957315"/>
  <node id="12578759393" lat="31.9552437" lon="121.0952353"/>
  <node id="12578759394" lat="31.9553119" lon="121.0903591"/>
  <node id="12578759401" lat="31.9548245" lon="121.1132092"/>
  <node id="12578759402" lat="31.9548247" lon="121.1130818"/>
  <node id="12578759403" lat="31.9548889" lon="121.1099072"/>
  <node id="12578759404" lat="31.9549472" lon="121.1056887"/>
  <node id="12578759405" lat="31.9550428" lon="121.1008771"/>
  <node id="12578759406" lat="31.9550372" lon="121.1005960"/>
  <node id="12578759407" lat="31.9551162" lon="121.0973811"/>
  <node id="12578759408" lat="31.9551883" lon="121.0927975"/>
  <node id="12578759409" lat="31.9552528" lon="121.0896027"/>
  <node id="12578759414" lat="31.9552159" lon="121.0892165"/>
  <node id="12578759415" lat="31.9554121" lon="121.0893023"/>
  <node id="12579466185" lat="31.9621575" lon="121.0984447">
    <tag k="bus" v="yes"/>
    <tag k="name" v="金色阳光花苑"/>
    <tag k="name:zh" v="金色阳光花苑"/>
    <tag k="public_transport" v="stop_position"/>
  </node>
  <node id="12579466186" lat="31.9622273" lon="121.0984663">
    <tag k="bus" v="yes"/>
    <tag k="name" v="金色阳光花苑"/>
    <tag k="name:zh" v="金色阳光花苑"/>
    <tag k="public_transport" v="stop_position"/>
  </node>
  <node id="12579466189" lat="31.9672616" lon="121.0757634">
    <tag k="bus" v="yes"/>
    <tag k="name" v="家纺城1号门"/>
    <tag k="name:zh" v="家纺城1号门"/>
    <tag k="public_transport" v="stop_position"/>
  </node>
  <node id="12579466190" lat="31.9673202" lon="121.0786228">
    <tag k="bus" v="yes"/>
    <tag k="name" v="家纺城3号门"/>
    <tag k="name:zh" v="家纺城3号门"/>
    <tag k="public_transport" v="stop_position"/>
  </node>
  <node id="12579466191" lat="31.9673627" lon="121.0811769">
    <tag k="bus" v="yes"/>
    <tag k="name" v="家纺城6号门"/>
    <tag k="name:zh" v="家纺城6号门"/>
    <tag k="public_transport" v="stop_position"/>
  </node>
  <node id="12579466192" lat="31.9671758" lon="121.0848754">
    <tag k="bus" v="yes"/>
    <tag k="name" v="加油站"/>
    <tag k="name:zh" v="加油站"/>
    <tag k="public_transport" v="stop_position"/>
  </node>
  <node id="12579466193" lat="31.9659846" lon="121.0871085">
    <tag k="bus" v="yes"/>
    <tag k="name" v="叠石桥客运中心"/>
    <tag k="name:zh" v="叠石桥客运中心"/>
    <tag k="public_transport" v="stop_position"/>
  </node>
  <node id="12579466194" lat="31.9642643" lon="121.0873406">
    <tag k="bus" v="yes"/>
    <tag k="name" v="叠石桥客运中心"/>
    <tag k="name:zh" v="叠石桥客运中心"/>
    <tag k="public_transport" v="stop_position"/>
  </node>
  <node id="12579466195" lat="31.9624689" lon="121.0892880">
    <tag k="bus" v="yes"/>
    <tag k="name" v="叠港路口"/>
    <tag k="name:zh" v="叠港路口"/>
    <tag k="public_transport" v="stop_position"/>
  </node>
  <node id="12579466196" lat="31.9625344" lon="121.0892911">
    <tag k="bus" v="yes"/>
    <tag k="name" v="叠港路口"/>
    <tag k="name:zh" v="叠港路口"/>
    <tag k="public_transport" v="stop_position"/>
  </node>
  <node id="12579466197" lat="31.9624058" lon="121.0924953">
    <tag k="bus" v="yes"/>
    <tag k="name" v="丰迪家纺"/>
    <tag k="name:zh" v="丰迪家纺"/>
    <tag k="public_transport" v="stop_position"/>
  </node>
  <node id="12579466198" lat="31.9624982" lon="121.0919585">
    <tag k="bus" v="yes"/>
    <tag k="name" v="丰迪家纺"/>
    <tag k="name:zh" v="丰迪家纺"/>
    <tag k="public_transport" v="stop_position"/>
  </node>
  <node id="12579466199" lat="31.9622897" lon="121.0956190">
    <tag k="bus" v="yes"/>
    <tag k="name" v="秀竹路口"/>
    <tag k="name:zh" v="秀竹路口"/>
    <tag k="public_transport" v="stop_position"/>
  </node>
  <node id="12579466200" lat="31.9623508" lon="121.0956341">
    <tag k="bus" v="yes"/>
    <tag k="name" v="秀竹路口"/>
    <tag k="name:zh" v="秀竹路口"/>
    <tag k="public_transport" v="stop_position"/>
  </node>
  <node id="12579469601" lat="31.9620481" lon="121.1010014">
    <tag k="bus" v="yes"/>
    <tag k="name" v="三星消防队"/>
    <tag k="name:zh" v="三星消防队"/>
    <tag k="public_transport" v="stop_position"/>
  </node>
  <node id="12579469602" lat="31.9620749" lon="121.1019443">
    <tag k="bus" v="yes"/>
    <tag k="name" v="三星消防队"/>
    <tag k="name:zh" v="三星消防队"/>
    <tag k="public_transport" v="stop_position"/>
  </node>
  <node id="12579469603" lat="31.9618306" lon="121.1060339">
    <tag k="bus" v="yes"/>
    <tag k="name" v="个簃路口"/>
    <tag k="name:zh" v="个簃路口"/>
    <tag k="public_transport" v="stop_position"/>
  </node>
  <node id="12579469604" lat="31.9619629" lon="121.1045631">
    <tag k="bus" v="yes"/>
    <tag k="name" v="个簃路口"/>
    <tag k="name:zh" v="个簃路口"/>
    <tag k="public_transport" v="stop_position"/>
  </node>
  <node id="12579469605" lat="31.9618430" lon="121.1088878">
    <tag k="bus" v="yes"/>
    <tag k="name" v="镇中路口"/>
    <tag k="name:zh" v="镇中路口"/>
    <tag k="public_transport" v="stop_position"/>
  </node>
  <node id="12579469606" lat="31.9617682" lon="121.1100190">
    <tag k="bus" v="yes"/>
    <tag k="name" v="镇中路口"/>
    <tag k="name:zh" v="镇中路口"/>
    <tag k="public_transport" v="stop_position"/>
  </node>
  <node id="13041113661" lat="31.9589401" lon="121.0877740"/>
  <node id="13180754435" lat="31.9621873" lon="121.0874216"/>
  <node id="13180754436" lat="31.9577768" lon="121.0879552"/>
  <node id="13180754437" lat="31.9551195" lon="121.0889712"/>
  <node id="13180754438" lat="31.9552669" lon="121.0890069"/>
  <node id="13180754439" lat="31.9558081" lon="121.0884849"/>
  <node id="13180754440" lat="31.9558055" lon="121.0882927"/>
  <node id="13180754441" lat="31.9553496" lon="121.0877920"/>
  <node id="13180754442" lat="31.9551734" lon="121.0878062"/>
  <node id="13180754443" lat="31.9548069" lon="121.0882008"/>
  <node id="13180754444" lat="31.9547790" lon="121.0883892"/>
  <node id="13180754445" lat="31.9554168" lon="121.0889910"/>
  <node id="13180754446" lat="31.9555565" lon="121.0889250"/>
  <node id="13180754447" lat="31.9556741" lon="121.0888144"/>
  <node id="13180754448" lat="31.9557523" lon="121.0881110"/>
  <node id="13180754449" lat="31.9556537" lon="121.0879578"/>
  <node id="13180754450" lat="31.9550116" lon="121.0878893"/>
  <node id="13180754451" lat="31.9548021" lon="121.0885785"/>
  <node id="13180754452" lat="31.9548738" lon="121.0887500"/>
  <node id="13180754453" lat="31.9557564" lon="121.0880148"/>
  <node id="13180754455" lat="31.9562254" lon="121.0882111"/>
  <node id="13180754456" lat="31.9597504" lon="121.0877526"/>
  <node id="13180754457" lat="31.9624797" lon="121.0872894"/>
  <way id="189083204">
    <nd ref="1997306767"/>
    <nd ref="1999062881"/>
    <nd ref="1997306765"/>
    <nd ref="1999062871"/>
    <nd ref="1997306761"/>
    <nd ref="1999062869"/>
    <nd ref="1999062863"/>
    <nd ref="1997306760"/>
    <nd ref="8913627893"/>
    <nd ref="8913627882"/>
    <nd ref="1999062843"/>
    <nd ref="1997306756"/>
    <nd ref="1999062842"/>
    <nd ref="1997306755"/>
    <nd ref="1997306754"/>
    <nd ref="1997306752"/>
    <tag k="highway" v="tertiary"/>
  </way>
  <way id="189083282">
    <nd ref="4826426259"/>
    <nd ref="1999061873"/>
    <nd ref="1999061876"/>
    <nd ref="4826426263"/>
    <nd ref="12083064911"/>
    <nd ref="12083064912"/>
    <nd ref="4826426265"/>
    <nd ref="4826426266"/>
    <nd ref="4826426267"/>
    <nd ref="1999061884"/>
    <nd ref="1997306565"/>
    <nd ref="1999061903"/>
    <tag k="highway" v="primary"/>
    <tag k="oneway" v="yes"/>
  </way>
  <way id="189083332">
    <nd ref="1997306707"/>
    <nd ref="1997306708"/>
    <nd ref="1999062529"/>
    <nd ref="1997306706"/>
    <nd ref="1999062528"/>
    <nd ref="1999062532"/>
    <nd ref="1997306709"/>
    <nd ref="1999062538"/>
    <nd ref="1999062541"/>
    <nd ref="1997306711"/>
    <nd ref="1999062540"/>
    <nd ref="1997306710"/>
    <nd ref="1997306712"/>
    <nd ref="1997306713"/>
    <nd ref="1997306715"/>
    <nd ref="1997306716"/>
    <nd ref="1997306724"/>
    <nd ref="1997306736"/>
    <nd ref="1997306737"/>
    <nd ref="1997306738"/>
    <nd ref="1999062663"/>
    <nd ref="1999062662"/>
    <nd ref="1997306735"/>
    <nd ref="1997306726"/>
    <tag k="highway" v="tertiary"/>
  </way>
  <way id="189083343">
    <nd ref="12083064917"/>
    <nd ref="7870782899"/>
    <nd ref="7870782898"/>
    <nd ref="12556774614"/>
    <nd ref="12556774615"/>
    <nd ref="7870782897"/>
    <nd ref="12083064879"/>
    <tag k="highway" v="tertiary"/>
  </way>
  <way id="189083357">
    <nd ref="12083064917"/>
    <nd ref="12083064918"/>
    <nd ref="12083064919"/>
    <nd ref="12083064920"/>
    <nd ref="12083064921"/>
    <nd ref="12083064922"/>
    <nd ref="12556774611"/>
    <nd ref="4826426251"/>
    <nd ref="1999061877"/>
    <nd ref="12083064923"/>
    <nd ref="12083064924"/>
    <nd ref="12083064925"/>
    <nd ref="12083064909"/>
    <tag k="highway" v="primary"/>
    <tag k="oneway" v="yes"/>
  </way>
  <way id="189083453">
    <nd ref="1997306719"/>
    <nd ref="1997306744"/>
    <nd ref="11132162989"/>
    <nd ref="1997306749"/>
    <nd ref="11132162993"/>
    <nd ref="1997306752"/>
    <nd ref="1997306762"/>
    <nd ref="1997306769"/>
    <nd ref="1999062912"/>
    <nd ref="1997306781"/>
    <nd ref="1997306785"/>
    <nd ref="1997306790"/>
    <nd ref="3255263708"/>
    <nd ref="3258101954"/>
    <nd ref="1997306824"/>
    <nd ref="1997306876"/>
    <nd ref="1997306911"/>
    <nd ref="1997306922"/>
    <nd ref="1997306927"/>
    <nd ref="3255263701"/>
    <nd ref="1997306935"/>
    <nd ref="1997306940"/>
    <nd ref="1997306961"/>
    <nd ref="1997306965"/>
    <nd ref="1997306967"/>
    <nd ref="3255263689"/>
    <nd ref="1997306966"/>
    <nd ref="1997306963"/>
    <nd ref="1997306957"/>
    <nd ref="1997306958"/>
    <nd ref="1997306956"/>
    <nd ref="1997306959"/>
    <nd ref="1997306960"/>
    <nd ref="1997306962"/>
    <nd ref="1997306964"/>
    <nd ref="1997306969"/>
    <nd ref="1997306973"/>
    <nd ref="1997306975"/>
    <nd ref="1997306977"/>
    <nd ref="1997306978"/>
    <nd ref="1997306980"/>
    <nd ref="1997306981"/>
    <nd ref="1997306982"/>
    <nd ref="3258058959"/>
    <nd ref="8913627858"/>
    <nd ref="8913627884"/>
    <nd ref="1997306983"/>
    <nd ref="1997306985"/>
    <nd ref="3258060561"/>
    <nd ref="1997306986"/>
    <nd ref="1997306987"/>
    <nd ref="1997306988"/>
    <nd ref="1997306984"/>
    <nd ref="1997306979"/>
    <nd ref="1997306972"/>
    <nd ref="1997306970"/>
    <nd ref="1997306938"/>
    <nd ref="3258060565"/>
    <nd ref="1997306926"/>
    <nd ref="1997306831"/>
    <nd ref="1999062971"/>
    <nd ref="3258061170"/>
    <nd ref="1997306774"/>
    <nd ref="1997306761"/>
    <nd ref="1999062832"/>
    <nd ref="1999062825"/>
    <nd ref="1999062819"/>
    <nd ref="1999062805"/>
    <nd ref="1999062771"/>
    <tag k="highway" v="residential"/>
  </way>
  <way id="189083514">
    <nd ref="1997306693"/>
    <nd ref="1997306691"/>
    <nd ref="1999062395"/>
    <nd ref="1997306686"/>
    <tag k="highway" v="secondary"/>
  </way>
  <way id="189083517">
    <nd ref="1997306632"/>
    <nd ref="12083064882"/>
    <nd ref="1997306645"/>
    <nd ref="1997306650"/>
    <nd ref="1997306653"/>
    <nd ref="1997306655"/>
    <nd ref="1997306657"/>
    <tag k="highway" v="primary_link"/>
    <tag k="lanes" v="1"/>
    <tag k="oneway" v="yes"/>
  </way>
  <way id="189083528">
    <nd ref="1999062707"/>
    <nd ref="1999062786"/>
    <nd ref="1999062788"/>
    <nd ref="1997306747"/>
    <nd ref="1997306744"/>
    <nd ref="1997306742"/>
    <nd ref="1997306741"/>
    <nd ref="1997306739"/>
    <nd ref="11132163002"/>
    <nd ref="11132163001"/>
    <nd ref="8913627863"/>
    <nd ref="8913627864"/>
    <nd ref="8913627865"/>
    <nd ref="8913627866"/>
    <nd ref="8913627867"/>
    <nd ref="3258101933"/>
    <tag k="highway" v="tertiary"/>
  </way>
  <way id="189083529">
    <nd ref="1997306592"/>
    <nd ref="1997306596"/>
    <nd ref="8913627909"/>
    <nd ref="1999061981"/>
    <nd ref="1999061986"/>
    <tag k="highway" v="trunk"/>
    <tag k="lanes" v="2"/>
    <tag k="name" v="丹东线"/>
    <tag k="oneway" v="yes"/>
    <tag k="ref" v="G228;S510"/>
  </way>
  <way id="189083531">
    <nd ref="1997306665"/>
    <nd ref="1997306656"/>
    <nd ref="1997306654"/>
    <nd ref="1997306651"/>
    <nd ref="1997306646"/>
    <nd ref="1997306641"/>
    <nd ref="1997306633"/>
    <tag k="highway" v="secondary_link"/>
    <tag k="lanes" v="1"/>
    <tag k="oneway" v="yes"/>
  </way>
  <way id="189083532">
    <nd ref="1997306633"/>
    <nd ref="1999062149"/>
    <nd ref="1997306621"/>
    <nd ref="13041113661"/>
    <nd ref="1999062006"/>
    <nd ref="1999062002"/>
    <tag k="highway" v="trunk"/>
    <tag k="lanes" v="2"/>
    <tag k="name" v="丹东线"/>
    <tag k="oneway" v="yes"/>
    <tag k="ref" v="G228;S510"/>
  </way>
  <way id="189261966">
    <nd ref="1999062230"/>
    <nd ref="4826426270"/>
    <nd ref="4826426269"/>
    <nd ref="1999062046"/>
    <nd ref="1999062040"/>
    <nd ref="1999062029"/>
    <nd ref="1999061977"/>
    <nd ref="1999061940"/>
    <nd ref="1999061933"/>
    <nd ref="1999061916"/>
    <nd ref="1999061904"/>
    <nd ref="1999061877"/>
    <tag k="highway" v="service"/>
  </way>
  <way id="189261969">
    <nd ref="3258101947"/>
    <nd ref="3258101940"/>
    <nd ref="3258101946"/>
    <nd ref="3568491845"/>
    <nd ref="1999062186"/>
    <nd ref="2537096806"/>
    <nd ref="1999062201"/>
    <nd ref="1999062215"/>
    <nd ref="1999062220"/>
    <nd ref="1999062230"/>
    <nd ref="1999062240"/>
    <nd ref="1999062245"/>
    <nd ref="1999062251"/>
    <tag k="highway" v="tertiary"/>
  </way>
  <way id="189261972">
    <nd ref="1999062632"/>
    <nd ref="1997306719"/>
    <nd ref="1999062627"/>
    <nd ref="1999062623"/>
    <nd ref="1999062621"/>
    <nd ref="1999062628"/>
    <nd ref="1999062629"/>
    <nd ref="1999062630"/>
    <nd ref="1999062637"/>
    <nd ref="1999062645"/>
    <tag k="highway" v="residential"/>
  </way>
  <way id="189261974">
    <nd ref="1999062000"/>
    <nd ref="1999061996"/>
    <nd ref="7870782899"/>
    <nd ref="1999061995"/>
    <nd ref="1999061988"/>
    <nd ref="1999061982"/>
    <nd ref="1999061981"/>
    <nd ref="1999061976"/>
    <nd ref="1999061975"/>
    <nd ref="1999061973"/>
    <nd ref="8913627903"/>
    <nd ref="1999061967"/>
    <nd ref="1999061970"/>
    <tag k="highway" v="residential"/>
  </way>
  <way id="189261989">
    <nd ref="1999062656"/>
    <nd ref="1999062612"/>
    <nd ref="1999062576"/>
    <nd ref="1999062571"/>
    <nd ref="11134189415"/>
    <nd ref="1999062553"/>
    <nd ref="1999062549"/>
    <nd ref="1999062548"/>
    <nd ref="1999062552"/>
    <nd ref="1999062563"/>
    <nd ref="1999062579"/>
    <nd ref="1999062581"/>
    <nd ref="1999062589"/>
    <nd ref="1999062620"/>
    <tag k="highway" v="service"/>
    <tag k="service" v="driveway"/>
  </way>
  <way id="189261994">
    <nd ref="11134189310"/>
    <nd ref="1999062463"/>
    <nd ref="1999062455"/>
    <nd ref="12556774625"/>
    <nd ref="11134189374"/>
    <nd ref="1999062437"/>
    <nd ref="1999062431"/>
    <nd ref="11134189373"/>
    <nd ref="1999062428"/>
    <nd ref="1999062427"/>
    <nd ref="1999062432"/>
    <nd ref="1999062441"/>
    <nd ref="11134189372"/>
    <nd ref="1999062450"/>
    <nd ref="1999062459"/>
    <nd ref="1999062467"/>
    <nd ref="1999062469"/>
    <nd ref="1999062470"/>
    <nd ref="1999062471"/>
    <tag k="highway" v="service"/>
    <tag k="service" v="driveway"/>
  </way>
  <way id="189262001">
    <nd ref="1999062117"/>
    <nd ref="1999062119"/>
    <nd ref="1999062123"/>
    <nd ref="1999062142"/>
    <nd ref="1999062147"/>
    <nd ref="1999062180"/>
    <nd ref="1999062295"/>
    <nd ref="1999062301"/>
    <tag k="highway" v="residential"/>
  </way>
  <way id="189262017">
    <nd ref="1999062341"/>
    <nd ref="12083064878"/>
    <nd ref="1999062163"/>
    <tag k="highway" v="residential"/>
  </way>
  <way id="189262023">
    <nd ref="1999061986"/>
    <nd ref="1999062001"/>
    <tag k="bridge" v="yes"/>
    <tag k="highway" v="trunk"/>
    <tag k="lanes" v="2"/>
    <tag k="layer" v="1"/>
    <tag k="name" v="丹东线"/>
    <tag k="oneway" v="yes"/>
    <tag k="ref" v="G228;S510"/>
  </way>
  <way id="189262036">
    <nd ref="1999062421"/>
    <nd ref="1999062415"/>
    <tag k="highway" v="service"/>
    <tag k="service" v="alley"/>
  </way>
  <way id="189262037">
    <nd ref="1999062002"/>
    <nd ref="1999061985"/>
    <tag k="bridge" v="yes"/>
    <tag k="highway" v="trunk"/>
    <tag k="lanes" v="2"/>
    <tag k="layer" v="1"/>
    <tag k="name" v="丹东线"/>
    <tag k="oneway" v="yes"/>
    <tag k="ref" v="G228;S510"/>
  </way>
  <way id="189262044">
    <nd ref="1999062464"/>
    <nd ref="1999062460"/>
    <tag k="highway" v="service"/>
    <tag k="service" v="alley"/>
  </way>
  <way id="189262048">
    <nd ref="1999062111"/>
    <nd ref="1999062121"/>
    <nd ref="7870782897"/>
    <nd ref="1999062134"/>
    <nd ref="1999062130"/>
    <nd ref="1999062128"/>
    <nd ref="1999062143"/>
    <nd ref="1999062136"/>
    <nd ref="1999062145"/>
    <nd ref="1999062149"/>
    <nd ref="1999062151"/>
    <nd ref="1999062153"/>
    <nd ref="1999062157"/>
    <nd ref="1999062159"/>
    <nd ref="1999062161"/>
    <nd ref="1999062166"/>
    <nd ref="1999062174"/>
    <nd ref="1999062176"/>
    <nd ref="1999062178"/>
    <nd ref="1999062125"/>
    <nd ref="1999062052"/>
    <tag k="highway" v="residential"/>
  </way>
  <way id="189262050">
    <nd ref="1999062657"/>
    <nd ref="1999062613"/>
    <nd ref="1999062599"/>
    <nd ref="1999062578"/>
    <nd ref="1999062564"/>
    <nd ref="11134189314"/>
    <nd ref="1999062554"/>
    <nd ref="1999062551"/>
    <nd ref="1999062558"/>
    <nd ref="1999062569"/>
    <nd ref="1999062583"/>
    <nd ref="1999062591"/>
    <nd ref="1999062602"/>
    <nd ref="1999062624"/>
    <nd ref="11134189359"/>
    <nd ref="1999062617"/>
    <nd ref="1999062601"/>
    <nd ref="1999062590"/>
    <nd ref="1999062575"/>
    <nd ref="1999062565"/>
    <nd ref="1999062545"/>
    <nd ref="11134189313"/>
    <nd ref="1999062530"/>
    <nd ref="1999062525"/>
    <nd ref="1999062524"/>
    <nd ref="1999062523"/>
    <tag k="highway" v="service"/>
    <tag k="oneway" v="yes"/>
    <tag k="service" v="driveway"/>
  </way>
  <way id="189262054">
    <nd ref="1997306691"/>
    <nd ref="1999062468"/>
    <nd ref="1999062628"/>
    <tag k="highway" v="residential"/>
  </way>
  <way id="189262057">
    <nd ref="1999062659"/>
    <nd ref="1999062626"/>
    <nd ref="1999062591"/>
    <tag k="highway" v="service"/>
    <tag k="service" v="driveway"/>
  </way>
  <way id="189262067">
    <nd ref="1999062894"/>
    <nd ref="3255254536"/>
    <nd ref="1997306755"/>
    <nd ref="1999062788"/>
    <tag k="highway" v="residential"/>
  </way>
  <way id="189262074">
    <nd ref="1999062653"/>
    <nd ref="1999062608"/>
    <nd ref="1999062581"/>
    <tag k="highway" v="service"/>
    <tag k="service" v="driveway"/>
  </way>
  <way id="189262076">
    <nd ref="1999062403"/>
    <nd ref="1999062402"/>
    <nd ref="1999062401"/>
    <tag k="highway" v="service"/>
    <tag k="service" v="alley"/>
  </way>
  <way id="189262077">
    <nd ref="1999062524"/>
    <nd ref="1999062518"/>
    <nd ref="11134189312"/>
    <nd ref="1999062469"/>
    <tag k="highway" v="service"/>
    <tag k="service" v="driveway"/>
  </way>
  <way id="189262093">
    <nd ref="1999062612"/>
    <nd ref="1999062610"/>
    <nd ref="1999062609"/>
    <nd ref="1999062608"/>
    <tag k="highway" v="service"/>
    <tag k="service" v="parking_aisle"/>
  </way>
  <way id="189262100">
    <nd ref="1999062496"/>
    <nd ref="8913627895"/>
    <tag k="highway" v="residential"/>
  </way>
  <way id="189262105">
    <nd ref="3568491846"/>
    <nd ref="1999062519"/>
    <nd ref="1997306705"/>
    <nd ref="1999062516"/>
    <nd ref="1999062515"/>
    <tag k="highway" v="residential"/>
  </way>
  <way id="189262108">
    <nd ref="11134189368"/>
    <nd ref="1999062447"/>
    <nd ref="1999062451"/>
    <nd ref="1999062469"/>
    <tag k="highway" v="service"/>
    <tag k="service" v="driveway"/>
  </way>
  <way id="189262110">
    <nd ref="12083064877"/>
    <nd ref="8913627868"/>
    <nd ref="1999062097"/>
    <nd ref="1999062105"/>
    <nd ref="1999062111"/>
    <tag k="highway" v="residential"/>
  </way>
  <way id="189262119">
    <nd ref="1999062626"/>
    <nd ref="1999062615"/>
    <nd ref="1999062616"/>
    <nd ref="1999062614"/>
    <nd ref="1999062613"/>
    <tag k="highway" v="service"/>
    <tag k="service" v="parking_aisle"/>
  </way>
  <way id="189262121">
    <nd ref="1999061884"/>
    <nd ref="1999061841"/>
    <nd ref="1999061793"/>
    <nd ref="1999061748"/>
    <nd ref="1999061713"/>
    <tag k="highway" v="residential"/>
  </way>
  <way id="189262129">
    <nd ref="1999062614"/>
    <nd ref="1999062641"/>
    <nd ref="1999062642"/>
    <nd ref="1999062616"/>
    <nd ref="1999062597"/>
    <nd ref="1999062595"/>
    <nd ref="1999062614"/>
    <tag k="highway" v="service"/>
    <tag k="service" v="parking_aisle"/>
  </way>
  <way id="189262132">
    <nd ref="1999062402"/>
    <nd ref="1999062421"/>
    <nd ref="1999062464"/>
    <nd ref="1999062483"/>
    <nd ref="1999062514"/>
    <nd ref="1999062509"/>
    <tag k="highway" v="service"/>
    <tag k="service" v="alley"/>
  </way>
  <way id="189262134">
    <nd ref="1999062636"/>
    <nd ref="1999062638"/>
    <nd ref="1999062610"/>
    <nd ref="1999062593"/>
    <nd ref="11134189315"/>
    <nd ref="1999062592"/>
    <nd ref="1999062609"/>
    <nd ref="1999062636"/>
    <tag k="highway" v="service"/>
    <tag k="service" v="parking_aisle"/>
  </way>
  <way id="189262146">
    <nd ref="1999062001"/>
    <nd ref="1999062004"/>
    <nd ref="13180754456"/>
    <nd ref="1997306623"/>
    <nd ref="1999062151"/>
    <nd ref="1997306632"/>
    <nd ref="1997306648"/>
    <nd ref="13180754435"/>
    <nd ref="12083064884"/>
    <nd ref="12083064876"/>
    <tag k="highway" v="trunk"/>
    <tag k="lanes" v="2"/>
    <tag k="name" v="丹东线"/>
    <tag k="oneway" v="yes"/>
    <tag k="ref" v="G228;S510"/>
  </way>
  <way id="189262147">
    <nd ref="1999062043"/>
    <nd ref="1999062054"/>
    <nd ref="1999062045"/>
    <nd ref="1999062044"/>
    <nd ref="1999062041"/>
    <nd ref="1999062028"/>
    <nd ref="1999062019"/>
    <tag k="highway" v="service"/>
  </way>
  <way id="189262148">
    <nd ref="1999062469"/>
    <nd ref="11134189311"/>
    <nd ref="1999062474"/>
    <nd ref="1999062473"/>
    <nd ref="1999062476"/>
    <nd ref="1999062479"/>
    <nd ref="1999062490"/>
    <nd ref="1999062492"/>
    <tag k="highway" v="service"/>
    <tag k="service" v="driveway"/>
  </way>
  <way id="189262150">
    <nd ref="1999061985"/>
    <nd ref="1999061982"/>
    <nd ref="13180754436"/>
    <nd ref="1997306605"/>
    <nd ref="8913627908"/>
    <nd ref="13180754455"/>
    <nd ref="1997306594"/>
    <nd ref="1997306590"/>
    <tag k="highway" v="trunk"/>
    <tag k="lanes" v="2"/>
    <tag k="name" v="丹东线"/>
    <tag k="oneway" v="yes"/>
    <tag k="ref" v="G228;S510"/>
  </way>
  <way id="189262154">
    <nd ref="1999062623"/>
    <nd ref="1999062515"/>
    <nd ref="1999062395"/>
    <nd ref="1999062215"/>
    <nd ref="1999062209"/>
    <nd ref="1999062043"/>
    <nd ref="1999061899"/>
    <nd ref="12083064924"/>
    <nd ref="1999061876"/>
    <tag k="highway" v="residential"/>
  </way>
  <way id="189262161">
    <nd ref="1999061902"/>
    <nd ref="1999061891"/>
    <nd ref="1999061886"/>
    <nd ref="1999061878"/>
    <nd ref="1999061871"/>
    <nd ref="1999061870"/>
    <nd ref="1999061889"/>
    <nd ref="1999061890"/>
    <tag k="highway" v="residential"/>
  </way>
  <way id="189262166">
    <nd ref="1999061987"/>
    <nd ref="1999061993"/>
    <nd ref="1999061999"/>
    <nd ref="1999062004"/>
    <nd ref="1999062006"/>
    <nd ref="1999062010"/>
    <nd ref="1999062013"/>
    <nd ref="1999062017"/>
    <nd ref="7870782898"/>
    <nd ref="1999062020"/>
    <tag k="highway" v="residential"/>
  </way>
  <way id="319114587">
    <nd ref="3255263707"/>
    <nd ref="3255254533"/>
    <nd ref="3255254534"/>
    <tag k="highway" v="tertiary"/>
  </way>
  <way id="319114588">
    <nd ref="3255254535"/>
    <nd ref="3255254534"/>
    <nd ref="3255254536"/>
    <tag k="highway" v="residential"/>
  </way>
  <way id="319392156">
    <nd ref="3258041960"/>
    <nd ref="8913627855"/>
    <nd ref="8913627856"/>
    <nd ref="8913627857"/>
    <nd ref="8913627858"/>
    <nd ref="8913627859"/>
    <nd ref="8913627860"/>
    <nd ref="8913627861"/>
    <nd ref="8913627862"/>
    <nd ref="1997306950"/>
    <nd ref="8913627873"/>
    <nd ref="8913627874"/>
    <nd ref="8913627875"/>
    <nd ref="8913627876"/>
    <nd ref="8913627877"/>
    <nd ref="8913627878"/>
    <nd ref="8913627879"/>
    <nd ref="8913627880"/>
    <nd ref="8913627882"/>
    <nd ref="8913627881"/>
    <nd ref="8913627899"/>
    <tag k="highway" v="trunk"/>
    <tag k="name" v="丹东线"/>
    <tag k="oneway" v="yes"/>
    <tag k="ref" v="G228"/>
    <tag k="surface" v="asphalt"/>
  </way>
  <way id="319392408">
    <nd ref="1997306726"/>
    <nd ref="8913627894"/>
    <nd ref="8913627893"/>
    <nd ref="8913627892"/>
    <nd ref="8913627891"/>
    <nd ref="8913627890"/>
    <nd ref="8913627889"/>
    <nd ref="1997306814"/>
    <nd ref="8913627888"/>
    <nd ref="8913627887"/>
    <nd ref="3258060563"/>
    <nd ref="8913627886"/>
    <nd ref="1997306949"/>
    <nd ref="3258058958"/>
    <nd ref="8913627885"/>
    <nd ref="8913627884"/>
    <nd ref="8913627883"/>
    <nd ref="3258041968"/>
    <tag k="highway" v="trunk"/>
    <tag k="name" v="丹东线"/>
    <tag k="oneway" v="yes"/>
    <tag k="ref" v="G228"/>
    <tag k="surface" v="asphalt"/>
  </way>
  <way id="319398657">
    <nd ref="1772546817"/>
    <nd ref="1999062840"/>
    <nd ref="11115716506"/>
    <nd ref="11132216986"/>
    <nd ref="11115716505"/>
    <nd ref="1997306752"/>
    <tag k="highway" v="tertiary"/>
    <tag k="surface" v="asphalt"/>
  </way>
  <way id="490459976">
    <nd ref="1999062142"/>
    <nd ref="4826426250"/>
    <nd ref="4826426249"/>
    <nd ref="4826426248"/>
    <nd ref="1999062097"/>
    <tag k="highway" v="service"/>
  </way>
  <way id="490459977">
    <nd ref="1999062251"/>
    <nd ref="1999062117"/>
    <nd ref="1999062021"/>
    <nd ref="4826426258"/>
    <nd ref="4826426257"/>
    <nd ref="4826426256"/>
    <nd ref="4826426255"/>
    <nd ref="4826426254"/>
    <nd ref="4826426253"/>
    <nd ref="4826426251"/>
    <tag k="highway" v="service"/>
  </way>
  <way id="490463808">
    <nd ref="1999062356"/>
    <nd ref="1999062394"/>
    <nd ref="11134189309"/>
    <tag k="highway" v="tertiary"/>
  </way>
  <way id="850789733">
    <nd ref="12083064876"/>
    <nd ref="1997306664"/>
    <tag k="highway" v="primary"/>
    <tag k="name" v="德三公路"/>
    <tag k="oneway" v="yes"/>
  </way>
  <way id="850789741">
    <nd ref="1997306635"/>
    <nd ref="1997306634"/>
    <nd ref="12578759272"/>
    <nd ref="1999062284"/>
    <nd ref="12579469605"/>
    <nd ref="7934288484"/>
    <nd ref="1997306640"/>
    <nd ref="1999062286"/>
    <nd ref="12579469604"/>
    <nd ref="7934288481"/>
    <nd ref="12579469602"/>
    <nd ref="1997306647"/>
    <nd ref="1999062305"/>
    <nd ref="1999062307"/>
    <nd ref="12579466186"/>
    <nd ref="12579466200"/>
    <nd ref="1999062331"/>
    <nd ref="12579466198"/>
    <nd ref="1997306661"/>
    <nd ref="12579466196"/>
    <nd ref="1997306662"/>
    <nd ref="12083064876"/>
    <tag k="highway" v="primary"/>
    <tag k="name" v="德三公路"/>
    <tag k="oneway" v="yes"/>
  </way>
  <way id="850789742">
    <nd ref="1997306660"/>
    <nd ref="1999062341"/>
    <nd ref="12556774618"/>
    <nd ref="1999062356"/>
    <tag k="highway" v="secondary"/>
    <tag k="oneway" v="yes"/>
  </way>
  <way id="850789744">
    <nd ref="1997306723"/>
    <nd ref="1997306725"/>
    <nd ref="1997306728"/>
    <nd ref="1997306732"/>
    <nd ref="12579466191"/>
    <nd ref="1997306734"/>
    <nd ref="1997306733"/>
    <nd ref="1999062659"/>
    <nd ref="1999062657"/>
    <nd ref="12579466190"/>
    <nd ref="1999062656"/>
    <nd ref="1997306730"/>
    <nd ref="1999062653"/>
    <nd ref="1997306727"/>
    <nd ref="12579466189"/>
    <nd ref="1999062651"/>
    <nd ref="1999062645"/>
    <tag k="highway" v="tertiary"/>
  </way>
  <way id="850789745">
    <nd ref="1999062645"/>
    <nd ref="1999062707"/>
    <nd ref="1999062842"/>
    <tag k="highway" v="tertiary"/>
  </way>
  <way id="850789746">
    <nd ref="7936911109"/>
    <nd ref="11134189305"/>
    <nd ref="1999062645"/>
    <tag k="highway" v="tertiary"/>
  </way>
  <way id="963633654">
    <nd ref="8913627896"/>
    <nd ref="1999062483"/>
    <nd ref="1999062477"/>
    <tag k="highway" v="residential"/>
  </way>
  <way id="963633655">
    <nd ref="8913627899"/>
    <nd ref="12579466193"/>
    <nd ref="8913627897"/>
    <nd ref="8913627896"/>
    <nd ref="1999062403"/>
    <nd ref="1997306664"/>
    <tag k="highway" v="trunk"/>
    <tag k="name" v="丹东线"/>
    <tag k="oneway" v="yes"/>
    <tag k="ref" v="G228"/>
  </way>
  <way id="963633656">
    <nd ref="12083064876"/>
    <nd ref="12579466194"/>
    <nd ref="8913627895"/>
    <nd ref="8913627898"/>
    <nd ref="1997306726"/>
    <tag k="highway" v="trunk"/>
    <tag k="name" v="丹东线"/>
    <tag k="oneway" v="yes"/>
    <tag k="ref" v="G228"/>
  </way>
  <way id="963633657">
    <nd ref="1997306726"/>
    <nd ref="8913627899"/>
    <tag k="highway" v="tertiary"/>
  </way>
  <way id="963633661">
    <nd ref="8913627908"/>
    <nd ref="8913627909"/>
    <nd ref="8913627907"/>
    <nd ref="8913627901"/>
    <tag k="highway" v="tertiary"/>
  </way>
  <way id="1038007559">
    <nd ref="1999062509"/>
    <nd ref="1999062477"/>
    <nd ref="1999062460"/>
    <nd ref="1999062415"/>
    <nd ref="1999062401"/>
    <tag k="highway" v="service"/>
    <tag k="service" v="alley"/>
  </way>
  <way id="1200836421">
    <nd ref="11134189305"/>
    <nd ref="11134187804"/>
    <nd ref="11134187803"/>
    <nd ref="11134187802"/>
    <nd ref="11134187801"/>
    <nd ref="11134187800"/>
    <nd ref="11134187799"/>
    <nd ref="1999062620"/>
    <tag k="highway" v="service"/>
    <tag k="service" v="driveway"/>
  </way>
  <way id="1200836422">
    <nd ref="11134189310"/>
    <nd ref="11134189308"/>
    <nd ref="11134189307"/>
    <nd ref="11134189306"/>
    <tag k="highway" v="service"/>
    <tag k="service" v="driveway"/>
  </way>
  <way id="1304640637">
    <nd ref="1999062301"/>
    <nd ref="8913627869"/>
    <nd ref="8913627870"/>
    <nd ref="8913627871"/>
    <nd ref="8913627872"/>
    <nd ref="1997306693"/>
    <tag k="highway" v="secondary"/>
  </way>
  <way id="1304640638">
    <nd ref="12083064877"/>
    <nd ref="12556774619"/>
    <nd ref="12083064878"/>
    <nd ref="12083064879"/>
    <tag k="highway" v="secondary"/>
    <tag k="oneway" v="yes"/>
  </way>
  <way id="1304640639">
    <nd ref="12083064880"/>
    <nd ref="12083064884"/>
    <nd ref="1997306657"/>
    <nd ref="12083064883"/>
    <nd ref="12579466195"/>
    <nd ref="12083064885"/>
    <nd ref="12579466197"/>
    <nd ref="12083064875"/>
    <nd ref="12579466199"/>
    <nd ref="12579466185"/>
    <nd ref="12083064886"/>
    <nd ref="12083064887"/>
    <nd ref="12579469601"/>
    <nd ref="12083064888"/>
    <nd ref="12579469603"/>
    <nd ref="12083064889"/>
    <nd ref="12083064890"/>
    <nd ref="12083064891"/>
    <nd ref="12579469606"/>
    <nd ref="12083064870"/>
    <tag k="highway" v="primary"/>
    <tag k="name" v="德三公路"/>
    <tag k="oneway" v="yes"/>
  </way>
  <way id="1304640640">
    <nd ref="1997306664"/>
    <nd ref="13180754457"/>
    <nd ref="12083064880"/>
    <tag k="highway" v="trunk"/>
    <tag k="lanes" v="2"/>
    <tag k="name" v="丹东线"/>
    <tag k="oneway" v="yes"/>
    <tag k="ref" v="G228;S510"/>
  </way>
  <way id="1304640646">
    <nd ref="12083064925"/>
    <nd ref="1999061894"/>
    <nd ref="1999061959"/>
    <nd ref="1999062054"/>
    <tag k="highway" v="service"/>
  </way>
  <way id="1356708771">
    <nd ref="1997306568"/>
    <nd ref="1997306561"/>
    <nd ref="12083064916"/>
    <tag k="highway" v="primary"/>
    <tag k="oneway" v="yes"/>
  </way>
  <way id="1356708772">
    <nd ref="1999061903"/>
    <nd ref="12083064917"/>
    <tag k="highway" v="tertiary"/>
  </way>
  <way id="1356708773">
    <nd ref="12083064879"/>
    <nd ref="1997306660"/>
    <tag k="highway" v="tertiary"/>
  </way>
  <way id="1356708774">
    <nd ref="12083064879"/>
    <nd ref="1997306665"/>
    <tag k="highway" v="secondary"/>
    <tag k="oneway" v="yes"/>
  </way>
  <way id="1356708775">
    <nd ref="1999062301"/>
    <nd ref="12083064877"/>
    <tag k="highway" v="secondary"/>
    <tag k="oneway" v="yes"/>
  </way>
  <way id="1356708776">
    <nd ref="1999062356"/>
    <nd ref="12083064877"/>
    <tag k="highway" v="residential"/>
  </way>
  <way id="1356708777">
    <nd ref="12556774622"/>
    <nd ref="12556774624"/>
    <tag k="highway" v="service"/>
    <tag k="service" v="driveway"/>
  </way>
  <way id="1356708778">
    <nd ref="12556774624"/>
    <nd ref="12556774627"/>
    <nd ref="12556774626"/>
    <nd ref="12556774625"/>
    <tag k="highway" v="service"/>
    <tag k="service" v="driveway"/>
  </way>
  <way id="1356708779">
    <nd ref="11134189309"/>
    <nd ref="11134189310"/>
    <nd ref="12556774622"/>
    <tag k="highway" v="service"/>
    <tag k="service" v="driveway"/>
  </way>
  <way id="1356708780">
    <nd ref="11134189309"/>
    <nd ref="7936911109"/>
    <tag k="highway" v="tertiary"/>
  </way>
  <way id="1356708781">
    <nd ref="1999062356"/>
    <nd ref="1999062301"/>
    <tag k="highway" v="secondary"/>
    <tag k="oneway" v="yes"/>
  </way>
  <way id="1356708782">
    <nd ref="1997306664"/>
    <nd ref="12083064881"/>
    <nd ref="1997306660"/>
    <tag k="highway" v="secondary"/>
    <tag k="oneway" v="yes"/>
  </way>
  <way id="1356708783">
    <nd ref="1997306660"/>
    <nd ref="1999062471"/>
    <nd ref="1997306704"/>
    <nd ref="1999062523"/>
    <nd ref="1997306723"/>
    <tag k="highway" v="tertiary"/>
  </way>
  <way id="1356708784">
    <nd ref="1997306559"/>
    <nd ref="12083064914"/>
    <nd ref="12083064915"/>
    <nd ref="1997306537"/>
    <tag k="highway" v="primary"/>
    <tag k="oneway" v="yes"/>
  </way>
  <way id="1359026956">
    <nd ref="1999061903"/>
    <nd ref="1999061902"/>
    <nd ref="1997306559"/>
    <tag k="highway" v="primary"/>
    <tag k="oneway" v="yes"/>
  </way>
  <way id="1359026958">
    <nd ref="12083064916"/>
    <nd ref="12083064913"/>
    <nd ref="12083064917"/>
    <tag k="highway" v="primary"/>
    <tag k="oneway" v="yes"/>
  </way>
  <way id="1359026960">
    <nd ref="12578759414"/>
    <nd ref="12578759409"/>
    <nd ref="12578759408"/>
    <nd ref="12578759274"/>
    <nd ref="1999061897"/>
    <nd ref="12578759407"/>
    <nd ref="12578759406"/>
    <nd ref="12578759405"/>
    <nd ref="12578759404"/>
    <nd ref="12578759403"/>
    <nd ref="12578759402"/>
    <nd ref="12578759401"/>
    <tag k="highway" v="primary"/>
    <tag k="oneway" v="yes"/>
  </way>
  <way id="1359026961">
    <nd ref="1997306542"/>
    <nd ref="1999061892"/>
    <nd ref="1999061895"/>
    <nd ref="1997306549"/>
    <nd ref="1999061896"/>
    <nd ref="12578759392"/>
    <nd ref="12578759393"/>
    <nd ref="12578759275"/>
    <nd ref="1997306555"/>
    <nd ref="12578759394"/>
    <nd ref="1997306557"/>
    <tag k="highway" v="primary"/>
    <tag k="oneway" v="yes"/>
  </way>
  <way id="1359026964">
    <nd ref="1997306557"/>
    <nd ref="12578759415"/>
    <nd ref="1997306578"/>
    <tag k="highway" v="primary"/>
    <tag k="lanes" v="2"/>
    <tag k="oneway" v="yes"/>
    <tag k="ref" v="S510"/>
  </way>
  <way id="1359026965">
    <nd ref="1997306590"/>
    <nd ref="1997306584"/>
    <nd ref="13180754453"/>
    <nd ref="1997306568"/>
    <tag k="highway" v="trunk"/>
    <tag k="lanes" v="2"/>
    <tag k="name" v="丹东线"/>
    <tag k="oneway" v="yes"/>
    <tag k="ref" v="G228;S510"/>
  </way>
  <way id="1359026966">
    <nd ref="12083064880"/>
    <nd ref="1997306633"/>
    <tag k="highway" v="trunk"/>
    <tag k="lanes" v="2"/>
    <tag k="name" v="丹东线"/>
    <tag k="oneway" v="yes"/>
    <tag k="ref" v="G228;S510"/>
  </way>
  <way id="1359026967">
    <nd ref="1997306665"/>
    <nd ref="12083064880"/>
    <tag k="highway" v="secondary"/>
    <tag k="oneway" v="yes"/>
  </way>
  <way id="1359293886">
    <nd ref="1997306723"/>
    <nd ref="1999062843"/>
    <tag k="highway" v="tertiary"/>
  </way>
  <way id="1359293887">
    <nd ref="1997306721"/>
    <nd ref="1997306722"/>
    <nd ref="1997306723"/>
    <tag k="highway" v="tertiary"/>
  </way>
  <way id="1359293888">
    <nd ref="8913627899"/>
    <nd ref="12579466192"/>
    <nd ref="1997306720"/>
    <nd ref="1997306721"/>
    <tag k="highway" v="tertiary"/>
  </way>
  <way id="1434075063">
    <nd ref="1997306540"/>
    <nd ref="13180754437"/>
    <nd ref="13180754438"/>
    <nd ref="13180754445"/>
    <nd ref="13180754446"/>
    <nd ref="13180754447"/>
    <nd ref="1997306578"/>
    <nd ref="13180754439"/>
    <nd ref="13180754440"/>
    <nd ref="13180754448"/>
    <nd ref="13180754449"/>
    <nd ref="1997306568"/>
    <tag k="highway" v="trunk_link"/>
    <tag k="oneway" v="yes"/>
  </way>
  <way id="1434075064">
    <nd ref="1997306578"/>
    <nd ref="1997306587"/>
    <nd ref="1997306592"/>
    <tag k="highway" v="trunk"/>
    <tag k="lanes" v="2"/>
    <tag k="name" v="丹东线"/>
    <tag k="oneway" v="yes"/>
    <tag k="ref" v="G228;S510"/>
  </way>
  <way id="1434075065">
    <nd ref="1997306540"/>
    <nd ref="12578759414"/>
    <tag k="highway" v="primary"/>
    <tag k="lanes" v="2"/>
    <tag k="oneway" v="yes"/>
    <tag k="ref" v="S510"/>
  </way>
  <way id="1470810013">
    <nd ref="1997306568"/>
    <nd ref="13180754441"/>
    <nd ref="13180754442"/>
    <nd ref="13180754450"/>
    <nd ref="1997306537"/>
    <nd ref="13180754443"/>
    <nd ref="13180754444"/>
    <nd ref="13180754451"/>
    <nd ref="13180754452"/>
    <nd ref="1997306540"/>
    <tag k="highway" v="trunk_link"/>
    <tag k="oneway" v="yes"/>
  </way>
  <node id="3258101947" lat="31.9602567" lon="121.0551391"/>
  <node id="4826426259" lat="31.9540894" lon="121.0631624"/>
  <node id="12083064909" lat="31.9541856" lon="121.0631955"/>
  <node id="1999061873" lat="31.9547201" lon="121.0687408"/>
  <node id="1999061876" lat="31.9548554" lon="121.0700984"/>
  <node id="1999061894" lat="31.9551529" lon="121.0687774"/>
  <node id="1999061899" lat="31.9552754" lon="121.0700903"/>
  <node id="1999061959" lat="31.9580647" lon="121.0689990"/>
  <node id="4826426263" lat="31.9549065" lon="121.0710935"/>
  <node id="12083064923" lat="31.9549926" lon="121.0710839"/>
  <node id="12083064924" lat="31.9549431" lon="121.0700939"/>
  <node id="12083064925" lat="31.9548104" lon="121.0688077"/>
  <node id="1999061713" lat="31.9482108" lon="121.0793262"/>
  <node id="1999061748" lat="31.9489116" lon="121.0793517"/>
  <node id="1999061793" lat="31.9512252" lon="121.0792406"/>
  <node id="1999061877" lat="31.9550138" lon="121.0719794"/>
  <node id="1999061904" lat="31.9554479" lon="121.0720006"/>
  <node id="1999061916" lat="31.9560821" lon="121.0720568"/>
  <node id="1999061933" lat="31.9569865" lon="121.0720424"/>
  <node id="1999061940" lat="31.9575103" lon="121.0720634"/>
  <node id="1999061977" lat="31.9584637" lon="121.0721051"/>
  <node id="4826426251" lat="31.9550401" lon="121.0736734"/>
  <node id="4826426253" lat="31.9557992" lon="121.0737059"/>
  <node id="4826426254" lat="31.9564683" lon="121.0737060"/>
  <node id="4826426255" lat="31.9569599" lon="121.0737247"/>
  <node id="4826426256" lat="31.9572352" lon="121.0737730"/>
  <node id="4826426257" lat="31.9575879" lon="121.0738025"/>
  <node id="4826426258" lat="31.9583435" lon="121.0738481"/>
  <node id="4826426265" lat="31.9549644" lon="121.0747217"/>
  <node id="4826426266" lat="31.9550037" lon="121.0759443"/>
  <node id="4826426267" lat="31.9550816" lon="121.0769557"/>
  <node id="12083064911" lat="31.9549246" lon="121.0720222"/>
  <node id="12083064912" lat="31.9549511" lon="121.0736972"/>
  <node id="12083064920" lat="31.9551849" lon="121.0769845"/>
  <node id="12083064921" lat="31.9551013" lon="121.0759430"/>
  <node id="12083064922" lat="31.9550567" lon="121.0747472"/>
  <node id="12556774611" lat="31.9550439" lon="121.0739170"/>
  <node id="1997306565" lat="31.9554153" lon="121.0804255"/>
  <node id="1999061841" lat="31.9531145" lon="121.0789932"/>
  <node id="1999061870" lat="31.9545926" lon="121.0811896"/>
  <node id="1999061871" lat="31.9545969" lon="121.0816844"/>
  <node id="1999061878" lat="31.9547125" lon="121.0835274"/>
  <node id="1999061884" lat="31.9552519" lon="121.0787516"/>
  <node id="1999061889" lat="31.9549267" lon="121.0811088"/>
  <node id="1999061890" lat="31.9549396" lon="121.0805446"/>
  <node id="1999061903" lat="31.9553632" lon="121.0827588"/>
  <node id="1999061995" lat="31.9586301" lon="121.0828745"/>
  <node id="7870782899" lat="31.9586337" lon="121.0825791"/>
  <node id="12083064917" lat="31.9554378" lon="121.0827547"/>
  <node id="12083064918" lat="31.9554915" lon="121.0803750"/>
  <node id="12083064919" lat="31.9553494" lon="121.0787422"/>
  <node id="1999062019" lat="31.9588325" lon="121.0629709"/>
  <node id="1999062028" lat="31.9589909" lon="121.0632442"/>
  <node id="1999062041" lat="31.9592860" lon="121.0637012"/>
  <node id="1999062044" lat="31.9593902" lon="121.0639194"/>
  <node id="1999062045" lat="31.9594365" lon="121.0644992"/>
  <node id="1999062186" lat="31.9609248" lon="121.0628596"/>
  <node id="3258101940" lat="31.9606309" lon="121.0597700"/>
  <node id="3258101946" lat="31.9608812" lon="121.0624266"/>
  <node id="3568491845" lat="31.9609174" lon="121.0627808"/>
  <node id="1997306686" lat="31.9636557" lon="121.0679276"/>
  <node id="1999062043" lat="31.9596998" lon="121.0698838"/>
  <node id="1999062054" lat="31.9596824" lon="121.0691270"/>
  <node id="1999062201" lat="31.9613114" lon="121.0679230"/>
  <node id="1999062209" lat="31.9613168" lon="121.0698274"/>
  <node id="1999062215" lat="31.9614510" lon="121.0698280"/>
  <node id="1999062220" lat="31.9614481" lon="121.0709612"/>
  <node id="1999062395" lat="31.9637187" lon="121.0697368"/>
  <node id="2537096806" lat="31.9611473" lon="121.0660496"/>
  <node id="1772546817" lat="31.9702114" lon="121.0624055"/>
  <node id="1999062519" lat="31.9661081" lon="121.0626126"/>
  <node id="3258101933" lat="31.9676179" lon="121.0595644"/>
  <node id="3568491846" lat="31.9661163" lon="121.0625294"/>
  <node id="8913627863" lat="31.9675570" lon="121.0638334"/>
  <node id="8913627864" lat="31.9676141" lon="121.0633984"/>
  <node id="8913627865" lat="31.9677432" lon="121.0627257"/>
  <node id="8913627866" lat="31.9677449" lon="121.0625883"/>
  <node id="8913627867" lat="31.9677446" lon="121.0625097"/>
  <node id="11132163001" lat="31.9675638" lon="121.0641754"/>
  <node id="11132163002" lat="31.9676093" lon="121.0645670"/>
  <node id="1997306705" lat="31.9660633" lon="121.0658983"/>
  <node id="1997306719" lat="31.9671356" lon="121.0685945"/>
  <node id="1997306739" lat="31.9676796" lon="121.0652597"/>
  <node id="1997306741" lat="31.9677421" lon="121.0657798"/>
  <node id="1997306742" lat="31.9678877" lon="121.0670624"/>
  <node id="1997306744" lat="31.9680442" lon="121.0685443"/>
  <node id="1997306747" lat="31.9681960" lon="121.0709297"/>
  <node id="1997306749" lat="31.9688028" lon="121.0685021"/>
  <node id="1997306752" lat="31.9698626" lon="121.0684721"/>
  <node id="1997306754" lat="31.9699256" lon="121.0699252"/>
  <node id="1997306762" lat="31.9710169" lon="121.0684418"/>
  <node id="1999062515" lat="31.9660329" lon="121.0697015"/>
  <node id="1999062516" lat="31.9660561" lon="121.0675734"/>
  <node id="1999062621" lat="31.9670295" lon="121.0703341"/>
  <node id="1999062623" lat="31.9670374" lon="121.0698524"/>
  <node id="1999062627" lat="31.9670500" lon="121.0690898"/>
  <node id="1999062632" lat="31.9670991" lon="121.0680770"/>
  <node id="1999062840" lat="31.9698980" lon="121.0647231"/>
  <node id="11115716505" lat="31.9697937" lon="121.0668468"/>
  <node id="11115716506" lat="31.9698402" lon="121.0652710"/>
  <node id="11132162989" lat="31.9681340" lon="121.0685378"/>
  <node id="11132162993" lat="31.9697640" lon="121.0684737"/>
  <node id="11132216986" lat="31.9698119" lon="121.0660314"/>
  <node id="1997306691" lat="31.9637747" lon="121.0717977"/>
  <node id="1997306693" lat="31.9638700" lon="121.0739018"/>
  <node id="1999062021" lat="31.9588769" lon="121.0738037"/>
  <node id="1999062029" lat="31.9590325" lon="121.0721437"/>
  <node id="1999062040" lat="31.9592425" lon="121.0721281"/>
  <node id="1999062046" lat="31.9594767" lon="121.0720338"/>
  <node id="1999062097" lat="31.9599276" lon="121.0759868"/>
  <node id="1999062105" lat="31.9599931" lon="121.0776025"/>
  <node id="1999062117" lat="31.9601928" lon="121.0736214"/>
  <node id="1999062119" lat="31.9602218" lon="121.0745588"/>
  <node id="1999062123" lat="31.9602768" lon="121.0751692"/>
  <node id="1999062142" lat="31.9603260" lon="121.0752170"/>
  <node id="1999062147" lat="31.9604244" lon="121.0752375"/>
  <node id="1999062180" lat="31.9608844" lon="121.0751727"/>
  <node id="1999062230" lat="31.9614633" lon="121.0716254"/>
  <node id="1999062240" lat="31.9615185" lon="121.0719775"/>
  <node id="1999062245" lat="31.9615950" lon="121.0727953"/>
  <node id="1999062251" lat="31.9615890" lon="121.0734924"/>
  <node id="1999062295" lat="31.9620099" lon="121.0749987"/>
  <node id="1999062301" lat="31.9624338" lon="121.0749305"/>
  <node id="1999062356" lat="31.9624581" lon="121.0756267"/>
  <node id="1999062394" lat="31.9640159" lon="121.0753389"/>
  <node id="1999062437" lat="31.9647110" lon="121.0772645"/>
  <node id="1999062455" lat="31.9648780" lon="121.0763840"/>
  <node id="1999062463" lat="31.9650203" lon="121.0758103"/>
  <node id="4826426248" lat="31.9598602" lon="121.0753716"/>
  <node id="4826426249" lat="31.9599558" lon="121.0752777"/>
  <node id="4826426250" lat="31.9601355" lon="121.0752670"/>
  <node id="4826426269" lat="31.9599859" lon="121.0719008"/>
  <node id="4826426270" lat="31.9605093" lon="121.0717935"/>
  <node id="8913627868" lat="31.9622372" lon="121.0756078"/>
  <node id="8913627869" lat="31.9624390" lon="121.0745306"/>
  <node id="8913627870" lat="31.9624340" lon="121.0742274"/>
  <node id="8913627871" lat="31.9625559" lon="121.0741614"/>
  <node id="8913627872" lat="31.9629552" lon="121.0740953"/>
  <node id="11134189308" lat="31.9651426" lon="121.0758537"/>
  <node id="11134189309" lat="31.9650203" lon="121.0751686"/>
  <node id="11134189310" lat="31.9650630" lon="121.0755426"/>
  <node id="11134189374" lat="31.9647786" lon="121.0768488"/>
  <node id="12083064877" lat="31.9623967" lon="121.0756214"/>
  <node id="12556774618" lat="31.9624729" lon="121.0777098"/>
  <node id="12556774619" lat="31.9624028" lon="121.0769105"/>
  <node id="12556774622" lat="31.9647058" lon="121.0755908"/>
  <node id="12556774624" lat="31.9645055" lon="121.0756177"/>
  <node id="12556774625" lat="31.9648367" lon="121.0765770"/>
  <node id="12556774626" lat="31.9644554" lon="121.0765511"/>
  <node id="12556774627" lat="31.9643303" lon="121.0756552"/>
  <node id="1997306660" lat="31.9624996" lon="121.0823815"/>
  <node id="1999061996" lat="31.9586453" lon="121.0816427"/>
  <node id="1999062000" lat="31.9586896" lon="121.0798089"/>
  <node id="1999062013" lat="31.9588088" lon="121.0838064"/>
  <node id="1999062017" lat="31.9588422" lon="121.0828531"/>
  <node id="1999062020" lat="31.9588724" lon="121.0814214"/>
  <node id="1999062111" lat="31.9600848" lon="121.0796589"/>
  <node id="1999062121" lat="31.9602472" lon="121.0814924"/>
  <node id="1999062128" lat="31.9602964" lon="121.0842105"/>
  <node id="1999062130" lat="31.9603022" lon="121.0839717"/>
  <node id="1999062134" lat="31.9603138" lon="121.0825735"/>
  <node id="1999062163" lat="31.9606227" lon="121.0786689"/>
  <node id="1999062341" lat="31.9624777" lon="121.0783818"/>
  <node id="1999062427" lat="31.9646258" lon="121.0789439"/>
  <node id="1999062428" lat="31.9646233" lon="121.0786108"/>
  <node id="1999062431" lat="31.9646486" lon="121.0778130"/>
  <node id="1999062432" lat="31.9646350" lon="121.0792245"/>
  <node id="1999062441" lat="31.9646916" lon="121.0796651"/>
  <node id="1999062447" lat="31.9648100" lon="121.0816601"/>
  <node id="1999062450" lat="31.9648316" lon="121.0804822"/>
  <node id="1999062451" lat="31.9648133" lon="121.0818799"/>
  <node id="1999062459" lat="31.9649643" lon="121.0810241"/>
  <node id="1999062467" lat="31.9651156" lon="121.0815962"/>
  <node id="7870782897" lat="31.9603072" lon="121.0824656"/>
  <node id="7870782898" lat="31.9588483" lon="121.0825625"/>
  <node id="11134189368" lat="31.9648076" lon="121.0814282"/>
  <node id="11134189372" lat="31.9647467" lon="121.0800728"/>
  <node id="11134189373" lat="31.9646238" lon="121.0782838"/>
  <node id="12083064878" lat="31.9624099" lon="121.0783904"/>
  <node id="12083064879" lat="31.9624342" lon="121.0823817"/>
  <node id="12556774614" lat="31.9596816" lon="121.0825072"/>
  <node id="12556774615" lat="31.9599513" lon="121.0824892"/>
  <node id="1997306727" lat="31.9672643" lon="121.0758795"/>
  <node id="1997306755" lat="31.9700477" lon="121.0720072"/>
  <node id="1997306756" lat="31.9700565" lon="121.0755479"/>
  <node id="1999062468" lat="31.9652122" lon="121.0717710"/>
  <node id="1999062552" lat="31.9664760" lon="121.0775578"/>
  <node id="1999062563" lat="31.9665566" lon="121.0771523"/>
  <node id="1999062579" lat="31.9666352" lon="121.0768552"/>
  <node id="1999062581" lat="31.9666833" lon="121.0766831"/>
  <node id="1999062589" lat="31.9667626" lon="121.0764245"/>
  <node id="1999062592" lat="31.9667485" lon="121.0770233"/>
  <node id="1999062608" lat="31.9669042" lon="121.0767731"/>
  <node id="1999062609" lat="31.9669090" lon="121.0770195"/>
  <node id="1999062620" lat="31.9669647" lon="121.0758232"/>
  <node id="1999062628" lat="31.9670551" lon="121.0716940"/>
  <node id="1999062629" lat="31.9670745" lon="121.0727263"/>
  <node id="1999062630" lat="31.9670827" lon="121.0738548"/>
  <node id="1999062636" lat="31.9670769" lon="121.0770177"/>
  <node id="1999062637" lat="31.9670993" lon="121.0745371"/>
  <node id="1999062645" lat="31.9672159" lon="121.0748153"/>
  <node id="1999062651" lat="31.9672454" lon="121.0750651"/>
  <node id="1999062653" lat="31.9672883" lon="121.0769449"/>
  <node id="1999062707" lat="31.9679255" lon="121.0747595"/>
  <node id="1999062786" lat="31.9680944" lon="121.0736254"/>
  <node id="1999062788" lat="31.9682636" lon="121.0720591"/>
  <node id="1999062842" lat="31.9700576" lon="121.0747094"/>
  <node id="3255254533" lat="31.9707481" lon="121.0750788"/>
  <node id="3255254534" lat="31.9704610" lon="121.0750850"/>
  <node id="3255254535" lat="31.9705055" lon="121.0762684"/>
  <node id="3255254536" lat="31.9704205" lon="121.0719795"/>
  <node id="7936911109" lat="31.9654830" lon="121.0750901"/>
  <node id="11134187799" lat="31.9667878" lon="121.0755882"/>
  <node id="11134187800" lat="31.9666695" lon="121.0754782"/>
  <node id="11134187801" lat="31.9665216" lon="121.0754138"/>
  <node id="11134187802" lat="31.9663714" lon="121.0754460"/>
  <node id="11134187803" lat="31.9661712" lon="121.0754299"/>
  <node id="11134187804" lat="31.9660802" lon="121.0753602"/>
  <node id="11134189305" lat="31.9660262" lon="121.0750040"/>
  <node id="11134189306" lat="31.9653702" lon="121.0761702"/>
  <node id="11134189307" lat="31.9652519" lon="121.0760629"/>
  <node id="11134189315" lat="31.9667491" lon="121.0775073"/>
  <node id="12579466189" lat="31.9672616" lon="121.0757634"/>
  <node id="1997306704" lat="31.9659605" lon="121.0822174"/>
  <node id="1997306720" lat="31.9671292" lon="121.0836006"/>
  <node id="1997306721" lat="31.9671347" lon="121.0828082"/>
  <node id="1997306722" lat="31.9671629" lon="121.0823425"/>
  <node id="1997306723" lat="31.9671836" lon="121.0821523"/>
  <node id="1997306725" lat="31.9672301" lon="121.0819314"/>
  <node id="1997306728" lat="31.9673062" lon="121.0816106"/>
  <node id="1997306730" lat="31.9673069" lon="121.0780226"/>
  <node id="1997306732" lat="31.9673453" lon="121.0813847"/>
  <node id="1997306733" lat="31.9673686" lon="121.0806808"/>
  <node id="1997306734" lat="31.9673731" lon="121.0810530"/>
  <node id="1999062469" lat="31.9652377" lon="121.0818633"/>
  <node id="1999062470" lat="31.9652416" lon="121.0819542"/>
  <node id="1999062471" lat="31.9652572" lon="121.0822594"/>
  <node id="1999062473" lat="31.9652428" lon="121.0814752"/>
  <node id="1999062474" lat="31.9652212" lon="121.0815801"/>
  <node id="1999062476" lat="31.9652769" lon="121.0813704"/>
  <node id="1999062479" lat="31.9653492" lon="121.0812513"/>
  <node id="1999062490" lat="31.9653893" lon="121.0811996"/>
  <node id="1999062492" lat="31.9654422" lon="121.0811527"/>
  <node id="1999062518" lat="31.9661123" lon="121.0817907"/>
  <node id="1999062523" lat="31.9662128" lon="121.0822011"/>
  <node id="1999062524" lat="31.9662051" lon="121.0818554"/>
  <node id="1999062525" lat="31.9662493" lon="121.0818242"/>
  <node id="1999062530" lat="31.9663200" lon="121.0818040"/>
  <node id="1999062545" lat="31.9664534" lon="121.0818404"/>
  <node id="1999062548" lat="31.9664572" lon="121.0778174"/>
  <node id="1999062549" lat="31.9664322" lon="121.0780532"/>
  <node id="1999062551" lat="31.9664480" lon="121.0792636"/>
  <node id="1999062553" lat="31.9664419" lon="121.0781497"/>
  <node id="1999062554" lat="31.9664472" lon="121.0791481"/>
  <node id="1999062558" lat="31.9665006" lon="121.0795847"/>
  <node id="1999062564" lat="31.9664954" lon="121.0790597"/>
  <node id="1999062565" lat="31.9665591" lon="121.0818659"/>
  <node id="1999062569" lat="31.9665578" lon="121.0799002"/>
  <node id="1999062571" lat="31.9665760" lon="121.0782200"/>
  <node id="1999062575" lat="31.9666670" lon="121.0818469"/>
  <node id="1999062576" lat="31.9666726" lon="121.0782170"/>
  <node id="1999062578" lat="31.9666820" lon="121.0790522"/>
  <node id="1999062583" lat="31.9667029" lon="121.0804667"/>
  <node id="1999062590" lat="31.9667741" lon="121.0818116"/>
  <node id="1999062591" lat="31.9667452" lon="121.0805758"/>
  <node id="1999062593" lat="31.9667580" lon="121.0780072"/>
  <node id="1999062595" lat="31.9667691" lon="121.0792578"/>
  <node id="1999062597" lat="31.9667934" lon="121.0802324"/>
  <node id="1999062599" lat="31.9668644" lon="121.0790468"/>
  <node id="1999062601" lat="31.9668705" lon="121.0817106"/>
  <node id="1999062602" lat="31.9668683" lon="121.0809241"/>
  <node id="1999062610" lat="31.9669248" lon="121.0780031"/>
  <node id="1999062612" lat="31.9669291" lon="121.0782134"/>
  <node id="1999062613" lat="31.9669341" lon="121.0790428"/>
  <node id="1999062614" lat="31.9669414" lon="121.0792500"/>
  <node id="1999062615" lat="31.9669672" lon="121.0803258"/>
  <node id="1999062616" lat="31.9669585" lon="121.0802274"/>
  <node id="1999062617" lat="31.9670097" lon="121.0814506"/>
  <node id="1999062624" lat="31.9669805" lon="121.0812063"/>
  <node id="1999062626" lat="31.9670084" lon="121.0804627"/>
  <node id="1999062638" lat="31.9670914" lon="121.0779994"/>
  <node id="1999062641" lat="31.9671064" lon="121.0792448"/>
  <node id="1999062642" lat="31.9671198" lon="121.0802205"/>
  <node id="1999062656" lat="31.9673107" lon="121.0782024"/>
  <node id="1999062657" lat="31.9673295" lon="121.0790313"/>
  <node id="1999062659" lat="31.9673595" lon="121.0803175"/>
  <node id="1999062843" lat="31.9700736" lon="121.0819954"/>
  <node id="11134189311" lat="31.9652268" lon="121.0817009"/>
  <node id="11134189312" lat="31.9656956" lon="121.0818136"/>
  <node id="11134189313" lat="31.9664010" lon="121.0818136"/>
  <node id="11134189314" lat="31.9664658" lon="121.0790938"/>
  <node id="11134189359" lat="31.9670190" lon="121.0813701"/>
  <node id="11134189415" lat="31.9664943" lon="121.0782114"/>
  <node id="12579466190" lat="31.9673202" lon="121.0786228"/>
  <node id="12579466191" lat="31.9673627" lon="121.0811769"/>
  <node id="1997306537" lat="31.9548829" lon="121.0880318"/>
  <node id="1997306540" lat="31.9549870" lon="121.0888870"/>
  <node id="1997306557" lat="31.9553319" lon="121.0894965"/>
  <node id="1997306559" lat="31.9552775" lon="121.0874498"/>
  <node id="1997306561" lat="31.9554291" lon="121.0876028"/>
  <node id="1997306568" lat="31.9555195" lon="121.0878485"/>
  <node id="1997306578" lat="31.9557597" lon="121.0886685"/>
  <node id="1997306584" lat="31.9559421" lon="121.0881452"/>
  <node id="1997306587" lat="31.9560000" lon="121.0884316"/>
  <node id="1997306590" lat="31.9560347" lon="121.0882226"/>
  <node id="1997306592" lat="31.9561219" lon="121.0883156"/>
  <node id="1997306594" lat="31.9562135" lon="121.0882131"/>
  <node id="1997306596" lat="31.9562681" lon="121.0882836"/>
  <node id="1997306605" lat="31.9571737" lon="121.0880492"/>
  <node id="1999061886" lat="31.9548710" lon="121.0853300"/>
  <node id="1999061891" lat="31.9549396" lon="121.0856835"/>
  <node id="1999061902" lat="31.9553114" lon="121.0856658"/>
  <node id="1999061976" lat="31.9584635" lon="121.0906258"/>
  <node id="1999061981" lat="31.9585041" lon="121.0879426"/>
  <node id="1999061982" lat="31.9585094" lon="121.0878411"/>
  <node id="1999061985" lat="31.9585487" lon="121.0878359"/>
  <node id="1999061986" lat="31.9585533" lon="121.0879359"/>
  <node id="1999061988" lat="31.9585725" lon="121.0857201"/>
  <node id="8913627908" lat="31.9569669" lon="121.0880869"/>
  <node id="8913627909" lat="31.9569706" lon="121.0881759"/>
  <node id="12083064913" lat="31.9553586" lon="121.0871447"/>
  <node id="12083064914" lat="31.9551889" lon="121.0875829"/>
  <node id="12083064915" lat="31.9550283" lon="121.0878278"/>
  <node id="12083064916" lat="31.9553591" lon="121.0874794"/>
  <node id="12578759394" lat="31.9553119" lon="121.0903591"/>
  <node id="12578759409" lat="31.9552528" lon="121.0896027"/>
  <node id="12578759414" lat="31.9552159" lon="121.0892165"/>
  <node id="12578759415" lat="31.9554121" lon="121.0893023"/>
  <node id="13180754436" lat="31.9577768" lon="121.0879552"/>
  <node id="13180754437" lat="31.9551195" lon="121.0889712"/>
  <node id="13180754438" lat="31.9552669" lon="121.0890069"/>
  <node id="13180754439" lat="31.9558081" lon="121.0884849"/>
  <node id="13180754440" lat="31.9558055" lon="121.0882927"/>
  <node id="13180754441" lat="31.9553496" lon="121.0877920"/>
  <node id="13180754442" lat="31.9551734" lon="121.0878062"/>
  <node id="13180754443" lat="31.9548069" lon="121.0882008"/>
  <node id="13180754444" lat="31.9547790" lon="121.0883892"/>
  <node id="13180754445" lat="31.9554168" lon="121.0889910"/>
  <node id="13180754446" lat="31.9555565" lon="121.0889250"/>
  <node id="13180754447" lat="31.9556741" lon="121.0888144"/>
  <node id="13180754448" lat="31.9557523" lon="121.0881110"/>
  <node id="13180754449" lat="31.9556537" lon="121.0879578"/>
  <node id="13180754450" lat="31.9550116" lon="121.0878893"/>
  <node id="13180754451" lat="31.9548021" lon="121.0885785"/>
  <node id="13180754452" lat="31.9548738" lon="121.0887500"/>
  <node id="13180754453" lat="31.9557564" lon="121.0880148"/>
  <node id="13180754455" lat="31.9562254" lon="121.0882111"/>
  <node id="1997306555" lat="31.9552396" lon="121.0927952"/>
  <node id="1999061897" lat="31.9551648" lon="121.0957314"/>
  <node id="1999061973" lat="31.9583170" lon="121.0955503"/>
  <node id="1999061975" lat="31.9583938" lon="121.0936214"/>
  <node id="1999061987" lat="31.9585573" lon="121.0955349"/>
  <node id="1999061993" lat="31.9586190" lon="121.0928565"/>
  <node id="8913627901" lat="31.9570381" lon="121.0957327"/>
  <node id="8913627903" lat="31.9583099" lon="121.0956423"/>
  <node id="8913627907" lat="31.9570257" lon="121.0926100"/>
  <node id="12578759274" lat="31.9551791" lon="121.0939427"/>
  <node id="12578759275" lat="31.9552420" lon="121.0942188"/>
  <node id="12578759392" lat="31.9552437" lon="121.0957315"/>
  <node id="12578759393" lat="31.9552437" lon="121.0952353"/>
  <node id="12578759407" lat="31.9551162" lon="121.0973811"/>
  <node id="12578759408" lat="31.9551883" lon="121.0927975"/>
  <node id="1997306549" lat="31.9551367" lon="121.1008653"/>
  <node id="1999061896" lat="31.9551408" lon="121.1005844"/>
  <node id="1999061967" lat="31.9582817" lon="121.0978559"/>
  <node id="1999061970" lat="31.9582999" lon="121.0981130"/>
  <node id="12578759405" lat="31.9550428" lon="121.1008771"/>
  <node id="12578759406" lat="31.9550372" lon="121.1005960"/>
  <node id="1999061892" lat="31.9549593" lon="121.1099064"/>
  <node id="1999061895" lat="31.9550422" lon="121.1056843"/>
  <node id="12578759403" lat="31.9548889" lon="121.1099072"/>
  <node id="12578759404" lat="31.9549472" lon="121.1056887"/>
  <node id="1997306621" lat="31.9598455" lon="121.0876329"/>
  <node id="1997306623" lat="31.9600443" lon="121.0877078"/>
  <node id="1997306632" lat="31.9617218" lon="121.0874438"/>
  <node id="1997306633" lat="31.9617133" lon="121.0873553"/>
  <node id="1997306641" lat="31.9619262" lon="121.0872464"/>
  <node id="1997306645" lat="31.9620437" lon="121.0874961"/>
  <node id="1997306646" lat="31.9620791" lon="121.0871438"/>
  <node id="1997306648" lat="31.9621437" lon="121.0874227"/>
  <node id="1997306650" lat="31.9621526" lon="121.0875633"/>
  <node id="1997306651" lat="31.9622096" lon="121.0870123"/>
  <node id="1997306653" lat="31.9622684" lon="121.0876831"/>
  <node id="1997306654" lat="31.9623151" lon="121.0868563"/>
  <node id="1997306655" lat="31.9623529" lon="121.0878300"/>
  <node id="1997306656" lat="31.9623917" lon="121.0866661"/>
  <node id="1997306657" lat="31.9624574" lon="121.0880612"/>
  <node id="1997306662" lat="31.9625420" lon="121.0882091"/>
  <node id="1997306664" lat="31.9625317" lon="121.0872860"/>
  <node id="1997306665" lat="31.9624418" lon="121.0864001"/>
  <node id="1999061999" lat="31.9586786" lon="121.0900367"/>
  <node id="1999062001" lat="31.9586911" lon="121.0879127"/>
  <node id="1999062002" lat="31.9586972" lon="121.0878109"/>
  <node id="1999062004" lat="31.9587255" lon="121.0879089"/>
  <node id="1999062006" lat="31.9587376" lon="121.0878055"/>
  <node id="1999062010" lat="31.9587604" lon="121.0861486"/>
  <node id="1999062136" lat="31.9603225" lon="121.0859190"/>
  <node id="1999062143" lat="31.9603456" lon="121.0855030"/>
  <node id="1999062145" lat="31.9603543" lon="121.0862566"/>
  <node id="1999062149" lat="31.9604338" lon="121.0875447"/>
  <node id="1999062151" lat="31.9604404" lon="121.0876450"/>
  <node id="1999062153" lat="31.9604700" lon="121.0882142"/>
  <node id="1999062157" lat="31.9605366" lon="121.0892782"/>
  <node id="1999062401" lat="31.9640376" lon="121.0850256"/>
  <node id="1999062402" lat="31.9640937" lon="121.0867511"/>
  <node id="1999062403" lat="31.9641083" lon="121.0872070"/>
  <node id="1999062415" lat="31.9645495" lon="121.0849956"/>
  <node id="1999062421" lat="31.9646163" lon="121.0867273"/>
  <node id="1999062460" lat="31.9650054" lon="121.0849689"/>
  <node id="1999062464" lat="31.9650713" lon="121.0867092"/>
  <node id="12083064876" lat="31.9625330" lon="121.0874145"/>
  <node id="12083064880" lat="31.9624522" lon="121.0872912"/>
  <node id="12083064881" lat="31.9625203" lon="121.0863056"/>
  <node id="12083064882" lat="31.9619554" lon="121.0874657"/>
  <node id="12083064883" lat="31.9624720" lon="121.0890274"/>
  <node id="12083064884" lat="31.9624521" lon="121.0874146"/>
  <node id="12579466194" lat="31.9642643" lon="121.0873406"/>
  <node id="12579466195" lat="31.9624689" lon="121.0892880"/>
  <node id="12579466196" lat="31.9625344" lon="121.0892911"/>
  <node id="13041113661" lat="31.9589401" lon="121.0877740"/>
  <node id="13180754435" lat="31.9621873" lon="121.0874216"/>
  <node id="13180754456" lat="31.9597504" lon="121.0877526"/>
  <node id="13180754457" lat="31.9624797" lon="121.0872894"/>
  <node id="1997306661" lat="31.9625193" lon="121.0914272"/>
  <node id="1999062052" lat="31.9596913" lon="121.0964534"/>
  <node id="1999062125" lat="31.9602785" lon="121.0964389"/>
  <node id="1999062159" lat="31.9606379" lon="121.0911471"/>
  <node id="1999062161" lat="31.9607044" lon="121.0925623"/>
  <node id="1999062166" lat="31.9607652" lon="121.0938139"/>
  <node id="1999062174" lat="31.9608086" lon="121.0946017"/>
  <node id="1999062176" lat="31.9608405" lon="121.0953851"/>
  <node id="1999062178" lat="31.9608718" lon="121.0964292"/>
  <node id="1999062331" lat="31.9623665" lon="121.0952754"/>
  <node id="12083064875" lat="31.9623061" lon="121.0952683"/>
  <node id="12083064885" lat="31.9624433" lon="121.0914532"/>
  <node id="12579466197" lat="31.9624058" lon="121.0924953"/>
  <node id="12579466198" lat="31.9624982" lon="121.0919585"/>
  <node id="12579466199" lat="31.9622897" lon="121.0956190"/>
  <node id="12579466200" lat="31.9623508" lon="121.0956341"/>
  <node id="1997306726" lat="31.9672629" lon="121.0871750"/>
  <node id="1999062477" lat="31.9653559" lon="121.0849483"/>
  <node id="1999062483" lat="31.9653953" lon="121.0866963"/>
  <node id="1999062509" lat="31.9659587" lon="121.0849130"/>
  <node id="1999062514" lat="31.9660253" lon="121.0866523"/>
  <node id="8913627880" lat="31.9715852" lon="121.0865601"/>
  <node id="8913627881" lat="31.9686741" lon="121.0869130"/>
  <node id="8913627882" lat="31.9700905" lon="121.0867506"/>
  <node id="8913627892" lat="31.9717038" lon="121.0866996"/>
  <node id="8913627893" lat="31.9700939" lon="121.0868915"/>
  <node id="8913627894" lat="31.9684739" lon="121.0870804"/>
  <node id="8913627895" lat="31.9654056" lon="121.0872918"/>
  <node id="8913627896" lat="31.9654016" lon="121.0871429"/>
  <node id="8913627897" lat="31.9654777" lon="121.0871400"/>
  <node id="8913627898" lat="31.9664313" lon="121.0872427"/>
  <node id="8913627899" lat="31.9672546" lon="121.0870296"/>
  <node id="12579466192" lat="31.9671758" lon="121.0848754"/>
  <node id="12579466193" lat="31.9659846" lon="121.0871085"/>
  <node id="1997306724" lat="31.9672562" lon="121.0974166"/>
  <node id="1997306735" lat="31.9674145" lon="121.0928641"/>
  <node id="1997306736" lat="31.9674241" lon="121.0971282"/>
  <node id="1997306737" lat="31.9674673" lon="121.0968567"/>
  <node id="1997306738" lat="31.9674721" lon="121.0960197"/>
  <node id="1997306760" lat="31.9702856" lon="121.0911184"/>
  <node id="1999062496" lat="31.9656228" lon="121.0950141"/>
  <node id="1999062662" lat="31.9674462" lon="121.0946032"/>
  <node id="1999062663" lat="31.9674517" lon="121.0949029"/>
  <node id="1999062863" lat="31.9704265" lon="121.0944471"/>
  <node id="1997306647" lat="31.9621140" lon="121.1010944"/>
  <node id="1999062305" lat="31.9621433" lon="121.1004001"/>
  <node id="1999062307" lat="31.9621573" lon="121.1000695"/>
  <node id="7934288481" lat="31.9620011" lon="121.1035471"/>
  <node id="12083064886" lat="31.9620812" lon="121.1000745"/>
  <node id="12083064887" lat="31.9620743" lon="121.1004018"/>
  <node id="12579466185" lat="31.9621575" lon="121.0984447"/>
  <node id="12579466186" lat="31.9622273" lon="121.0984663"/>
  <node id="12579469601" lat="31.9620481" lon="121.1010014"/>
  <node id="12579469602" lat="31.9620749" lon="121.1019443"/>
  <node id="1997306640" lat="31.9618805" lon="121.1065309"/>
  <node id="1999062284" lat="31.9618397" lon="121.1097955"/>
  <node id="1999062286" lat="31.9619388" lon="121.1052029"/>
  <node id="7934288484" lat="31.9618453" lon="121.1082663"/>
  <node id="12083064888" lat="31.9618641" lon="121.1052076"/>
  <node id="12083064889" lat="31.9618119" lon="121.1064937"/>
  <node id="12083064890" lat="31.9617793" lon="121.1082492"/>
  <node id="12083064891" lat="31.9617690" lon="121.1097966"/>
  <node id="12579469603" lat="31.9618306" lon="121.1060339"/>
  <node id="12579469604" lat="31.9619629" lon="121.1045631"/>
  <node id="12579469605" lat="31.9618430" lon="121.1088878"/>
  <node id="12579469606" lat="31.9617682" lon="121.1100190"/>
  <node id="1997306709" lat="31.9663830" lon="121.1033208"/>
  <node id="1997306710" lat="31.9664310" lon="121.0997070"/>
  <node id="1997306711" lat="31.9664406" lon="121.1000633"/>
  <node id="1997306712" lat="31.9664454" lon="121.0989944"/>
  <node id="1997306713" lat="31.9664838" lon="121.0986155"/>
  <node id="1997306715" lat="31.9665893" lon="121.0983441"/>
  <node id="1997306716" lat="31.9666853" lon="121.0982084"/>
  <node id="1997306761" lat="31.9707638" lon="121.0997979"/>
  <node id="1999062538" lat="31.9663873" lon="121.1030750"/>
  <node id="1999062540" lat="31.9664335" lon="121.0997981"/>
  <node id="1999062541" lat="31.9664397" lon="121.1001114"/>
  <node id="1999062771" lat="31.9681785" lon="121.0999260"/>
  <node id="1999062805" lat="31.9683728" lon="121.0999332"/>
  <node id="1999062819" lat="31.9685774" lon="121.0998970"/>
  <node id="1999062825" lat="31.9689374" lon="121.0998946"/>
  <node id="1999062832" lat="31.9692136" lon="121.0999139"/>
  <node id="1999062869" lat="31.9707500" lon="121.0995246"/>
  <node id="1999062871" lat="31.9709326" lon="121.1028039"/>
  <node id="1997306706" lat="31.9662901" lon="121.1077021"/>
  <node id="1997306765" lat="31.9711776" lon="121.1071648"/>
  <node id="1999062528" lat="31.9662944" lon="121.1075004"/>
  <node id="1999062529" lat="31.9663151" lon="121.1096166"/>
  <node id="1999062532" lat="31.9663481" lon="121.1049654"/>
  <node id="1999062881" lat="31.9711815" lon="121.1072447"/>
  <node id="1997306769" lat="31.9721059" lon="121.0684135"/>
  <node id="1997306781" lat="31.9737059" lon="121.0683485"/>
  <node id="1997306785" lat="31.9754305" lon="121.0682891"/>
  <node id="1997306790" lat="31.9769416" lon="121.0682580"/>
  <node id="1999062912" lat="31.9723611" lon="121.0684031"/>
  <node id="3255263708" lat="31.9772453" lon="121.0682456"/>
  <node id="3258101954" lat="31.9780706" lon="121.0682119"/>
  <node id="1997306824" lat="31.9783952" lon="121.0681986"/>
  <node id="1997306876" lat="31.9799350" lon="121.0680855"/>
  <node id="1997306911" lat="31.9816500" lon="121.0680035"/>
  <node id="1997306922" lat="31.9838542" lon="121.0678847"/>
  <node id="1999062894" lat="31.9728907" lon="121.0718556"/>
  <node id="3255263707" lat="31.9775288" lon="121.0748043"/>
  <node id="1997306927" lat="31.9853172" lon="121.0678084"/>
  <node id="1997306935" lat="31.9874037" lon="121.0677207"/>
  <node id="1997306940" lat="31.9892744" lon="121.0676189"/>
  <node id="1997306957" lat="31.9910899" lon="121.0695898"/>
  <node id="1997306958" lat="31.9910923" lon="121.0698641"/>
  <node id="1997306961" lat="31.9911403" lon="121.0674832"/>
  <node id="1997306963" lat="31.9911546" lon="121.0692985"/>
  <node id="1997306965" lat="31.9912170" lon="121.0675086"/>
  <node id="1997306966" lat="31.9912266" lon="121.0690639"/>
  <node id="1997306967" lat="31.9912386" lon="121.0675822"/>
  <node id="3255263689" lat="31.9912355" lon="121.0679698"/>
  <node id="3255263701" lat="31.9873238" lon="121.0677241"/>
  <node id="1997306956" lat="31.9910875" lon="121.0715522"/>
  <node id="1997306959" lat="31.9911141" lon="121.0750846"/>
  <node id="1997306960" lat="31.9911245" lon="121.0765579"/>
  <node id="1997306962" lat="31.9911437" lon="121.0781640"/>
  <node id="1997306964" lat="31.9912108" lon="121.0782658"/>
  <node id="1997306969" lat="31.9917720" lon="121.0782488"/>
  <node id="1997306973" lat="31.9930286" lon="121.0782092"/>
  <node id="1997306975" lat="31.9943500" lon="121.0782036"/>
  <node id="1997306977" lat="31.9944364" lon="121.0782827"/>
  <node id="1997306978" lat="31.9945035" lon="121.0783902"/>
  <node id="1997306980" lat="31.9945299" lon="121.0785683"/>
  <node id="1997306981" lat="31.9945347" lon="121.0793148"/>
  <node id="1997306982" lat="31.9945707" lon="121.0827872"/>
  <node id="1997306814" lat="31.9780822" lon="121.0860396"/>
  <node id="8913627876" lat="31.9780780" lon="121.0859110"/>
  <node id="8913627877" lat="31.9768918" lon="121.0859929"/>
  <node id="8913627878" lat="31.9755400" lon="121.0861121"/>
  <node id="8913627879" lat="31.9730937" lon="121.0863723"/>
  <node id="8913627889" lat="31.9765464" lon="121.0861756"/>
  <node id="8913627890" lat="31.9750633" lon="121.0863059"/>
  <node id="8913627891" lat="31.9732680" lon="121.0865283"/>
  <node id="8913627875" lat="31.9803035" lon="121.0857598"/>
  <node id="8913627888" lat="31.9814051" lon="121.0857922"/>
  <node id="1997306774" lat="31.9726906" lon="121.0996619"/>
  <node id="1999062971" lat="31.9761204" lon="121.0994431"/>
  <node id="3258061170" lat="31.9754065" lon="121.0994886"/>
  <node id="1997306831" lat="31.9787084" lon="121.0992780"/>
  <node id="1997306949" lat="31.9902568" lon="121.0851319"/>
  <node id="1997306950" lat="31.9902529" lon="121.0850334"/>
  <node id="3258060563" lat="31.9873350" lon="121.0853476"/>
  <node id="8913627873" lat="31.9889427" lon="121.0851093"/>
  <node id="8913627874" lat="31.9851634" lon="121.0853912"/>
  <node id="8913627886" lat="31.9895308" lon="121.0851921"/>
  <node id="8913627887" lat="31.9856824" lon="121.0854729"/>
  <node id="1997306983" lat="31.9945946" lon="121.0855951"/>
  <node id="1997306985" lat="31.9946210" lon="121.0884482"/>
  <node id="1997306986" lat="31.9946330" lon="121.0908630"/>
  <node id="3258041960" lat="31.9973397" lon="121.0848187"/>
  <node id="3258041968" lat="31.9973467" lon="121.0849457"/>
  <node id="3258058958" lat="31.9918045" lon="121.0850301"/>
  <node id="3258058959" lat="31.9945863" lon="121.0846162"/>
  <node id="3258060561" lat="31.9946259" lon="121.0894268"/>
  <node id="8913627855" lat="31.9967978" lon="121.0848061"/>
  <node id="8913627856" lat="31.9962818" lon="121.0847950"/>
  <node id="8913627857" lat="31.9953507" lon="121.0847521"/>
  <node id="8913627858" lat="31.9945876" lon="121.0847665"/>
  <node id="8913627859" lat="31.9940344" lon="121.0847736"/>
  <node id="8913627860" lat="31.9934277" lon="121.0847950"/>
  <node id="8913627861" lat="31.9924844" lon="121.0848630"/>
  <node id="8913627862" lat="31.9918399" lon="121.0848994"/>
  <node id="8913627883" lat="31.9964271" lon="121.0849254"/>
  <node id="8913627884" lat="31.9945885" lon="121.0848798"/>
  <node id="8913627885" lat="31.9934356" lon="121.0849177"/>
  <node id="1997306987" lat="31.9946594" lon="121.0945022"/>
  <node id="1997306926" lat="31.9850784" lon="121.0988142"/>
  <node id="1997306938" lat="31.9889247" lon="121.0985502"/>
  <node id="3258060565" lat="31.9877452" lon="121.0986312"/>
  <node id="1997306970" lat="31.9920046" lon="121.0983846"/>
  <node id="1997306972" lat="31.9930023" lon="121.0983224"/>
  <node id="1997306979" lat="31.9945083" lon="121.0982630"/>
  <node id="1997306984" lat="31.9946042" lon="121.0982461"/>
  <node id="1997306988" lat="31.9946690" lon="121.0981980"/>
  <node id="1997306542" lat="31.9549204" lon="121.1130792"/>
  <node id="12578759401" lat="31.9548245" lon="121.1132092"/>
  <node id="12578759402" lat="31.9548247" lon="121.1130818"/>
  <node id="1997306634" lat="31.9618261" lon="121.1120431"/>
  <node id="1997306635" lat="31.9618278" lon="121.1129255"/>
  <node id="12083064870" lat="31.9617574" lon="121.1128978"/>
  <node id="12578759272" lat="31.9618287" lon="121.1116157"/>
  <node id="1997306707" lat="31.9663308" lon="121.1126927"/>
  <node id="1997306708" lat="31.9663443" lon="121.1118530"/>
  <node id="1997306767" lat="31.9714524" lon="121.1127393"/>

</osm>
