<?xml version="1.0" encoding="UTF-8"?>
<osm version="0.6" generator="Overpass API 0.7.62.11 87bfad18">
<note>The data included in this document is from www.openstreetmap.org. The data is made available under ODbL.</note>
<meta osm_base="2026-09-24T04:53:32Z"/>

  <node id="1772546817" lat="31.9702114" lon="121.0624055"/>
  <node id="1772546819" lat="31.9710513" lon="121.0561114"/>
  <node id="1772546820" lat="31.9713210" lon="121.0525147"/>
  <node id="1772546821" lat="31.9713887" lon="121.0511977"/>
  <node id="1772546822" lat="31.9714952" lon="121.0488277"/>
  <node id="1772546823" lat="31.9720551" lon="121.0448752"/>
  <node id="1772546825" lat="31.9813035" lon="121.0618878"/>
  <node id="1772546827" lat="31.9904745" lon="121.0613687"/>
  <node id="1772546828" lat="31.9931716" lon="121.0613335"/>
  <node id="1996143482" lat="31.9267765" lon="121.0900629"/>
  <node id="1996143484" lat="31.9267752" lon="121.0901692"/>
  <node id="1996143487" lat="31.9273127" lon="121.0645824"/>
  <node id="1996143490" lat="31.9276982" lon="121.0902109"/>
  <node id="1996143517" lat="31.9288362" lon="121.0642001"/>
  <node id="1996143525" lat="31.9295623" lon="121.0902009"/>
  <node id="1996143543" lat="31.9303506" lon="121.1473778"/>
  <node id="1996143544" lat="31.9303682" lon="121.1485288"/>
  <node id="1996143545" lat="31.9304000" lon="121.1499873"/>
  <node id="1996143546" lat="31.9304035" lon="121.1450632"/>
  <node id="1996143547" lat="31.9304105" lon="121.1504153"/>
  <node id="1996143549" lat="31.9304667" lon="121.1479633"/>
  <node id="1996143551" lat="31.9304841" lon="121.1460182"/>
  <node id="1996143552" lat="31.9304841" lon="121.1489006"/>
  <node id="1996143553" lat="31.9304881" lon="121.1519112"/>
  <node id="1996143555" lat="31.9305141" lon="121.1499819"/>
  <node id="1996143556" lat="31.9305240" lon="121.1504080"/>
  <node id="1996143558" lat="31.9305410" lon="121.1423000"/>
  <node id="1996143560" lat="31.9305515" lon="121.1441260"/>
  <node id="1996143561" lat="31.9305657" lon="121.1420049"/>
  <node id="1996143563" lat="31.9306188" lon="121.1522914"/>
  <node id="1996143564" lat="31.9306462" lon="121.1422837"/>
  <node id="1996143565" lat="31.9306761" lon="121.1419429"/>
  <node id="1996143566" lat="31.9306918" lon="121.1545976"/>
  <node id="1996143568" lat="31.9307634" lon="121.1541748"/>
  <node id="1996143571" lat="31.9308302" lon="121.1391294"/>
  <node id="1996143572" lat="31.9308357" lon="121.1400389"/>
  <node id="1996143574" lat="31.9308831" lon="121.1387347"/>
  <node id="1996143575" lat="31.9308981" lon="121.1557145"/>
  <node id="1996143577" lat="31.9309210" lon="121.1571822"/>
  <node id="1996143578" lat="31.9309355" lon="121.1391192"/>
  <node id="1996143582" lat="31.9309903" lon="121.1387284"/>
  <node id="1996143583" lat="31.9310127" lon="121.1580632"/>
  <node id="1996143584" lat="31.9310630" lon="121.1374091"/>
  <node id="1996143586" lat="31.9311200" lon="121.1580445"/>
  <node id="1996143587" lat="31.9312048" lon="121.1370800"/>
  <node id="1996143592" lat="31.9313170" lon="121.1363807"/>
  <node id="1996143597" lat="31.9313909" lon="121.1351196"/>
  <node id="1996143600" lat="31.9314387" lon="121.0903765"/>
  <node id="1996143602" lat="31.9314509" lon="121.1348038"/>
  <node id="1996143607" lat="31.9315115" lon="121.1351320"/>
  <node id="1996143610" lat="31.9315355" lon="121.1343010"/>
  <node id="1996143614" lat="31.9315689" lon="121.1348323"/>
  <node id="1996143622" lat="31.9316985" lon="121.1340918"/>
  <node id="1996143632" lat="31.9319271" lon="121.0731595"/>
  <node id="1996143636" lat="31.9320003" lon="121.1324934"/>
  <node id="1996143640" lat="31.9320563" lon="121.1143147"/>
  <node id="1996143642" lat="31.9320633" lon="121.1141735"/>
  <node id="1996143657" lat="31.9321935" lon="121.0635352"/>
  <node id="1996143660" lat="31.9322020" lon="121.1310889"/>
  <node id="1996143665" lat="31.9322862" lon="121.0730949"/>
  <node id="1996143667" lat="31.9322994" lon="121.0904132"/>
  <node id="1996143669" lat="31.9323052" lon="121.0903161"/>
  <node id="1996143680" lat="31.9324358" lon="121.0731125"/>
  <node id="1996143682" lat="31.9325264" lon="121.1301722"/>
  <node id="1996143685" lat="31.9325780" lon="121.0731948"/>
  <node id="1996143692" lat="31.9328565" lon="121.0636183"/>
  <node id="1996143693" lat="31.9328622" lon="121.0734533"/>
  <node id="1996143696" lat="31.9330202" lon="121.1275776"/>
  <node id="1996143700" lat="31.9331374" lon="121.1275454"/>
  <node id="1996143701" lat="31.9331471" lon="121.1270084"/>
  <node id="1996143707" lat="31.9332512" lon="121.0738529"/>
  <node id="1996143708" lat="31.9332595" lon="121.1270283"/>
  <node id="1996143716" lat="31.9334208" lon="121.0739969"/>
  <node id="1996143717" lat="31.9335068" lon="121.1254335"/>
  <node id="1996143718" lat="31.9336292" lon="121.0867182"/>
  <node id="1996143723" lat="31.9337173" lon="121.0869082"/>
  <node id="1996143724" lat="31.9335985" lon="121.1250138"/>
  <node id="1996143726" lat="31.9336286" lon="121.1254240"/>
  <node id="1996143728" lat="31.9338568" lon="121.0870322"/>
  <node id="1996143729" lat="31.9336587" lon="121.0860167"/>
  <node id="1996143730" lat="31.9337026" lon="121.0741732"/>
  <node id="1996143731" lat="31.9337159" lon="121.1250126"/>
  <node id="1996143733" lat="31.9337592" lon="121.0860237"/>
  <node id="1996143735" lat="31.9338207" lon="121.0858351"/>
  <node id="1996143736" lat="31.9340161" lon="121.0871140"/>
  <node id="1996143737" lat="31.9339088" lon="121.1235678"/>
  <node id="1996143738" lat="31.9338722" lon="121.0859213"/>
  <node id="1996143739" lat="31.9339513" lon="121.0742828"/>
  <node id="1996143740" lat="31.9339702" lon="121.1238432"/>
  <node id="1996143741" lat="31.9340954" lon="121.0856319"/>
  <node id="1996143742" lat="31.9340635" lon="121.0858641"/>
  <node id="1996143743" lat="31.9340710" lon="121.0743353"/>
  <node id="1996143744" lat="31.9343486" lon="121.0872524"/>
  <node id="1996143745" lat="31.9341839" lon="121.1219846"/>
  <node id="1996143746" lat="31.9342203" lon="121.0858828"/>
  <node id="1996143747" lat="31.9342297" lon="121.1216729"/>
  <node id="1996143748" lat="31.9342944" lon="121.1219774"/>
  <node id="1996143749" lat="31.9343372" lon="121.0859378"/>
  <node id="1996143750" lat="31.9343168" lon="121.1140571"/>
  <node id="1996143751" lat="31.9343443" lon="121.1216718"/>
  <node id="1996143752" lat="31.9343835" lon="121.0937865"/>
  <node id="1996143753" lat="31.9343870" lon="121.0950248"/>
  <node id="1996143754" lat="31.9344150" lon="121.0969409"/>
  <node id="1996143755" lat="31.9344182" lon="121.0744200"/>
  <node id="1996143756" lat="31.9344222" lon="121.0853547"/>
  <node id="1996143757" lat="31.9344327" lon="121.0860196"/>
  <node id="1996143758" lat="31.9344855" lon="121.0990684"/>
  <node id="1996143759" lat="31.9344904" lon="121.0947003"/>
  <node id="1996143760" lat="31.9345069" lon="121.0903251"/>
  <node id="1996143761" lat="31.9345115" lon="121.1207694"/>
  <node id="1996143762" lat="31.9345209" lon="121.0861401"/>
  <node id="1996143763" lat="31.9345297" lon="121.0923879"/>
  <node id="1996143764" lat="31.9345398" lon="121.0917251"/>
  <node id="1996143765" lat="31.9345491" lon="121.0852051"/>
  <node id="1996143766" lat="31.9345680" lon="121.0981575"/>
  <node id="1996143767" lat="31.9345442" lon="121.0897728"/>
  <node id="1996143768" lat="31.9346020" lon="121.0862897"/>
  <node id="1996143769" lat="31.9346444" lon="121.0881187"/>
  <node id="1996143771" lat="31.9346529" lon="121.1187268"/>
  <node id="1996143772" lat="31.9346361" lon="121.0864114"/>
  <node id="1996143773" lat="31.9346618" lon="121.1014037"/>
  <node id="1996143774" lat="31.9346655" lon="121.0850223"/>
  <node id="1996143775" lat="31.9346571" lon="121.0866562"/>
  <node id="1996143776" lat="31.9347149" lon="121.0870175"/>
  <node id="1996143777" lat="31.9347232" lon="121.0884839"/>
  <node id="1996143778" lat="31.9347104" lon="121.0901865"/>
  <node id="1996143779" lat="31.9347677" lon="121.0848187"/>
  <node id="1996143780" lat="31.9347866" lon="121.1013904"/>
  <node id="1996143781" lat="31.9347941" lon="121.0893791"/>
  <node id="1996143782" lat="31.9348147" lon="121.0744229"/>
  <node id="1996143783" lat="31.9348277" lon="121.0846109"/>
  <node id="1996143784" lat="31.9348290" lon="121.0870462"/>
  <node id="1996143785" lat="31.9348419" lon="121.0857169"/>
  <node id="1996143786" lat="31.9348594" lon="121.1178544"/>
  <node id="1996143787" lat="31.9348807" lon="121.0853684"/>
  <node id="1996143788" lat="31.9348600" lon="121.0891144"/>
  <node id="1996143789" lat="31.9349350" lon="121.1160009"/>
  <node id="1996143790" lat="31.9349551" lon="121.0857161"/>
  <node id="1996143791" lat="31.9349668" lon="121.1155314"/>
  <node id="1996143792" lat="31.9349438" lon="121.0889021"/>
  <node id="1996143793" lat="31.9349892" lon="121.0853968"/>
  <node id="1996143794" lat="31.9350041" lon="121.0842459"/>
  <node id="1996143795" lat="31.9350357" lon="121.1160012"/>
  <node id="1996143796" lat="31.9350384" lon="121.0857180"/>
  <node id="1996143797" lat="31.9350428" lon="121.0834516"/>
  <node id="1996143798" lat="31.9350479" lon="121.1144302"/>
  <node id="1996143799" lat="31.9350514" lon="121.1070545"/>
  <node id="1996143800" lat="31.9350533" lon="121.0860471"/>
  <node id="1996143801" lat="31.9350633" lon="121.0853948"/>
  <node id="1996143802" lat="31.9350831" lon="121.1139191"/>
  <node id="1996143803" lat="31.9350545" lon="121.0886881"/>
  <node id="1996143804" lat="31.9350970" lon="121.0845364"/>
  <node id="1996143805" lat="31.9351082" lon="121.0863938"/>
  <node id="1996143806" lat="31.9351133" lon="121.1060367"/>
  <node id="1996143807" lat="31.9351290" lon="121.1089493"/>
  <node id="1996143808" lat="31.9351431" lon="121.1121780"/>
  <node id="1996143809" lat="31.9351501" lon="121.1115339"/>
  <node id="1996143810" lat="31.9351699" lon="121.0830035"/>
  <node id="1996143811" lat="31.9351768" lon="121.1143058"/>
  <node id="1996143812" lat="31.9352079" lon="121.0866583"/>
  <node id="1996143813" lat="31.9351901" lon="121.0885037"/>
  <node id="1996143814" lat="31.9352169" lon="121.0836305"/>
  <node id="1996143815" lat="31.9352191" lon="121.1081975"/>
  <node id="1996143816" lat="31.9352248" lon="121.0875338"/>
  <node id="1996143817" lat="31.9352332" lon="121.1105078"/>
  <node id="1996143818" lat="31.9352403" lon="121.1121907"/>
  <node id="1996143819" lat="31.9352755" lon="121.0822299"/>
  <node id="1996143820" lat="31.9352819" lon="121.0831231"/>
  <node id="1996143821" lat="31.9353321" lon="121.0817776"/>
  <node id="1996143822" lat="31.9353334" lon="121.0744083"/>
  <node id="1996143823" lat="31.9353775" lon="121.0870050"/>
  <node id="1996143824" lat="31.9353557" lon="121.0883521"/>
  <node id="1996143825" lat="31.9353814" lon="121.0813829"/>
  <node id="1996143826" lat="31.9354029" lon="121.1141402"/>
  <node id="1996143827" lat="31.9354567" lon="121.0817606"/>
  <node id="1996143828" lat="31.9355022" lon="121.0871930"/>
  <node id="1996143829" lat="31.9355060" lon="121.0813949"/>
  <node id="1996143830" lat="31.9355111" lon="121.0882416"/>
  <node id="1996143831" lat="31.9355930" lon="121.0799202"/>
  <node id="1996143832" lat="31.9356418" lon="121.0873282"/>
  <node id="1996143833" lat="31.9356698" lon="121.0881592"/>
  <node id="1996143834" lat="31.9357976" lon="121.0782498"/>
  <node id="1996143835" lat="31.9358144" lon="121.0880994"/>
  <node id="1996143836" lat="31.9359809" lon="121.0876279"/>
  <node id="1996143837" lat="31.9360350" lon="121.0773975"/>
  <node id="1996143838" lat="31.9360710" lon="121.0878299"/>
  <node id="1996143839" lat="31.9360390" lon="121.0880466"/>
  <node id="1996143840" lat="31.9361643" lon="121.0752912"/>
  <node id="1996143841" lat="31.9362742" lon="121.0880478"/>
  <node id="1996143842" lat="31.9363150" lon="121.0878336"/>
  <node id="1996143843" lat="31.9363171" lon="121.0751287"/>
  <node id="1996143844" lat="31.9363900" lon="121.0732218"/>
  <node id="1996143846" lat="31.9365239" lon="121.0640089"/>
  <node id="1996143847" lat="31.9365297" lon="121.0573656"/>
  <node id="1996143848" lat="31.9365534" lon="121.0561087"/>
  <node id="1996143849" lat="31.9365584" lon="121.0589026"/>
  <node id="1996143850" lat="31.9365945" lon="121.0711774"/>
  <node id="1996143851" lat="31.9366051" lon="121.0551285"/>
  <node id="1996143853" lat="31.9366160" lon="121.0607024"/>
  <node id="1996143855" lat="31.9366483" lon="121.0571331"/>
  <node id="1996143857" lat="31.9366589" lon="121.0585459"/>
  <node id="1996143858" lat="31.9366721" lon="121.0697646"/>
  <node id="1996143859" lat="31.9366730" lon="121.0561192"/>
  <node id="1996143860" lat="31.9367508" lon="121.0880873"/>
  <node id="1996143861" lat="31.9367191" lon="121.0713640"/>
  <node id="1996143862" lat="31.9367058" lon="121.0537550"/>
  <node id="1996143863" lat="31.9367400" lon="121.0607815"/>
  <node id="1996143864" lat="31.9367567" lon="121.0681108"/>
  <node id="1996143865" lat="31.9367551" lon="121.0637026"/>
  <node id="1996143866" lat="31.9368417" lon="121.0524697"/>
  <node id="1996143867" lat="31.9367750" lon="121.0643424"/>
  <node id="1996143868" lat="31.9367916" lon="121.0666846"/>
  <node id="1996143869" lat="31.9368282" lon="121.0627553"/>
  <node id="1996143870" lat="31.9368133" lon="121.0537650"/>
  <node id="1996143871" lat="31.9368813" lon="121.0689123"/>
  <node id="1996143872" lat="31.9368846" lon="121.0637193"/>
  <node id="1996143873" lat="31.9368973" lon="121.0643553"/>
  <node id="1996143874" lat="31.9369069" lon="121.0667686"/>
  <node id="1996143875" lat="31.9369458" lon="121.0525214"/>
  <node id="1996143876" lat="31.9369054" lon="121.0653263"/>
  <node id="1996143877" lat="31.9370063" lon="121.0512182"/>
  <node id="1996143878" lat="31.9370442" lon="121.0905780"/>
  <node id="1996143879" lat="31.9370472" lon="121.0906921"/>
  <node id="1996143880" lat="31.9371193" lon="121.0512539"/>
  <node id="1996143883" lat="31.9372264" lon="121.0500324"/>
  <node id="1996143884" lat="31.9373197" lon="121.0500541"/>
  <node id="1996143885" lat="31.9374005" lon="121.0743348"/>
  <node id="1996143886" lat="31.9374200" lon="121.1140197"/>
  <node id="1996143887" lat="31.9374619" lon="121.0641087"/>
  <node id="1996143889" lat="31.9376090" lon="121.0485850"/>
  <node id="1996143890" lat="31.9376104" lon="121.1138951"/>
  <node id="1996143891" lat="31.9377755" lon="121.0473934"/>
  <node id="1996143893" lat="31.9380229" lon="121.0468808"/>
  <node id="1996143894" lat="31.9381981" lon="121.0887128">
    <tag k="barrier" v="toll_booth"/>
  </node>
  <node id="1996143895" lat="31.9383779" lon="121.0742937"/>
  <node id="1996143896" lat="31.9384168" lon="121.0454176"/>
  <node id="1996143897" lat="31.9384767" lon="121.0448007"/>
  <node id="1996143900" lat="31.9389549" lon="121.0907281"/>
  <node id="1996143901" lat="31.9388082" lon="121.0441696"/>
  <node id="1996143902" lat="31.9389069" lon="121.0434959"/>
  <node id="1996143903" lat="31.9389080" lon="121.0906184"/>
  <node id="1996143906" lat="31.9392571" lon="121.0429120"/>
  <node id="1996143907" lat="31.9393027" lon="121.0640256"/>
  <node id="1996143908" lat="31.9393159" lon="121.0424030"/>
  <node id="1996143911" lat="31.9394852" lon="121.0419584"/>
  <node id="1996143912" lat="31.9395416" lon="121.0421413"/>
  <node id="1996143914" lat="31.9397074" lon="121.0414349"/>
  <node id="1996143915" lat="31.9397244" lon="121.0742613"/>
  <node id="1996143918" lat="31.9398355" lon="121.1138826"/>
  <node id="1996143919" lat="31.9398378" lon="121.0414224"/>
  <node id="1996143921" lat="31.9399577" lon="121.0905546"/>
  <node id="1996143922" lat="31.9399254" lon="121.0907064"/>
  <node id="1996143923" lat="31.9402181" lon="121.0742466"/>
  <node id="1996143924" lat="31.9404250" lon="121.0741791"/>
  <node id="1996143925" lat="31.9407990" lon="121.0740322"/>
  <node id="1996143926" lat="31.9409412" lon="121.0739616"/>
  <node id="1996143928" lat="31.9410010" lon="121.0739029"/>
  <node id="1996143930" lat="31.9410384" lon="121.0738294"/>
  <node id="1996143931" lat="31.9410633" lon="121.0737530"/>
  <node id="1996143934" lat="31.9410873" lon="121.1136956"/>
  <node id="1996143935" lat="31.9415610" lon="121.0905597"/>
  <node id="1996143936" lat="31.9415729" lon="121.1371575"/>
  <node id="1996143937" lat="31.9415844" lon="121.1098880"/>
  <node id="1996143938" lat="31.9416046" lon="121.1323498"/>
  <node id="1996143939" lat="31.9416061" lon="121.1385342"/>
  <node id="1996143942" lat="31.9416399" lon="121.1136570"/>
  <node id="1996143943" lat="31.9416442" lon="121.1068733"/>
  <node id="1996143944" lat="31.9416541" lon="121.1137833"/>
  <node id="1996143945" lat="31.9416716" lon="121.1276875"/>
  <node id="1996143946" lat="31.9416791" lon="121.1142072"/>
  <node id="1996143947" lat="31.9416841" lon="121.1139663"/>
  <node id="1996143948" lat="31.9416856" lon="121.1157899"/>
  <node id="1996143949" lat="31.9416928" lon="121.1265490"/>
  <node id="1996143950" lat="31.9416991" lon="121.0943563"/>
  <node id="1996143951" lat="31.9417104" lon="121.1227344"/>
  <node id="1996143952" lat="31.9417127" lon="121.1187386"/>
  <node id="1996143953" lat="31.9417240" lon="121.0940919"/>
  <node id="1996143954" lat="31.9417340" lon="121.0947383"/>
  <node id="1996143955" lat="31.9417488" lon="121.0915123"/>
  <node id="1996143956" lat="31.9417541" lon="121.0925365"/>
  <node id="1996143957" lat="31.9417611" lon="121.0891998"/>
  <node id="1996143958" lat="31.9417798" lon="121.0905412"/>
  <node id="1996143959" lat="31.9417858" lon="121.0865965"/>
  <node id="1996143960" lat="31.9417871" lon="121.0904282"/>
  <node id="1996143961" lat="31.9417938" lon="121.0974474"/>
  <node id="1996143962" lat="31.9417999" lon="121.0842612"/>
  <node id="1996143963" lat="31.9418087" lon="121.0823643"/>
  <node id="1996143964" lat="31.9418136" lon="121.1137745"/>
  <node id="1996143965" lat="31.9418187" lon="121.1028773"/>
  <node id="1996143966" lat="31.9418264" lon="121.0817493"/>
  <node id="1996143967" lat="31.9418403" lon="121.0904245">
    <tag k="bus" v="yes"/>
    <tag k="name" v="广丰路口"/>
    <tag k="name:zh" v="广丰路口"/>
    <tag k="public_transport" v="stop_position"/>
  </node>
  <node id="1996143968" lat="31.9418586" lon="121.1019841"/>
  <node id="1996143969" lat="31.9418740" lon="121.0816849"/>
  <node id="1996143970" lat="31.9419727" lon="121.0816995"/>
  <node id="1996143971" lat="31.9419799" lon="121.0905244">
    <tag k="bus" v="yes"/>
    <tag k="name" v="广丰路口"/>
    <tag k="name:zh" v="广丰路口"/>
    <tag k="public_transport" v="stop_position"/>
  </node>
  <node id="1996143972" lat="31.9423059" lon="121.0817036"/>
  <node id="1996143973" lat="31.9423235" lon="121.0815249"/>
  <node id="1996143974" lat="31.9423447" lon="121.0806315"/>
  <node id="1996143975" lat="31.9423888" lon="121.0787658"/>
  <node id="1996143976" lat="31.9423916" lon="121.0637846"/>
  <node id="1996143978" lat="31.9424470" lon="121.0772886"/>
  <node id="1996143979" lat="31.9424840" lon="121.0755579"/>
  <node id="1996143981" lat="31.9425492" lon="121.0738231"/>
  <node id="1996143982" lat="31.9425986" lon="121.0725162"/>
  <node id="1996143983" lat="31.9426056" lon="121.0719843"/>
  <node id="1996143984" lat="31.9426374" lon="121.0707169"/>
  <node id="1996143985" lat="31.9426515" lon="121.0700500"/>
  <node id="1996143986" lat="31.9426621" lon="121.0695306"/>
  <node id="1996143987" lat="31.9426885" lon="121.0686871"/>
  <node id="1996143988" lat="31.9427179" lon="121.0903070"/>
  <node id="1996143990" lat="31.9428715" lon="121.1135709"/>
  <node id="1996143991" lat="31.9428821" lon="121.1136873"/>
  <node id="1996143994" lat="31.9439895" lon="121.0901072"/>
  <node id="1996143995" lat="31.9440693" lon="121.0902188"/>
  <node id="1996143997" lat="31.9449711" lon="121.0739533"/>
  <node id="1996143998" lat="31.9458208" lon="121.0635318"/>
  <node id="1996143999" lat="31.9459492" lon="121.0898133"/>
  <node id="1996144000" lat="31.9459941" lon="121.0899074"/>
  <node id="1996144003" lat="31.9468767" lon="121.0897781"/>
  <node id="1996144004" lat="31.9468817" lon="121.0896488"/>
  <node id="1996144007" lat="31.9475698" lon="121.0895254"/>
  <node id="1996144008" lat="31.9475748" lon="121.0896547"/>
  <node id="1996144013" lat="31.9494580" lon="121.0634140"/>
  <node id="1996144016" lat="31.9500580" lon="121.0892727"/>
  <node id="1996144017" lat="31.9500630" lon="121.0891493"/>
  <node id="1996144026" lat="31.9530856" lon="121.0632052">
    <tag k="bus" v="yes"/>
    <tag k="name" v="家纺城小学"/>
    <tag k="name:zh" v="家纺城小学"/>
    <tag k="public_transport" v="stop_position"/>
  </node>
  <node id="1996144044" lat="31.9616315" lon="121.0628311"/>
  <node id="1996144047" lat="31.9657758" lon="121.0626176"/>
  <node id="1996144054" lat="31.9680037" lon="121.0625844"/>
  <node id="1997305343" lat="31.8886681" lon="121.1179319"/>
  <node id="1997305359" lat="31.8887318" lon="121.1179349"/>
  <node id="1997305367" lat="31.8887857" lon="121.1179348"/>
  <node id="1997305414" lat="31.8891869" lon="121.1154604"/>
  <node id="1997305435" lat="31.8894880" lon="121.1153618"/>
  <node id="1997305439" lat="31.8896544" lon="121.1153313"/>
  <node id="1997305442" lat="31.8897293" lon="121.1153269"/>
  <node id="1997305447" lat="31.8898615" lon="121.1153193"/>
  <node id="1997305459" lat="31.8902146" lon="121.1153833"/>
  <node id="1997305483" lat="31.8919177" lon="121.1292312"/>
  <node id="1997305489" lat="31.8919605" lon="121.1159252"/>
  <node id="1997305491" lat="31.8922650" lon="121.1179299"/>
  <node id="1997305496" lat="31.8925024" lon="121.1160375"/>
  <node id="1997305529" lat="31.8930626" lon="121.1160791"/>
  <node id="1997305575" lat="31.8936364" lon="121.1160911"/>
  <node id="1997305602" lat="31.8939827" lon="121.1160871"/>
  <node id="1997305616" lat="31.8943604" lon="121.1159890"/>
  <node id="1997305668" lat="31.8953956" lon="121.1179185"/>
  <node id="1997305674" lat="31.8955039" lon="121.1159286"/>
  <node id="1997305851" lat="31.8978155" lon="121.1178337"/>
  <node id="1997305917" lat="31.8994854" lon="121.1157690"/>
  <node id="1997306122" lat="31.9020550" lon="121.1176697"/>
  <node id="1997306148" lat="31.9025975" lon="121.1176188"/>
  <node id="1997306159" lat="31.9029576" lon="121.1176697"/>
  <node id="1997306168" lat="31.9030959" lon="121.1155541"/>
  <node id="1997306179" lat="31.9033417" lon="121.1178224"/>
  <node id="1997306186" lat="31.9035961" lon="121.1179581"/>
  <node id="1997306194" lat="31.9040522" lon="121.1183257"/>
  <node id="1997306196" lat="31.9043451" lon="121.1186594"/>
  <node id="1997306199" lat="31.9045803" lon="121.1190270"/>
  <node id="1997306206" lat="31.9047628" lon="121.1194059"/>
  <node id="1997306210" lat="31.9048108" lon="121.1379554"/>
  <node id="1997306214" lat="31.9048780" lon="121.1326111"/>
  <node id="1997306215" lat="31.9049116" lon="121.1198414"/>
  <node id="1997306216" lat="31.9049164" lon="121.1280303"/>
  <node id="1997306217" lat="31.9049356" lon="121.1219565"/>
  <node id="1997306218" lat="31.9049644" lon="121.1202542"/>
  <node id="1997306219" lat="31.9049692" lon="121.1209498"/>
  <node id="1997306239" lat="31.9058728" lon="121.1152678"/>
  <node id="1997306316" lat="31.9108934" lon="121.1151579"/>
  <node id="1997306420" lat="31.9138996" lon="121.1150406"/>
  <node id="1997306431" lat="31.9177667" lon="121.1148811"/>
  <node id="1997306436" lat="31.9211173" lon="121.1147171">
    <tag k="bus" v="yes"/>
    <tag k="name" v="天补南"/>
    <tag k="name:zh" v="天补南"/>
    <tag k="public_transport" v="stop_position"/>
  </node>
  <node id="1997306440" lat="31.9241799" lon="121.1145667"/>
  <node id="1997306443" lat="31.9278732" lon="121.0415836"/>
  <node id="1997306445" lat="31.9283141" lon="121.0438361"/>
  <node id="1997306446" lat="31.9284156" lon="121.0443547"/>
  <node id="1997306447" lat="31.9284780" lon="121.0474199"/>
  <node id="1997306449" lat="31.9285984" lon="121.0454811"/>
  <node id="1997306450" lat="31.9285984" lon="121.0462214"/>
  <node id="1997306451" lat="31.9293397" lon="121.1143564"/>
  <node id="1997306459" lat="31.9316651" lon="121.1142428"/>
  <node id="1997306488" lat="31.9460643" lon="121.1134819"/>
  <node id="1997306490" lat="31.9466616" lon="121.1134419"/>
  <node id="1997306491" lat="31.9466627" lon="121.1133198"/>
  <node id="1997306492" lat="31.9472718" lon="121.1132827"/>
  <node id="1997306493" lat="31.9472720" lon="121.1134066"/>
  <node id="1997306509" lat="31.9508012" lon="121.1133139"/>
  <node id="1997306510" lat="31.9512022" lon="121.1131784"/>
  <node id="1997306523" lat="31.9540226" lon="121.0886499"/>
  <node id="1997306528" lat="31.9544161" lon="121.0885859"/>
  <node id="1997306529" lat="31.9545115" lon="121.0884402"/>
  <node id="1997306531" lat="31.9545630" lon="121.0885792"/>
  <node id="1997306532" lat="31.9546347" lon="121.0882786"/>
  <node id="1997306533" lat="31.9546489" lon="121.0886501"/>
  <node id="1997306537" lat="31.9548829" lon="121.0880318"/>
  <node id="1997306540" lat="31.9549870" lon="121.0888870"/>
  <node id="1997306541" lat="31.9549135" lon="121.1132069"/>
  <node id="1997306542" lat="31.9549204" lon="121.1130792"/>
  <node id="1997306549" lat="31.9551367" lon="121.1008653"/>
  <node id="1997306555" lat="31.9552396" lon="121.0927952"/>
  <node id="1997306557" lat="31.9553319" lon="121.0894965"/>
  <node id="1997306559" lat="31.9552775" lon="121.0874498"/>
  <node id="1997306561" lat="31.9554291" lon="121.0876028"/>
  <node id="1997306563" lat="31.9554089" lon="121.1131940"/>
  <node id="1997306564" lat="31.9554392" lon="121.1130653"/>
  <node id="1997306565" lat="31.9554153" lon="121.0804255"/>
  <node id="1997306568" lat="31.9555195" lon="121.0878485"/>
  <node id="1997306578" lat="31.9557597" lon="121.0886685"/>
  <node id="1997306584" lat="31.9559421" lon="121.0881452"/>
  <node id="1997306587" lat="31.9560000" lon="121.0884316"/>
  <node id="1997306590" lat="31.9560347" lon="121.0882226"/>
  <node id="1997306592" lat="31.9561219" lon="121.0883156"/>
  <node id="1997306594" lat="31.9562135" lon="121.0882131"/>
  <node id="1997306596" lat="31.9562681" lon="121.0882836"/>
  <node id="1997306605" lat="31.9571737" lon="121.0880492"/>
  <node id="1997306618" lat="31.9591750" lon="121.1130580"/>
  <node id="1997306621" lat="31.9598455" lon="121.0876329"/>
  <node id="1997306622" lat="31.9598728" lon="121.1129409"/>
  <node id="1997306623" lat="31.9600443" lon="121.0877078"/>
  <node id="1997306632" lat="31.9617218" lon="121.0874438"/>
  <node id="1997306633" lat="31.9617133" lon="121.0873553"/>
  <node id="1997306634" lat="31.9618261" lon="121.1120431"/>
  <node id="1997306635" lat="31.9618278" lon="121.1129255"/>
  <node id="1997306637" lat="31.9618094" lon="121.1152412"/>
  <node id="1997306640" lat="31.9618805" lon="121.1065309"/>
  <node id="1997306641" lat="31.9619262" lon="121.0872464"/>
  <node id="1997306642" lat="31.9618682" lon="121.1170069"/>
  <node id="1997306645" lat="31.9620437" lon="121.0874961"/>
  <node id="1997306646" lat="31.9620791" lon="121.0871438"/>
  <node id="1997306647" lat="31.9621140" lon="121.1010944"/>
  <node id="1997306648" lat="31.9621437" lon="121.0874227"/>
  <node id="1997306650" lat="31.9621526" lon="121.0875633"/>
  <node id="1997306651" lat="31.9622096" lon="121.0870123"/>
  <node id="1997306652" lat="31.9621484" lon="121.1210600"/>
  <node id="1997306653" lat="31.9622684" lon="121.0876831"/>
  <node id="1997306654" lat="31.9623151" lon="121.0868563"/>
  <node id="1997306655" lat="31.9623529" lon="121.0878300"/>
  <node id="1997306656" lat="31.9623917" lon="121.0866661"/>
  <node id="1997306657" lat="31.9624574" lon="121.0880612"/>
  <node id="1997306660" lat="31.9624996" lon="121.0823815"/>
  <node id="1997306661" lat="31.9625193" lon="121.0914272"/>
  <node id="1997306662" lat="31.9625420" lon="121.0882091"/>
  <node id="1997306664" lat="31.9625317" lon="121.0872860"/>
  <node id="1997306665" lat="31.9624418" lon="121.0864001"/>
  <node id="1997306669" lat="31.9628389" lon="121.0436074"/>
  <node id="1997306670" lat="31.9630024" lon="121.1327806"/>
  <node id="1997306671" lat="31.9630581" lon="121.0496624"/>
  <node id="1997306673" lat="31.9630845" lon="121.0503269"/>
  <node id="1997306674" lat="31.9630956" lon="121.0510568"/>
  <node id="1997306675" lat="31.9630988" lon="121.0512454"/>
  <node id="1997306676" lat="31.9631476" lon="121.1350783"/>
  <node id="1997306677" lat="31.9631565" lon="121.0526032"/>
  <node id="1997306678" lat="31.9632032" lon="121.0548644"/>
  <node id="1997306679" lat="31.9632914" lon="121.0573597"/>
  <node id="1997306680" lat="31.9633231" lon="121.1402519"/>
  <node id="1997306683" lat="31.9635105" lon="121.0627327"/>
  <node id="1997306684" lat="31.9635382" lon="121.1128320"/>
  <node id="1997306686" lat="31.9636557" lon="121.0679276"/>
  <node id="1997306691" lat="31.9637747" lon="121.0717977"/>
  <node id="1997306692" lat="31.9638833" lon="121.1599487"/>
  <node id="1997306693" lat="31.9638700" lon="121.0739018"/>
  <node id="1997306704" lat="31.9659605" lon="121.0822174"/>
  <node id="1997306705" lat="31.9660633" lon="121.0658983"/>
  <node id="1997306706" lat="31.9662901" lon="121.1077021"/>
  <node id="1997306707" lat="31.9663308" lon="121.1126927"/>
  <node id="1997306708" lat="31.9663443" lon="121.1118530"/>
  <node id="1997306709" lat="31.9663830" lon="121.1033208"/>
  <node id="1997306710" lat="31.9664310" lon="121.0997070"/>
  <node id="1997306711" lat="31.9664406" lon="121.1000633"/>
  <node id="1997306712" lat="31.9664454" lon="121.0989944"/>
  <node id="1997306713" lat="31.9664838" lon="121.0986155"/>
  <node id="1997306715" lat="31.9665893" lon="121.0983441"/>
  <node id="1997306716" lat="31.9666853" lon="121.0982084"/>
  <node id="1997306717" lat="31.9668334" lon="121.0659373"/>
  <node id="1997306718" lat="31.9670585" lon="121.0659156"/>
  <node id="1997306719" lat="31.9671356" lon="121.0685945"/>
  <node id="1997306720" lat="31.9671292" lon="121.0836006">
    <tag k="bus" v="yes"/>
    <tag k="name" v="加油站"/>
    <tag k="name:zh" v="加油站"/>
    <tag k="public_transport" v="stop_position"/>
  </node>
  <node id="1997306721" lat="31.9671347" lon="121.0828082"/>
  <node id="1997306722" lat="31.9671629" lon="121.0823425"/>
  <node id="1997306723" lat="31.9671836" lon="121.0821523"/>
  <node id="1997306724" lat="31.9672562" lon="121.0974166"/>
  <node id="1997306725" lat="31.9672301" lon="121.0819314"/>
  <node id="1997306726" lat="31.9672629" lon="121.0871750"/>
  <node id="1997306727" lat="31.9672643" lon="121.0758795"/>
  <node id="1997306728" lat="31.9673062" lon="121.0816106"/>
  <node id="1997306730" lat="31.9673069" lon="121.0780226"/>
  <node id="1997306731" lat="31.9673634" lon="121.0658636"/>
  <node id="1997306732" lat="31.9673453" lon="121.0813847"/>
  <node id="1997306733" lat="31.9673686" lon="121.0806808"/>
  <node id="1997306734" lat="31.9673731" lon="121.0810530"/>
  <node id="1997306735" lat="31.9674145" lon="121.0928641"/>
  <node id="1997306736" lat="31.9674241" lon="121.0971282"/>
  <node id="1997306737" lat="31.9674673" lon="121.0968567"/>
  <node id="1997306738" lat="31.9674721" lon="121.0960197"/>
  <node id="1997306739" lat="31.9676796" lon="121.0652597"/>
  <node id="1997306741" lat="31.9677421" lon="121.0657798"/>
  <node id="1997306742" lat="31.9678877" lon="121.0670624"/>
  <node id="1997306744" lat="31.9680442" lon="121.0685443"/>
  <node id="1997306747" lat="31.9681960" lon="121.0709297"/>
  <node id="1997306748" lat="31.9683635" lon="121.1126997"/>
  <node id="1997306749" lat="31.9688028" lon="121.0685021"/>
  <node id="1997306751" lat="31.9695203" lon="121.1127757"/>
  <node id="1997306752" lat="31.9698626" lon="121.0684721"/>
  <node id="1997306754" lat="31.9699256" lon="121.0699252"/>
  <node id="1997306755" lat="31.9700477" lon="121.0720072"/>
  <node id="1997306756" lat="31.9700565" lon="121.0755479"/>
  <node id="1997306759" lat="31.9703175" lon="121.1127757"/>
  <node id="1997306760" lat="31.9702856" lon="121.0911184"/>
  <node id="1997306761" lat="31.9707638" lon="121.0997979"/>
  <node id="1997306762" lat="31.9710169" lon="121.0684418"/>
  <node id="1997306765" lat="31.9711776" lon="121.1071648"/>
  <node id="1997306767" lat="31.9714524" lon="121.1127393"/>
  <node id="1997306769" lat="31.9721059" lon="121.0684135"/>
  <node id="1997306772" lat="31.9725395" lon="121.1127037"/>
  <node id="1997306774" lat="31.9726906" lon="121.0996619"/>
  <node id="1997306781" lat="31.9737059" lon="121.0683485"/>
  <node id="1997306785" lat="31.9754305" lon="121.0682891"/>
  <node id="1997306789" lat="31.9768828" lon="121.1125693"/>
  <node id="1997306790" lat="31.9769416" lon="121.0682580"/>
  <node id="1997306814" lat="31.9780822" lon="121.0860396"/>
  <node id="1997306824" lat="31.9783952" lon="121.0681986"/>
  <node id="1997306831" lat="31.9787084" lon="121.0992780"/>
  <node id="1997306876" lat="31.9799350" lon="121.0680855"/>
  <node id="1997306911" lat="31.9816500" lon="121.0680035"/>
  <node id="1997306912" lat="31.9819030" lon="121.1124093"/>
  <node id="1997306922" lat="31.9838542" lon="121.0678847"/>
  <node id="1997306926" lat="31.9850784" lon="121.0988142"/>
  <node id="1997306927" lat="31.9853172" lon="121.0678084"/>
  <node id="1997306934" lat="31.9872757" lon="121.1122094"/>
  <node id="1997306935" lat="31.9874037" lon="121.0677207"/>
  <node id="1997306938" lat="31.9889247" lon="121.0985502"/>
  <node id="1997306940" lat="31.9892744" lon="121.0676189"/>
  <node id="1997306949" lat="31.9902568" lon="121.0851319"/>
  <node id="1997306950" lat="31.9902529" lon="121.0850334"/>
  <node id="1997306956" lat="31.9910875" lon="121.0715522"/>
  <node id="1997306957" lat="31.9910899" lon="121.0695898"/>
  <node id="1997306958" lat="31.9910923" lon="121.0698641"/>
  <node id="1997306959" lat="31.9911141" lon="121.0750846"/>
  <node id="1997306960" lat="31.9911245" lon="121.0765579"/>
  <node id="1997306961" lat="31.9911403" lon="121.0674832"/>
  <node id="1997306962" lat="31.9911437" lon="121.0781640"/>
  <node id="1997306963" lat="31.9911546" lon="121.0692985"/>
  <node id="1997306964" lat="31.9912108" lon="121.0782658"/>
  <node id="1997306965" lat="31.9912170" lon="121.0675086"/>
  <node id="1997306966" lat="31.9912266" lon="121.0690639"/>
  <node id="1997306967" lat="31.9912386" lon="121.0675822"/>
  <node id="1997306969" lat="31.9917720" lon="121.0782488"/>
  <node id="1997306970" lat="31.9920046" lon="121.0983846"/>
  <node id="1997306971" lat="31.9923293" lon="121.1120574"/>
  <node id="1997306972" lat="31.9930023" lon="121.0983224"/>
  <node id="1997306973" lat="31.9930286" lon="121.0782092"/>
  <node id="1997306975" lat="31.9943500" lon="121.0782036"/>
  <node id="1997306976" lat="31.9942504" lon="121.1119827"/>
  <node id="1997306977" lat="31.9944364" lon="121.0782827"/>
  <node id="1997306978" lat="31.9945035" lon="121.0783902"/>
  <node id="1997306979" lat="31.9945083" lon="121.0982630"/>
  <node id="1997306980" lat="31.9945299" lon="121.0785683"/>
  <node id="1997306981" lat="31.9945347" lon="121.0793148"/>
  <node id="1997306982" lat="31.9945707" lon="121.0827872"/>
  <node id="1997306983" lat="31.9945946" lon="121.0855951"/>
  <node id="1997306984" lat="31.9946042" lon="121.0982461"/>
  <node id="1997306985" lat="31.9946210" lon="121.0884482"/>
  <node id="1997306986" lat="31.9946330" lon="121.0908630"/>
  <node id="1997306987" lat="31.9946594" lon="121.0945022"/>
  <node id="1997306988" lat="31.9946690" lon="121.0981980"/>
  <node id="1997306989" lat="31.9948051" lon="121.1121614"/>
  <node id="1997306990" lat="31.9951328" lon="121.1124655"/>
  <node id="1997306993" lat="31.9958741" lon="121.1131024"/>
  <node id="1997306994" lat="31.9962570" lon="121.1133079"/>
  <node id="1997306996" lat="31.9965144" lon="121.1133051"/>
  <node id="1997306998" lat="31.9972242" lon="121.1132594"/>
  <node id="1997707440" lat="31.9914683" lon="121.0582060"/>
  <node id="1999061028" lat="31.8931948" lon="121.0711046"/>
  <node id="1999061030" lat="31.8936257" lon="121.0664085"/>
  <node id="1999061034" lat="31.8956701" lon="121.0713467"/>
  <node id="1999061035" lat="31.8969557" lon="121.0714558"/>
  <node id="1999061036" lat="31.8980619" lon="121.0653433"/>
  <node id="1999061037" lat="31.8981601" lon="121.0714763"/>
  <node id="1999061038" lat="31.8986298" lon="121.0714450"/>
  <node id="1999061039" lat="31.8992314" lon="121.0713876"/>
  <node id="1999061040" lat="31.8996773" lon="121.0713194"/>
  <node id="1999061041" lat="31.9002345" lon="121.0648237"/>
  <node id="1999061042" lat="31.9011053" lon="121.0710055"/>
  <node id="1999061045" lat="31.9031194" lon="121.0641622"/>
  <node id="1999061046" lat="31.9031965" lon="121.0642178"/>
  <node id="1999061047" lat="31.9032608" lon="121.0645662"/>
  <node id="1999061048" lat="31.9036287" lon="121.0669356"/>
  <node id="1999061049" lat="31.9041853" lon="121.0702447"/>
  <node id="1999061050" lat="31.9049659" lon="121.0746352"/>
  <node id="1999061051" lat="31.9053341" lon="121.1129543"/>
  <node id="1999061052" lat="31.9053377" lon="121.1154341"/>
  <node id="1999061053" lat="31.9053928" lon="121.1060171"/>
  <node id="1999061054" lat="31.9054110" lon="121.1019683"/>
  <node id="1999061055" lat="31.9054771" lon="121.0968641"/>
  <node id="1999061056" lat="31.9055316" lon="121.0897196"/>
  <node id="1999061057" lat="31.9056050" lon="121.0837022"/>
  <node id="1999061058" lat="31.9055920" lon="121.0784025"/>
  <node id="1999061059" lat="31.9056474" lon="121.0792034"/>
  <node id="1999061060" lat="31.9056595" lon="121.0795819"/>
  <node id="1999061061" lat="31.9060789" lon="121.0968738"/>
  <node id="1999061063" lat="31.9063883" lon="121.0696688"/>
  <node id="1999061067" lat="31.9065579" lon="121.0968786"/>
  <node id="1999061074" lat="31.9074337" lon="121.0840341"/>
  <node id="1999061075" lat="31.9075606" lon="121.0839859"/>
  <node id="1999061077" lat="31.9090022" lon="121.0969027"/>
  <node id="1999061078" lat="31.9099684" lon="121.0969075"/>
  <node id="1999061079" lat="31.9107390" lon="121.0576379"/>
  <node id="1999061080" lat="31.9107882" lon="121.0580948"/>
  <node id="1999061081" lat="31.9107909" lon="121.0834698"/>
  <node id="1999061082" lat="31.9109590" lon="121.0592339"/>
  <node id="1999061083" lat="31.9111211" lon="121.0618257"/>
  <node id="1999061084" lat="31.9111501" lon="121.0613040"/>
  <node id="1999061085" lat="31.9111703" lon="121.0607515"/>
  <node id="1999061086" lat="31.9113047" lon="121.0684392"/>
  <node id="1999061088" lat="31.9132105" lon="121.0830647"/>
  <node id="1999061089" lat="31.9134152" lon="121.0830309"/>
  <node id="1999061090" lat="31.9135752" lon="121.0969750"/>
  <node id="1999061091" lat="31.9141607" lon="121.0615734"/>
  <node id="1999061092" lat="31.9143808" lon="121.0615461"/>
  <node id="1999061093" lat="31.9148208" lon="121.0614301"/>
  <node id="1999061094" lat="31.9149285" lon="121.0675295"/>
  <node id="1999061095" lat="31.9154089" lon="121.0832431"/>
  <node id="1999061098" lat="31.9161253" lon="121.0832672"/>
  <node id="1999061099" lat="31.9162045" lon="121.0611028"/>
  <node id="1999061100" lat="31.9163959" lon="121.0970088"/>
  <node id="1999061101" lat="31.9197073" lon="121.0833203"/>
  <node id="1999061102" lat="31.9203960" lon="121.0601410"/>
  <node id="1999061103" lat="31.9205592" lon="121.0970956"/>
  <node id="1999061104" lat="31.9211636" lon="121.0659925"/>
  <node id="1999061106" lat="31.9214921" lon="121.0833396"/>
  <node id="1999061107" lat="31.9218259" lon="121.0597659"/>
  <node id="1999061109" lat="31.9237699" lon="121.0653846"/>
  <node id="1999061110" lat="31.9238381" lon="121.0971487"/>
  <node id="1999061111" lat="31.9242921" lon="121.0833685"/>
  <node id="1999061112" lat="31.9245749" lon="121.0582408"/>
  <node id="1999061113" lat="31.9249057" lon="121.0589883"/>
  <node id="1999061114" lat="31.9251299" lon="121.1142480"/>
  <node id="1999061115" lat="31.9254738" lon="121.1140069"/>
  <node id="1999061116" lat="31.9257685" lon="121.1136693"/>
  <node id="1999061117" lat="31.9259382" lon="121.1134164"/>
  <node id="1999061118" lat="31.9259895" lon="121.1138043"/>
  <node id="1999061119" lat="31.9260468" lon="121.1132545"/>
  <node id="1999061120" lat="31.9260632" lon="121.1140069"/>
  <node id="1999061121" lat="31.9262188" lon="121.1142288"/>
  <node id="1999061122" lat="31.9262351" lon="121.1129555"/>
  <node id="1999061123" lat="31.9263989" lon="121.1124539"/>
  <node id="1999061124" lat="31.9264444" lon="121.1144747"/>
  <node id="1999061125" lat="31.9264971" lon="121.1119523"/>
  <node id="1999061127" lat="31.9266531" lon="121.0577429"/>
  <node id="1999061128" lat="31.9266683" lon="121.0971920"/>
  <node id="1999061129" lat="31.9267195" lon="121.0927855"/>
  <node id="1999061130" lat="31.9267575" lon="121.0908198"/>
  <node id="1999061131" lat="31.9267947" lon="121.0892012"/>
  <node id="1999061132" lat="31.9268063" lon="121.0846246"/>
  <node id="1999061133" lat="31.9268063" lon="121.0854086"/>
  <node id="1999061134" lat="31.9268063" lon="121.0861610"/>
  <node id="1999061135" lat="31.9268063" lon="121.0870725"/>
  <node id="1999061136" lat="31.9268063" lon="121.0885805"/>
  <node id="1999061137" lat="31.9268332" lon="121.0834113"/>
  <node id="1999061138" lat="31.9268493" lon="121.0826812"/>
  <node id="1999061139" lat="31.9268700" lon="121.0817496"/>
  <node id="1999061140" lat="31.9268758" lon="121.0906779"/>
  <node id="1999061141" lat="31.9268945" lon="121.0809407"/>
  <node id="1999061142" lat="31.9269076" lon="121.0805083"/>
  <node id="1999061143" lat="31.9269597" lon="121.0905892"/>
  <node id="1999061144" lat="31.9269830" lon="121.0791407"/>
  <node id="1999061145" lat="31.9270002" lon="121.0895900"/>
  <node id="1999061146" lat="31.9270089" lon="121.0786701"/>
  <node id="1999061147" lat="31.9271334" lon="121.0897503"/>
  <node id="1999061148" lat="31.9272202" lon="121.0903914"/>
  <node id="1999061149" lat="31.9272434" lon="121.0765830"/>
  <node id="1999061150" lat="31.9273294" lon="121.0870388"/>
  <node id="1999061151" lat="31.9273422" lon="121.0826582"/>
  <node id="1999061152" lat="31.9273562" lon="121.0899515"/>
  <node id="1999061153" lat="31.9273765" lon="121.0753519"/>
  <node id="1999061154" lat="31.9274114" lon="121.0900943"/>
  <node id="1999061155" lat="31.9274448" lon="121.0900240"/>
  <node id="1999061156" lat="31.9274773" lon="121.0899590"/>
  <node id="1999061157" lat="31.9274933" lon="121.0745812"/>
  <node id="1999061158" lat="31.9275040" lon="121.0902054"/>
  <node id="1999061159" lat="31.9275136" lon="121.0870050"/>
  <node id="1999061160" lat="31.9275259" lon="121.0834023"/>
  <node id="1999061161" lat="31.9275298" lon="121.0861737"/>
  <node id="1999061162" lat="31.9275384" lon="121.0901006"/>
  <node id="1999061163" lat="31.9275657" lon="121.0741035"/>
  <node id="1999061165" lat="31.9276225" lon="121.0737422"/>
  <node id="1999061166" lat="31.9276635" lon="121.0826343"/>
  <node id="1999061167" lat="31.9276919" lon="121.0740796"/>
  <node id="1999061168" lat="31.9278367" lon="121.0727396"/>
  <node id="1999061169" lat="31.9278976" lon="121.0540351"/>
  <node id="1999061170" lat="31.9279304" lon="121.0534659"/>
  <node id="1999061171" lat="31.9279076" lon="121.0546671"/>
  <node id="1999061173" lat="31.9279546" lon="121.0531000"/>
  <node id="1999061174" lat="31.9279699" lon="121.0557288"/>
  <node id="1999061175" lat="31.9280564" lon="121.0523601"/>
  <node id="1999061176" lat="31.9280625" lon="121.0566292"/>
  <node id="1999061177" lat="31.9281127" lon="121.0574052"/>
  <node id="1999061178" lat="31.9281464" lon="121.0578628">
    <tag k="bus" v="yes"/>
    <tag k="name" v="大东花苑"/>
    <tag k="name:zh" v="大东花苑"/>
    <tag k="public_transport" v="stop_position"/>
  </node>
  <node id="1999061179" lat="31.9281001" lon="121.0714846"/>
  <node id="1999061180" lat="31.9281682" lon="121.0582878"/>
  <node id="1999061181" lat="31.9282237" lon="121.0506892"/>
  <node id="1999061182" lat="31.9282101" lon="121.0707991"/>
  <node id="1999061183" lat="31.9283284" lon="121.0601007">
    <tag k="bus" v="yes"/>
    <tag k="name" v="丽馨家纺"/>
    <tag k="name:zh" v="丽馨家纺"/>
    <tag k="public_transport" v="stop_position"/>
  </node>
  <node id="1999061184" lat="31.9282923" lon="121.0523321"/>
  <node id="1999061185" lat="31.9282798" lon="121.0702354"/>
  <node id="1999061187" lat="31.9283159" lon="121.0696473"/>
  <node id="1999061189" lat="31.9283318" lon="121.0688105"/>
  <node id="1999061191" lat="31.9283767" lon="121.0671992"/>
  <node id="1999061193" lat="31.9283910" lon="121.0609510"/>
  <node id="1999061195" lat="31.9284258" lon="121.0623989">
    <tag k="bus" v="yes"/>
    <tag k="name" v="川港派出所"/>
    <tag k="name:zh" v="川港派出所"/>
    <tag k="public_transport" v="stop_position"/>
  </node>
  <node id="1999061197" lat="31.9284398" lon="121.0634565"/>
  <node id="1999061198" lat="31.9284398" lon="121.0661113"/>
  <node id="1999061201" lat="31.9284502" lon="121.0659019"/>
  <node id="1999061202" lat="31.9284553" lon="121.0642900"/>
  <node id="1999061205" lat="31.9285273" lon="121.0809288"/>
  <node id="1999061207" lat="31.9288415" lon="121.0826718"/>
  <node id="1999061216" lat="31.9293663" lon="121.0579724"/>
  <node id="1999061217" lat="31.9295602" lon="121.0862092"/>
  <node id="1999061218" lat="31.9296307" lon="121.0521633"/>
  <node id="1999061219" lat="31.9297893" lon="121.0568322"/>
  <node id="1999061220" lat="31.9297987" lon="121.0900741"/>
  <node id="1999061221" lat="31.9298313" lon="121.0826616"/>
  <node id="1999061222" lat="31.9298875" lon="121.0573531"/>
  <node id="1999061223" lat="31.9299684" lon="121.0578271"/>
  <node id="1999061224" lat="31.9306245" lon="121.0854569"/>
  <node id="1999061225" lat="31.9308290" lon="121.0571385"/>
  <node id="1999061226" lat="31.9313228" lon="121.0602585"/>
  <node id="1999061227" lat="31.9313936" lon="121.1142594"/>
  <node id="1999061228" lat="31.9314275" lon="121.1111629"/>
  <node id="1999061229" lat="31.9314521" lon="121.1096292"/>
  <node id="1999061230" lat="31.9314766" lon="121.1075554"/>
  <node id="1999061231" lat="31.9314930" lon="121.1065425"/>
  <node id="1999061232" lat="31.9314930" lon="121.1083367"/>
  <node id="1999061233" lat="31.9315125" lon="121.0569552"/>
  <node id="1999061234" lat="31.9315339" lon="121.1015846"/>
  <node id="1999061235" lat="31.9315940" lon="121.0972594"/>
  <node id="1999061236" lat="31.9316813" lon="121.0909741"/>
  <node id="1999061237" lat="31.9316880" lon="121.0905173"/>
  <node id="1999061238" lat="31.9316925" lon="121.0902139"/>
  <node id="1999061239" lat="31.9316941" lon="121.0901051"/>
  <node id="1999061240" lat="31.9317240" lon="121.0574033"/>
  <node id="1999061241" lat="31.9317378" lon="121.0862044"/>
  <node id="1999061242" lat="31.9317464" lon="121.0854715"/>
  <node id="1999061243" lat="31.9317706" lon="121.0834263"/>
  <node id="1999061244" lat="31.9317795" lon="121.0826690"/>
  <node id="1999061245" lat="31.9317895" lon="121.0579193"/>
  <node id="1999061246" lat="31.9318918" lon="121.0585753"/>
  <node id="1999061248" lat="31.9319573" lon="121.0587634"/>
  <node id="1999061249" lat="31.9320079" lon="121.0862044"/>
  <node id="1999061250" lat="31.9320105" lon="121.0592891"/>
  <node id="1999061251" lat="31.9320555" lon="121.0600897"/>
  <node id="1999061252" lat="31.9320801" lon="121.0599305"/>
  <node id="1999061253" lat="31.9321578" lon="121.0599884"/>
  <node id="1999061254" lat="31.9321839" lon="121.0861948"/>
  <node id="1999061255" lat="31.9321857" lon="121.0765662"/>
  <node id="1999061256" lat="31.9321857" lon="121.0792433"/>
  <node id="1999061257" lat="31.9321857" lon="121.0809902"/>
  <node id="1999061258" lat="31.9321886" lon="121.0816339"/>
  <node id="1999061259" lat="31.9322048" lon="121.0731095"/>
  <node id="1999061260" lat="31.9322089" lon="121.0688520"/>
  <node id="1999061261" lat="31.9322205" lon="121.0705094"/>
  <node id="1999061262" lat="31.9322233" lon="121.0651041"/>
  <node id="1999061263" lat="31.9322297" lon="121.0635397"/>
  <node id="1999061264" lat="31.9322724" lon="121.0611700"/>
  <node id="1999061265" lat="31.9324403" lon="121.0626796"/>
  <node id="1999061266" lat="31.9324744" lon="121.0563523"/>
  <node id="1999061267" lat="31.9325189" lon="121.0730427"/>
  <node id="1999061268" lat="31.9325313" lon="121.0635775"/>
  <node id="1999061269" lat="31.9325345" lon="121.0567224"/>
  <node id="1999061270" lat="31.9325508" lon="121.0598726"/>
  <node id="1999061271" lat="31.9326122" lon="121.0572007"/>
  <node id="1999061272" lat="31.9327006" lon="121.0519945"/>
  <node id="1999061273" lat="31.9327079" lon="121.0861610"/>
  <node id="1999061274" lat="31.9327104" lon="121.0597521"/>
  <node id="1999061275" lat="31.9327201" lon="121.0792449"/>
  <node id="1999061276" lat="31.9327665" lon="121.0730210"/>
  <node id="1999061277" lat="31.9327835" lon="121.0826957"/>
  <node id="1999061278" lat="31.9328769" lon="121.0681921"/>
  <node id="1999061279" lat="31.9328933" lon="121.0674276"/>
  <node id="1999061280" lat="31.9329029" lon="121.0636232"/>
  <node id="1999061281" lat="31.9329084" lon="121.0861851"/>
  <node id="1999061282" lat="31.9329805" lon="121.0571284"/>
  <node id="1999061283" lat="31.9330394" lon="121.0861851"/>
  <node id="1999061284" lat="31.9335650" lon="121.0823820"/>
  <node id="1999061285" lat="31.9335823" lon="121.0826991"/>
  <node id="1999061286" lat="31.9336578" lon="121.0812093"/>
  <node id="1999061287" lat="31.9336742" lon="121.0971921"/>
  <node id="1999061288" lat="31.9337525" lon="121.0793026"/>
  <node id="1999061289" lat="31.9339855" lon="121.0746139"/>
  <node id="1999061290" lat="31.9340550" lon="121.0730951"/>
  <node id="1999061291" lat="31.9341410" lon="121.0707512"/>
  <node id="1999061292" lat="31.9342576" lon="121.0677364"/>
  <node id="1999061293" lat="31.9343149" lon="121.0660122"/>
  <node id="1999061294" lat="31.9343742" lon="121.0562482"/>
  <node id="1999061295" lat="31.9344179" lon="121.0637846"/>
  <node id="1999061296" lat="31.9344418" lon="121.0568824"/>
  <node id="1999061297" lat="31.9344847" lon="121.0622600"/>
  <node id="1999061298" lat="31.9344991" lon="121.0574009"/>
  <node id="1999061299" lat="31.9345564" lon="121.0604490"/>
  <node id="1999061300" lat="31.9346075" lon="121.0584788"/>
  <node id="1999061301" lat="31.9346198" lon="121.0590093"/>
  <node id="1999061302" lat="31.9346968" lon="121.0793370"/>
  <node id="1999061303" lat="31.9347921" lon="121.0518546"/>
  <node id="1999061304" lat="31.9349339" lon="121.0822660"/>
  <node id="1999061305" lat="31.9349889" lon="121.0822490"/>
  <node id="1999061306" lat="31.9350178" lon="121.0822080"/>
  <node id="1999061307" lat="31.9350381" lon="121.0818977"/>
  <node id="1999061308" lat="31.9350815" lon="121.0817681"/>
  <node id="1999061309" lat="31.9351336" lon="121.0817135"/>
  <node id="1999061310" lat="31.9352291" lon="121.0816897"/>
  <node id="1999061311" lat="31.9352325" lon="121.0731801"/>
  <node id="1999061312" lat="31.9353400" lon="121.0972017"/>
  <node id="1999061313" lat="31.9355593" lon="121.0793268"/>
  <node id="1999061314" lat="31.9355897" lon="121.0972162"/>
  <node id="1999061315" lat="31.9355909" lon="121.0816760"/>
  <node id="1999061316" lat="31.9356372" lon="121.0817442"/>
  <node id="1999061317" lat="31.9358950" lon="121.0793233"/>
  <node id="1999061318" lat="31.9362271" lon="121.0733007"/>
  <node id="1999061320" lat="31.9365270" lon="121.0973319"/>
  <node id="1999061321" lat="31.9365676" lon="121.1139464"/>
  <node id="1999061322" lat="31.9365753" lon="121.1140702"/>
  <node id="1999061323" lat="31.9366097" lon="121.0733270"/>
  <node id="1999061324" lat="31.9366725" lon="121.1064140"/>
  <node id="1999061325" lat="31.9367256" lon="121.0973610"/>
  <node id="1999061326" lat="31.9367361" lon="121.1025672"/>
  <node id="1999061327" lat="31.9367709" lon="121.0973698"/>
  <node id="1999061328" lat="31.9367878" lon="121.0733393"/>
  <node id="1999061329" lat="31.9367998" lon="121.0958352"/>
  <node id="1999061330" lat="31.9368439" lon="121.0915188"/>
  <node id="1999061331" lat="31.9368468" lon="121.0916689"/>
  <node id="1999061332" lat="31.9368815" lon="121.0914574"/>
  <node id="1999061333" lat="31.9369281" lon="121.0973850"/>
  <node id="1999061334" lat="31.9371134" lon="121.0793609"/>
  <node id="1999061335" lat="31.9372994" lon="121.0516724"/>
  <node id="1999061336" lat="31.9373073" lon="121.0793643"/>
  <node id="1999061340" lat="31.9375066" lon="121.0582025"/>
  <node id="1999061341" lat="31.9375095" lon="121.0561972"/>
  <node id="1999061342" lat="31.9375124" lon="121.0573124"/>
  <node id="1999061343" lat="31.9375240" lon="121.0570600"/>
  <node id="1999061344" lat="31.9375472" lon="121.0582059"/>
  <node id="1999061345" lat="31.9378659" lon="121.0803669"/>
  <node id="1999061346" lat="31.9378890" lon="121.0793915"/>
  <node id="1999061347" lat="31.9379175" lon="121.0734671"/>
  <node id="1999061348" lat="31.9379787" lon="121.0803840"/>
  <node id="1999061349" lat="31.9381376" lon="121.0912903"/>
  <node id="1999061350" lat="31.9381396" lon="121.0973946"/>
  <node id="1999061351" lat="31.9386726" lon="121.0735684"/>
  <node id="1999061354" lat="31.9388509" lon="121.0871979"/>
  <node id="1999061355" lat="31.9389795" lon="121.0554919"/>
  <node id="1999061356" lat="31.9390723" lon="121.0581172"/>
  <node id="1999061359" lat="31.9389704" lon="121.0912810"/>
  <node id="1999061361" lat="31.9393019" lon="121.0912697"/>
  <node id="1999061363" lat="31.9392397" lon="121.0624097"/>
  <node id="1999061364" lat="31.9397766" lon="121.0912119"/>
  <node id="1999061366" lat="31.9392988" lon="121.0736142"/>
  <node id="1999061378" lat="31.9396021" lon="121.0814469"/>
  <node id="1999061380" lat="31.9396172" lon="121.0804318"/>
  <node id="1999061382" lat="31.9396455" lon="121.0785345"/>
  <node id="1999061388" lat="31.9397081" lon="121.0866591"/>
  <node id="1999061390" lat="31.9397337" lon="121.0736478"/>
  <node id="1999061392" lat="31.9397593" lon="121.0870478"/>
  <node id="1999061394" lat="31.9397594" lon="121.0514746"/>
  <node id="1999061396" lat="31.9397786" lon="121.0701997"/>
  <node id="1999061398" lat="31.9397786" lon="121.0706873"/>
  <node id="1999061400" lat="31.9398047" lon="121.0676180"/>
  <node id="1999061402" lat="31.9398288" lon="121.0875755"/>
  <node id="1999061409" lat="31.9398886" lon="121.0665915"/>
  <node id="1999061411" lat="31.9399257" lon="121.0639770"/>
  <node id="1999061413" lat="31.9399272" lon="121.0618935"/>
  <node id="1999061415" lat="31.9399446" lon="121.0618287"/>
  <node id="1999061417" lat="31.9399475" lon="121.0623709"/>
  <node id="1999061419" lat="31.9399822" lon="121.0617946"/>
  <node id="1999061427" lat="31.9400662" lon="121.0892442"/>
  <node id="1999061436" lat="31.9400825" lon="121.0893720"/>
  <node id="1999061438" lat="31.9401112" lon="121.0894371"/>
  <node id="1999061444" lat="31.9402319" lon="121.0895432"/>
  <node id="1999061451" lat="31.9403920" lon="121.0579876"/>
  <node id="1999061453" lat="31.9403961" lon="121.0514337"/>
  <node id="1999061455" lat="31.9404161" lon="121.0898374"/>
  <node id="1999061458" lat="31.9405102" lon="121.0900207"/>
  <node id="1999061459" lat="31.9405312" lon="121.0911213"/>
  <node id="1999061460" lat="31.9405491" lon="121.0903028"/>
  <node id="1999061461" lat="31.9405760" lon="121.0905119"/>
  <node id="1999061462" lat="31.9406205" lon="121.0910160"/>
  <node id="1999061463" lat="31.9405880" lon="121.0906470"/>
  <node id="1999061465" lat="31.9406064" lon="121.0907838"/>
  <node id="1999061468" lat="31.9406801" lon="121.0737107"/>
  <node id="1999061489" lat="31.9415044" lon="121.0622754"/>
  <node id="1999061493" lat="31.9417990" lon="121.0844125"/>
  <node id="1999061495" lat="31.9418286" lon="121.0616582"/>
  <node id="1999061497" lat="31.9418392" lon="121.0815219"/>
  <node id="1999061501" lat="31.9422326" lon="121.0578069"/>
  <node id="1999061505" lat="31.9423211" lon="121.0815488"/>
  <node id="1999061508" lat="31.9424262" lon="121.0414369"/>
  <node id="1999061515" lat="31.9426443" lon="121.0703883"/>
  <node id="1999061518" lat="31.9428062" lon="121.0430393"/>
  <node id="1999061523" lat="31.9429869" lon="121.0438098"/>
  <node id="1999061527" lat="31.9431945" lon="121.0512223"/>
  <node id="1999061536" lat="31.9435377" lon="121.0557846"/>
  <node id="1999061537" lat="31.9435779" lon="121.0577179"/>
  <node id="1999061538" lat="31.9435898" lon="121.0582912"/>
  <node id="1999061539" lat="31.9436680" lon="121.0615344"/>
  <node id="1999061541" lat="31.9436777" lon="121.0621287"/>
  <node id="1999061542" lat="31.9437032" lon="121.0636879"/>
  <node id="1999061544" lat="31.9437453" lon="121.0650493"/>
  <node id="1999061547" lat="31.9438107" lon="121.0674414"/>
  <node id="1999061548" lat="31.9438512" lon="121.0704700"/>
  <node id="1999061549" lat="31.9438967" lon="121.0698191"/>
  <node id="1999061556" lat="31.9442704" lon="121.0493203"/>
  <node id="1999061563" lat="31.9444692" lon="121.0650686"/>
  <node id="1999061568" lat="31.9446965" lon="121.0510961"/>
  <node id="1999061573" lat="31.9447734" lon="121.0556209"/>
  <node id="1999061574" lat="31.9447772" lon="121.0705328"/>
  <node id="1999061577" lat="31.9450665" lon="121.0429487"/>
  <node id="1999061578" lat="31.9451248" lon="121.0434842"/>
  <node id="1999061580" lat="31.9452427" lon="121.0532490"/>
  <node id="1999061582" lat="31.9453295" lon="121.0532900"/>
  <node id="1999061583" lat="31.9454778" lon="121.0461443"/>
  <node id="1999061586" lat="31.9456977" lon="121.1267540"/>
  <node id="1999061587" lat="31.9457429" lon="121.0546843"/>
  <node id="1999061588" lat="31.9457453" lon="121.0556208"/>
  <node id="1999061589" lat="31.9457655" lon="121.0635359"/>
  <node id="1999061590" lat="31.9457919" lon="121.0693943"/>
  <node id="1999061591" lat="31.9458016" lon="121.0705805"/>
  <node id="1999061594" lat="31.9458887" lon="121.0494932"/>
  <node id="1999061596" lat="31.9459850" lon="121.0840489"/>
  <node id="1999061597" lat="31.9460276" lon="121.0510074"/>
  <node id="1999061600" lat="31.9462260" lon="121.0840330"/>
  <node id="1999061605" lat="31.9465541" lon="121.0974911"/>
  <node id="1999061610" lat="31.9467542" lon="121.1267942"/>
  <node id="1999061614" lat="31.9468170" lon="121.0531876"/>
  <node id="1999061618" lat="31.9468671" lon="121.0634993"/>
  <node id="1999061642" lat="31.9471493" lon="121.1368450"/>
  <node id="1999061645" lat="31.9471557" lon="121.1378297"/>
  <node id="1999061646" lat="31.9471677" lon="121.1337193"/>
  <node id="1999061648" lat="31.9471755" lon="121.1267103"/>
  <node id="1999061649" lat="31.9471777" lon="121.1263973"/>
  <node id="1999061651" lat="31.9471841" lon="121.1268997"/>
  <node id="1999061652" lat="31.9471900" lon="121.1380165"/>
  <node id="1999061653" lat="31.9471905" lon="121.1262637"/>
  <node id="1999061654" lat="31.9472034" lon="121.1270082"/>
  <node id="1999061655" lat="31.9472076" lon="121.1260867"/>
  <node id="1999061656" lat="31.9472148" lon="121.1288063"/>
  <node id="1999061657" lat="31.9472355" lon="121.1159306"/>
  <node id="1999061658" lat="31.9472398" lon="121.1271547"/>
  <node id="1999061660" lat="31.9472483" lon="121.1161073"/>
  <node id="1999061665" lat="31.9472741" lon="121.1249133"/>
  <node id="1999061666" lat="31.9472783" lon="121.1167688"/>
  <node id="1999061667" lat="31.9472826" lon="121.1158599"/>
  <node id="1999061668" lat="31.9472826" lon="121.1234843"/>
  <node id="1999061669" lat="31.9473040" lon="121.1210455"/>
  <node id="1999061672" lat="31.9473212" lon="121.1177635"/>
  <node id="1999061676" lat="31.9473640" lon="121.1158346"/>
  <node id="1999061679" lat="31.9473892" lon="121.1384204"/>
  <node id="1999061683" lat="31.9474342" lon="121.1384760"/>
  <node id="1999061685" lat="31.9474480" lon="121.1268013"/>
  <node id="1999061686" lat="31.9474585" lon="121.0974911"/>
  <node id="1999061687" lat="31.9474598" lon="121.0530751"/>
  <node id="1999061691" lat="31.9475240" lon="121.0634891"/>
  <node id="1999061696" lat="31.9480476" lon="121.0682811"/>
  <node id="1999061697" lat="31.9480563" lon="121.0655460"/>
  <node id="1999061698" lat="31.9480968" lon="121.0651333"/>
  <node id="1999061699" lat="31.9481026" lon="121.0696486"/>
  <node id="1999061700" lat="31.9481369" lon="121.0634730"/>
  <node id="1999061701" lat="31.9481576" lon="121.0829046"/>
  <node id="1999061702" lat="31.9481634" lon="121.0647343"/>
  <node id="1999061703" lat="31.9481692" lon="121.0838117"/>
  <node id="1999061704" lat="31.9481721" lon="121.0708593"/>
  <node id="1999061705" lat="31.9481779" lon="121.0810016"/>
  <node id="1999061706" lat="31.9481779" lon="121.0974871"/>
  <node id="1999061707" lat="31.9481808" lon="121.0965015"/>
  <node id="1999061709" lat="31.9481923" lon="121.0938619"/>
  <node id="1999061710" lat="31.9481952" lon="121.0712071"/>
  <node id="1999061711" lat="31.9482039" lon="121.0797432"/>
  <node id="1999061712" lat="31.9482039" lon="121.0840948"/>
  <node id="1999061713" lat="31.9482108" lon="121.0793262"/>
  <node id="1999061714" lat="31.9482213" lon="121.0867719"/>
  <node id="1999061715" lat="31.9482242" lon="121.0853327"/>
  <node id="1999061716" lat="31.9482271" lon="121.0937255"/>
  <node id="1999061717" lat="31.9482444" lon="121.0744538"/>
  <node id="1999061718" lat="31.9482502" lon="121.0858750"/>
  <node id="1999061719" lat="31.9482531" lon="121.0712822"/>
  <node id="1999061720" lat="31.9482560" lon="121.0766023"/>
  <node id="1999061721" lat="31.9482589" lon="121.0732363"/>
  <node id="1999061722" lat="31.9482618" lon="121.0886305"/>
  <node id="1999061723" lat="31.9482705" lon="121.0719028"/>
  <node id="1999061724" lat="31.9482877" lon="121.0894171"/>
  <node id="1999061725" lat="31.9482883" lon="121.0895449"/>
  <node id="1999061726" lat="31.9482982" lon="121.0904221"/>
  <node id="1999061727" lat="31.9482994" lon="121.0905301"/>
  <node id="1999061728" lat="31.9482994" lon="121.0936369"/>
  <node id="1999061730" lat="31.9483399" lon="121.0925694"/>
  <node id="1999061731" lat="31.9483602" lon="121.0935004"/>
  <node id="1999061733" lat="31.9484053" lon="121.1267978"/>
  <node id="1999061734" lat="31.9484727" lon="121.0530197"/>
  <node id="1999061735" lat="31.9486081" lon="121.1384457"/>
  <node id="1999061736" lat="31.9487538" lon="121.1384583"/>
  <node id="1999061737" lat="31.9487950" lon="121.1157791"/>
  <node id="1999061738" lat="31.9488022" lon="121.1261836"/>
  <node id="1999061739" lat="31.9488210" lon="121.1132413"/>
  <node id="1999061740" lat="31.9488217" lon="121.1268067"/>
  <node id="1999061741" lat="31.9488287" lon="121.1133888"/>
  <node id="1999061742" lat="31.9488318" lon="121.1135154"/>
  <node id="1999061743" lat="31.9488406" lon="121.1138760"/>
  <node id="1999061744" lat="31.9488481" lon="121.1384861"/>
  <node id="1999061745" lat="31.9488700" lon="121.1292632"/>
  <node id="1999061746" lat="31.9488807" lon="121.1155266"/>
  <node id="1999061747" lat="31.9488807" lon="121.1157084"/>
  <node id="1999061748" lat="31.9489116" lon="121.0793517"/>
  <node id="1999061750" lat="31.9489366" lon="121.1317353"/>
  <node id="1999061751" lat="31.9489552" lon="121.1385441"/>
  <node id="1999061752" lat="31.9489923" lon="121.1320584"/>
  <node id="1999061753" lat="31.9490121" lon="121.1324192"/>
  <node id="1999061754" lat="31.9490173" lon="121.1386401"/>
  <node id="1999061755" lat="31.9489614" lon="121.1376740"/>
  <node id="1999061756" lat="31.9490545" lon="121.1365430"/>
  <node id="1999061757" lat="31.9490747" lon="121.1397440"/>
  <node id="1999061758" lat="31.9490788" lon="121.1351756"/>
  <node id="1999061761" lat="31.9491091" lon="121.1337760"/>
  <node id="1999061762" lat="31.9495008" lon="121.0529495"/>
  <node id="1999061763" lat="31.9495351" lon="121.1458137"/>
  <node id="1999061765" lat="31.9497654" lon="121.1498982"/>
  <node id="1999061767" lat="31.9499229" lon="121.1546968"/>
  <node id="1999061768" lat="31.9498675" lon="121.1601189"/>
  <node id="1999061769" lat="31.9499346" lon="121.0528675"/>
  <node id="1999061770" lat="31.9501473" lon="121.0902454"/>
  <node id="1999061774" lat="31.9506623" lon="121.1260265"/>
  <node id="1999061776" lat="31.9508748" lon="121.0684380"/>
  <node id="1999061777" lat="31.9508802" lon="121.0975274"/>
  <node id="1999061778" lat="31.9509538" lon="121.1010301"/>
  <node id="1999061780" lat="31.9509681" lon="121.0838910"/>
  <node id="1999061781" lat="31.9509781" lon="121.0521151"/>
  <node id="1999061783" lat="31.9510566" lon="121.1039991"/>
  <node id="1999061784" lat="31.9510886" lon="121.0520862"/>
  <node id="1999061786" lat="31.9511337" lon="121.1102198"/>
  <node id="1999061787" lat="31.9511766" lon="121.1094523"/>
  <node id="1999061788" lat="31.9511821" lon="121.0880356"/>
  <node id="1999061789" lat="31.9511852" lon="121.1099471"/>
  <node id="1999061790" lat="31.9512023" lon="121.1092503"/>
  <node id="1999061791" lat="31.9512066" lon="121.1080486"/>
  <node id="1999061792" lat="31.9512109" lon="121.1119972"/>
  <node id="1999061793" lat="31.9512252" lon="121.0792406"/>
  <node id="1999061794" lat="31.9512452" lon="121.0889700"/>
  <node id="1999061795" lat="31.9512465" lon="121.0890860"/>
  <node id="1999061796" lat="31.9512878" lon="121.1131761"/>
  <node id="1999061797" lat="31.9512962" lon="121.1133010"/>
  <node id="1999061798" lat="31.9512972" lon="121.0901378"/>
  <node id="1999061799" lat="31.9513101" lon="121.1134722"/>
  <node id="1999061800" lat="31.9513229" lon="121.1137992"/>
  <node id="1999061801" lat="31.9513394" lon="121.1139967"/>
  <node id="1999061803" lat="31.9514251" lon="121.0927964"/>
  <node id="1999061804" lat="31.9514777" lon="121.0937011"/>
  <node id="1999061805" lat="31.9514822" lon="121.0838506"/>
  <node id="1999061806" lat="31.9514979" lon="121.1157084"/>
  <node id="1999061807" lat="31.9514905" lon="121.0520345"/>
  <node id="1999061808" lat="31.9516950" lon="121.1186117"/>
  <node id="1999061809" lat="31.9517005" lon="121.0975397"/>
  <node id="1999061810" lat="31.9519692" lon="121.1225653"/>
  <node id="1999061816" lat="31.9520391" lon="121.1601032"/>
  <node id="1999061818" lat="31.9521963" lon="121.1259484"/>
  <node id="1999061822" lat="31.9525597" lon="121.1008723"/>
  <node id="1999061824" lat="31.9528487" lon="121.1131345"/>
  <node id="1999061826" lat="31.9529130" lon="121.1099299"/>
  <node id="1999061831" lat="31.9529952" lon="121.1057795"/>
  <node id="1999061839" lat="31.9531016" lon="121.1011212"/>
  <node id="1999061841" lat="31.9531145" lon="121.0789932"/>
  <node id="1999061843" lat="31.9531440" lon="121.0970593"/>
  <node id="1999061846" lat="31.9531708" lon="121.0958774"/>
  <node id="1999061847" lat="31.9531716" lon="121.0519077"/>
  <node id="1999061848" lat="31.9529672" lon="121.0489722"/>
  <node id="1999061849" lat="31.9530447" lon="121.0509026"/>
  <node id="1999061850" lat="31.9532134" lon="121.0940991"/>
  <node id="1999061853" lat="31.9532586" lon="121.1258837"/>
  <node id="1999061856" lat="31.9532192" lon="121.0549944"/>
  <node id="1999061858" lat="31.9535761" lon="121.0558590"/>
  <node id="1999061860" lat="31.9534419" lon="121.0898970"/>
  <node id="1999061861" lat="31.9534744" lon="121.0836688"/>
  <node id="1999061862" lat="31.9534529" lon="121.0574189"/>
  <node id="1999061868" lat="31.9544673" lon="121.1258409"/>
  <node id="1999061869" lat="31.9545854" lon="121.1601001"/>
  <node id="1999061870" lat="31.9545926" lon="121.0811896"/>
  <node id="1999061871" lat="31.9545969" lon="121.0816844"/>
  <node id="1999061873" lat="31.9547201" lon="121.0687408"/>
  <node id="1999061875" lat="31.9546830" lon="121.1247521"/>
  <node id="1999061876" lat="31.9548554" lon="121.0700984"/>
  <node id="1999061877" lat="31.9550138" lon="121.0719794"/>
  <node id="1999061878" lat="31.9547125" lon="121.0835274"/>
  <node id="1999061884" lat="31.9552519" lon="121.0787516"/>
  <node id="1999061886" lat="31.9548710" lon="121.0853300"/>
  <node id="1999061889" lat="31.9549267" lon="121.0811088"/>
  <node id="1999061890" lat="31.9549396" lon="121.0805446"/>
  <node id="1999061891" lat="31.9549396" lon="121.0856835"/>
  <node id="1999061892" lat="31.9549593" lon="121.1099064"/>
  <node id="1999061893" lat="31.9550170" lon="121.0556742"/>
  <node id="1999061894" lat="31.9551529" lon="121.0687774"/>
  <node id="1999061895" lat="31.9550422" lon="121.1056843"/>
  <node id="1999061896" lat="31.9551408" lon="121.1005844"/>
  <node id="1999061897" lat="31.9551648" lon="121.0957314"/>
  <node id="1999061899" lat="31.9552754" lon="121.0700903"/>
  <node id="1999061901" lat="31.9553791" lon="121.1247279"/>
  <node id="1999061902" lat="31.9553114" lon="121.0856658"/>
  <node id="1999061903" lat="31.9553632" lon="121.0827588"/>
  <node id="1999061904" lat="31.9554479" lon="121.0720006"/>
  <node id="1999061905" lat="31.9555069" lon="121.1272077"/>
  <node id="1999061906" lat="31.9555615" lon="121.1279540"/>
  <node id="1999061907" lat="31.9557123" lon="121.1600823"/>
  <node id="1999061909" lat="31.9557584" lon="121.1315565"/>
  <node id="1999061910" lat="31.9558420" lon="121.0517587"/>
  <node id="1999061911" lat="31.9558644" lon="121.1333952"/>
  <node id="1999061913" lat="31.9559553" lon="121.1353482"/>
  <node id="1999061914" lat="31.9560189" lon="121.1369121"/>
  <node id="1999061916" lat="31.9560821" lon="121.0720568"/>
  <node id="1999061918" lat="31.9563201" lon="121.1145568"/>
  <node id="1999061919" lat="31.9564315" lon="121.1168391"/>
  <node id="1999061920" lat="31.9565258" lon="121.1185154"/>
  <node id="1999061921" lat="31.9565600" lon="121.1190507"/>
  <node id="1999061922" lat="31.9566329" lon="121.1204190"/>
  <node id="1999061926" lat="31.9567280" lon="121.1600712"/>
  <node id="1999061928" lat="31.9567742" lon="121.1224892"/>
  <node id="1999061929" lat="31.9568428" lon="121.1238172"/>
  <node id="1999061931" lat="31.9568643" lon="121.1246765"/>
  <node id="1999061932" lat="31.9569223" lon="121.0517105"/>
  <node id="1999061933" lat="31.9569865" lon="121.0720424"/>
  <node id="1999061940" lat="31.9575103" lon="121.0720634"/>
  <node id="1999061945" lat="31.9575879" lon="121.1600618"/>
  <node id="1999061956" lat="31.9579592" lon="121.1054538"/>
  <node id="1999061957" lat="31.9580055" lon="121.1600573"/>
  <node id="1999061959" lat="31.9580647" lon="121.0689990"/>
  <node id="1999061960" lat="31.9580937" lon="121.1189749"/>
  <node id="1999061961" lat="31.9581123" lon="121.1098678"/>
  <node id="1999061962" lat="31.9581453" lon="121.1189739"/>
  <node id="1999061964" lat="31.9582351" lon="121.1144810"/>
  <node id="1999061965" lat="31.9582415" lon="121.1006309"/>
  <node id="1999061966" lat="31.9582450" lon="121.1003295"/>
  <node id="1999061967" lat="31.9582817" lon="121.0978559"/>
  <node id="1999061968" lat="31.9582890" lon="121.0981833"/>
  <node id="1999061969" lat="31.9582925" lon="121.1003255"/>
  <node id="1999061970" lat="31.9582999" lon="121.0981130"/>
  <node id="1999061971" lat="31.9583336" lon="121.1145063"/>
  <node id="1999061972" lat="31.9583445" lon="121.0552786"/>
  <node id="1999061973" lat="31.9583170" lon="121.0955503"/>
  <node id="1999061975" lat="31.9583938" lon="121.0936214"/>
  <node id="1999061976" lat="31.9584635" lon="121.0906258"/>
  <node id="1999061977" lat="31.9584637" lon="121.0721051"/>
  <node id="1999061981" lat="31.9585041" lon="121.0879426"/>
  <node id="1999061982" lat="31.9585094" lon="121.0878411"/>
  <node id="1999061985" lat="31.9585487" lon="121.0878359"/>
  <node id="1999061986" lat="31.9585533" lon="121.0879359"/>
  <node id="1999061987" lat="31.9585573" lon="121.0955349"/>
  <node id="1999061988" lat="31.9585725" lon="121.0857201"/>
  <node id="1999061993" lat="31.9586190" lon="121.0928565"/>
  <node id="1999061995" lat="31.9586301" lon="121.0828745"/>
  <node id="1999061996" lat="31.9586453" lon="121.0816427"/>
  <node id="1999061999" lat="31.9586786" lon="121.0900367"/>
  <node id="1999062000" lat="31.9586896" lon="121.0798089"/>
  <node id="1999062001" lat="31.9586911" lon="121.0879127"/>
  <node id="1999062002" lat="31.9586972" lon="121.0878109"/>
  <node id="1999062004" lat="31.9587255" lon="121.0879089"/>
  <node id="1999062006" lat="31.9587376" lon="121.0878055"/>
  <node id="1999062010" lat="31.9587604" lon="121.0861486"/>
  <node id="1999062013" lat="31.9588088" lon="121.0838064"/>
  <node id="1999062017" lat="31.9588422" lon="121.0828531"/>
  <node id="1999062019" lat="31.9588325" lon="121.0629709"/>
  <node id="1999062020" lat="31.9588724" lon="121.0814214"/>
  <node id="1999062021" lat="31.9588769" lon="121.0738037"/>
  <node id="1999062022" lat="31.9589293" lon="121.1344401"/>
  <node id="1999062023" lat="31.9589807" lon="121.1350611"/>
  <node id="1999062025" lat="31.9590061" lon="121.1246023"/>
  <node id="1999062026" lat="31.9590150" lon="121.1256795"/>
  <node id="1999062027" lat="31.9590150" lon="121.1330768"/>
  <node id="1999062028" lat="31.9589909" lon="121.0632442"/>
  <node id="1999062029" lat="31.9590325" lon="121.0721437"/>
  <node id="1999062030" lat="31.9590493" lon="121.1279921"/>
  <node id="1999062031" lat="31.9590493" lon="121.1295120"/>
  <node id="1999062032" lat="31.9590536" lon="121.1361619"/>
  <node id="1999062034" lat="31.9590691" lon="121.1368462"/>
  <node id="1999062035" lat="31.9590707" lon="121.1313852"/>
  <node id="1999062036" lat="31.9590793" lon="121.1365254"/>
  <node id="1999062040" lat="31.9592425" lon="121.0721281"/>
  <node id="1999062041" lat="31.9592860" lon="121.0637012"/>
  <node id="1999062042" lat="31.9593611" lon="121.0515754"/>
  <node id="1999062043" lat="31.9596998" lon="121.0698838"/>
  <node id="1999062044" lat="31.9593902" lon="121.0639194"/>
  <node id="1999062045" lat="31.9594365" lon="121.0644992"/>
  <node id="1999062046" lat="31.9594767" lon="121.0720338"/>
  <node id="1999062052" lat="31.9596913" lon="121.0964534"/>
  <node id="1999062054" lat="31.9596824" lon="121.0691270"/>
  <node id="1999062062" lat="31.9597504" lon="121.1122252"/>
  <node id="1999062064" lat="31.9597668" lon="121.1141080"/>
  <node id="1999062065" lat="31.9597698" lon="121.1239200"/>
  <node id="1999062067" lat="31.9597718" lon="121.1129437"/>
  <node id="1999062069" lat="31.9597756" lon="121.1130385"/>
  <node id="1999062072" lat="31.9597789" lon="121.1144349"/>
  <node id="1999062074" lat="31.9597797" lon="121.1131878"/>
  <node id="1999062076" lat="31.9597818" lon="121.1135160"/>
  <node id="1999062078" lat="31.9597868" lon="121.1245753"/>
  <node id="1999062086" lat="31.9598341" lon="121.1218295"/>
  <node id="1999062093" lat="31.9598512" lon="121.1163986"/>
  <node id="1999062097" lat="31.9599276" lon="121.0759868"/>
  <node id="1999062099" lat="31.9599412" lon="121.1191585"/>
  <node id="1999062101" lat="31.9599427" lon="121.1189396"/>
  <node id="1999062103" lat="31.9599455" lon="121.1185324"/>
  <node id="1999062105" lat="31.9599931" lon="121.0776025"/>
  <node id="1999062109" lat="31.9600596" lon="121.1600055"/>
  <node id="1999062111" lat="31.9600848" lon="121.0796589"/>
  <node id="1999062113" lat="31.9600907" lon="121.0954385"/>
  <node id="1999062117" lat="31.9601928" lon="121.0736214"/>
  <node id="1999062119" lat="31.9602218" lon="121.0745588"/>
  <node id="1999062121" lat="31.9602472" lon="121.0814924"/>
  <node id="1999062123" lat="31.9602768" lon="121.0751692"/>
  <node id="1999062125" lat="31.9602785" lon="121.0964389"/>
  <node id="1999062128" lat="31.9602964" lon="121.0842105"/>
  <node id="1999062130" lat="31.9603022" lon="121.0839717"/>
  <node id="1999062132" lat="31.9603097" lon="121.1098195"/>
  <node id="1999062134" lat="31.9603138" lon="121.0825735"/>
  <node id="1999062136" lat="31.9603225" lon="121.0859190"/>
  <node id="1999062142" lat="31.9603260" lon="121.0752170"/>
  <node id="1999062143" lat="31.9603456" lon="121.0855030"/>
  <node id="1999062145" lat="31.9603543" lon="121.0862566"/>
  <node id="1999062147" lat="31.9604244" lon="121.0752375"/>
  <node id="1999062149" lat="31.9604338" lon="121.0875447"/>
  <node id="1999062151" lat="31.9604404" lon="121.0876450"/>
  <node id="1999062153" lat="31.9604700" lon="121.0882142"/>
  <node id="1999062157" lat="31.9605366" lon="121.0892782"/>
  <node id="1999062159" lat="31.9606379" lon="121.0911471"/>
  <node id="1999062161" lat="31.9607044" lon="121.0925623"/>
  <node id="1999062163" lat="31.9606227" lon="121.0786689"/>
  <node id="1999062166" lat="31.9607652" lon="121.0938139"/>
  <node id="1999062168" lat="31.9607749" lon="121.0551013"/>
  <node id="1999062174" lat="31.9608086" lon="121.0946017"/>
  <node id="1999062176" lat="31.9608405" lon="121.0953851"/>
  <node id="1999062178" lat="31.9608718" lon="121.0964292"/>
  <node id="1999062180" lat="31.9608844" lon="121.0751727"/>
  <node id="1999062186" lat="31.9609248" lon="121.0628596"/>
  <node id="1999062199" lat="31.9613041" lon="121.1599727"/>
  <node id="1999062201" lat="31.9613114" lon="121.0679230"/>
  <node id="1999062205" lat="31.9613726" lon="121.1599799"/>
  <node id="1999062209" lat="31.9613168" lon="121.0698274"/>
  <node id="1999062215" lat="31.9614510" lon="121.0698280"/>
  <node id="1999062220" lat="31.9614481" lon="121.0709612"/>
  <node id="1999062222" lat="31.9614755" lon="121.1599597"/>
  <node id="1999062230" lat="31.9614633" lon="121.0716254"/>
  <node id="1999062240" lat="31.9615185" lon="121.0719775"/>
  <node id="1999062245" lat="31.9615950" lon="121.0727953"/>
  <node id="1999062247" lat="31.9615483" lon="121.1597779"/>
  <node id="1999062251" lat="31.9615890" lon="121.0734924"/>
  <node id="1999062257" lat="31.9616382" lon="121.1595103"/>
  <node id="1999062262" lat="31.9616710" lon="121.1594704"/>
  <node id="1999062276" lat="31.9617796" lon="121.1593386"/>
  <node id="1999062280" lat="31.9618261" lon="121.1135516"/>
  <node id="1999062284" lat="31.9618397" lon="121.1097955"/>
  <node id="1999062286" lat="31.9619388" lon="121.1052029"/>
  <node id="1999062289" lat="31.9619886" lon="121.1004039"/>
  <node id="1999062291" lat="31.9619981" lon="121.1592679"/>
  <node id="1999062293" lat="31.9619872" lon="121.1188722"/>
  <node id="1999062295" lat="31.9620099" lon="121.0749987"/>
  <node id="1999062301" lat="31.9624338" lon="121.0749305"/>
  <node id="1999062305" lat="31.9621433" lon="121.1004001"/>
  <node id="1999062307" lat="31.9621573" lon="121.1000695"/>
  <node id="1999062323" lat="31.9623122" lon="121.0514316"/>
  <node id="1999062324" lat="31.9623232" lon="121.0513348"/>
  <node id="1999062325" lat="31.9623365" lon="121.1593638"/>
  <node id="1999062329" lat="31.9623550" lon="121.0512018"/>
  <node id="1999062331" lat="31.9623665" lon="121.0952754"/>
  <node id="1999062333" lat="31.9624141" lon="121.1244853"/>
  <node id="1999062335" lat="31.9623984" lon="121.0511132"/>
  <node id="1999062337" lat="31.9624418" lon="121.0510688"/>
  <node id="1999062341" lat="31.9624777" lon="121.0783818"/>
  <node id="1999062350" lat="31.9625257" lon="121.0510416"/>
  <node id="1999062356" lat="31.9624581" lon="121.0756267"/>
  <node id="1999062360" lat="31.9627688" lon="121.0510313"/>
  <node id="1999062362" lat="31.9629465" lon="121.1134923"/>
  <node id="1999062368" lat="31.9630895" lon="121.0506566"/>
  <node id="1999062374" lat="31.9632313" lon="121.1366960"/>
  <node id="1999062376" lat="31.9632047" lon="121.0549439"/>
  <node id="1999062378" lat="31.9632230" lon="121.0506869"/>
  <node id="1999062381" lat="31.9632317" lon="121.0508574"/>
  <node id="1999062383" lat="31.9632404" lon="121.0510450"/>
  <node id="1999062385" lat="31.9632701" lon="121.0513797"/>
  <node id="1999062387" lat="31.9633603" lon="121.1597577"/>
  <node id="1999062389" lat="31.9633802" lon="121.0513737"/>
  <node id="1999062390" lat="31.9634112" lon="121.1097327"/>
  <node id="1999062391" lat="31.9634620" lon="121.1453014"/>
  <node id="1999062394" lat="31.9640159" lon="121.0753389"/>
  <node id="1999062395" lat="31.9637187" lon="121.0697368"/>
  <node id="1999062396" lat="31.9637147" lon="121.0999614"/>
  <node id="1999062398" lat="31.9637693" lon="121.0951587"/>
  <node id="1999062399" lat="31.9638796" lon="121.1598057"/>
  <node id="1999062401" lat="31.9640376" lon="121.0850256"/>
  <node id="1999062402" lat="31.9640937" lon="121.0867511"/>
  <node id="1999062403" lat="31.9641083" lon="121.0872070"/>
  <node id="1999062406" lat="31.9642342" lon="121.1598334"/>
  <node id="1999062407" lat="31.9642621" lon="121.0939525"/>
  <node id="1999062408" lat="31.9643152" lon="121.0951161"/>
  <node id="1999062410" lat="31.9644871" lon="121.1012768"/>
  <node id="1999062411" lat="31.9645019" lon="121.1016572"/>
  <node id="1999062414" lat="31.9645285" lon="121.1010849"/>
  <node id="1999062415" lat="31.9645495" lon="121.0849956"/>
  <node id="1999062416" lat="31.9645877" lon="121.1008023"/>
  <node id="1999062418" lat="31.9646028" lon="121.1050594"/>
  <node id="1999062420" lat="31.9646058" lon="121.0999131"/>
  <node id="1999062421" lat="31.9646163" lon="121.0867273"/>
  <node id="1999062422" lat="31.9646203" lon="121.1005336"/>
  <node id="1999062425" lat="31.9646295" lon="121.1002331"/>
  <node id="1999062427" lat="31.9646258" lon="121.0789439"/>
  <node id="1999062428" lat="31.9646233" lon="121.0786108"/>
  <node id="1999062430" lat="31.9646943" lon="121.1077812"/>
  <node id="1999062431" lat="31.9646486" lon="121.0778130"/>
  <node id="1999062432" lat="31.9646350" lon="121.0792245"/>
  <node id="1999062436" lat="31.9647506" lon="121.1097008"/>
  <node id="1999062437" lat="31.9647110" lon="121.0772645"/>
  <node id="1999062441" lat="31.9646916" lon="121.0796651"/>
  <node id="1999062445" lat="31.9648430" lon="121.1127669"/>
  <node id="1999062447" lat="31.9648100" lon="121.0816601"/>
  <node id="1999062450" lat="31.9648316" lon="121.0804822"/>
  <node id="1999062451" lat="31.9648133" lon="121.0818799"/>
  <node id="1999062455" lat="31.9648780" lon="121.0763840"/>
  <node id="1999062459" lat="31.9649643" lon="121.0810241"/>
  <node id="1999062460" lat="31.9650054" lon="121.0849689"/>
  <node id="1999062461" lat="31.9650315" lon="121.1096941"/>
  <node id="1999062463" lat="31.9650203" lon="121.0758103"/>
  <node id="1999062464" lat="31.9650713" lon="121.0867092"/>
  <node id="1999062467" lat="31.9651156" lon="121.0815962"/>
  <node id="1999062468" lat="31.9652122" lon="121.0717710"/>
  <node id="1999062469" lat="31.9652377" lon="121.0818633"/>
  <node id="1999062470" lat="31.9652416" lon="121.0819542"/>
  <node id="1999062471" lat="31.9652572" lon="121.0822594"/>
  <node id="1999062473" lat="31.9652428" lon="121.0814752"/>
  <node id="1999062474" lat="31.9652212" lon="121.0815801"/>
  <node id="1999062476" lat="31.9652769" lon="121.0813704"/>
  <node id="1999062477" lat="31.9653559" lon="121.0849483"/>
  <node id="1999062479" lat="31.9653492" lon="121.0812513"/>
  <node id="1999062481" lat="31.9653748" lon="121.1217274"/>
  <node id="1999062482" lat="31.9653876" lon="121.1226868"/>
  <node id="1999062483" lat="31.9653953" lon="121.0866963"/>
  <node id="1999062485" lat="31.9654096" lon="121.0512628"/>
  <node id="1999062487" lat="31.9654219" lon="121.1241410"/>
  <node id="1999062488" lat="31.9654308" lon="121.1243595"/>
  <node id="1999062489" lat="31.9654347" lon="121.1208085"/>
  <node id="1999062490" lat="31.9653893" lon="121.0811996"/>
  <node id="1999062492" lat="31.9654422" lon="121.0811527"/>
  <node id="1999062495" lat="31.9655761" lon="121.1197582"/>
  <node id="1999062496" lat="31.9656228" lon="121.0950141"/>
  <node id="1999062498" lat="31.9656874" lon="121.1133874"/>
  <node id="1999062500" lat="31.9657089" lon="121.1187736"/>
  <node id="1999062503" lat="31.9657518" lon="121.1598368"/>
  <node id="1999062509" lat="31.9659587" lon="121.0849130"/>
  <node id="1999062510" lat="31.9659825" lon="121.0512194"/>
  <node id="1999062512" lat="31.9660130" lon="121.1163752"/>
  <node id="1999062513" lat="31.9660234" lon="121.0509010"/>
  <node id="1999062514" lat="31.9660253" lon="121.0866523"/>
  <node id="1999062515" lat="31.9660329" lon="121.0697015"/>
  <node id="1999062516" lat="31.9660561" lon="121.0675734"/>
  <node id="1999062518" lat="31.9661123" lon="121.0817907"/>
  <node id="1999062519" lat="31.9661081" lon="121.0626126"/>
  <node id="1999062521" lat="31.9661666" lon="121.0487693"/>
  <node id="1999062523" lat="31.9662128" lon="121.0822011"/>
  <node id="1999062524" lat="31.9662051" lon="121.0818554"/>
  <node id="1999062525" lat="31.9662493" lon="121.0818242"/>
  <node id="1999062526" lat="31.9662872" lon="121.1142393"/>
  <node id="1999062528" lat="31.9662944" lon="121.1075004"/>
  <node id="1999062529" lat="31.9663151" lon="121.1096166"/>
  <node id="1999062530" lat="31.9663200" lon="121.0818040"/>
  <node id="1999062532" lat="31.9663481" lon="121.1049654"/>
  <node id="1999062534" lat="31.9663765" lon="121.1133586"/>
  <node id="1999062538" lat="31.9663873" lon="121.1030750"/>
  <node id="1999062540" lat="31.9664335" lon="121.0997981"/>
  <node id="1999062541" lat="31.9664397" lon="121.1001114"/>
  <node id="1999062545" lat="31.9664534" lon="121.0818404"/>
  <node id="1999062547" lat="31.9664746" lon="121.1598385"/>
  <node id="1999062548" lat="31.9664572" lon="121.0778174"/>
  <node id="1999062549" lat="31.9664322" lon="121.0780532"/>
  <node id="1999062551" lat="31.9664480" lon="121.0792636"/>
  <node id="1999062552" lat="31.9664760" lon="121.0775578"/>
  <node id="1999062553" lat="31.9664419" lon="121.0781497"/>
  <node id="1999062554" lat="31.9664472" lon="121.0791481"/>
  <node id="1999062556" lat="31.9665219" lon="121.0438686"/>
  <node id="1999062558" lat="31.9665006" lon="121.0795847"/>
  <node id="1999062563" lat="31.9665566" lon="121.0771523"/>
  <node id="1999062564" lat="31.9664954" lon="121.0790597"/>
  <node id="1999062565" lat="31.9665591" lon="121.0818659"/>
  <node id="1999062569" lat="31.9665578" lon="121.0799002"/>
  <node id="1999062570" lat="31.9665777" lon="121.1598197"/>
  <node id="1999062571" lat="31.9665760" lon="121.0782200"/>
  <node id="1999062574" lat="31.9666451" lon="121.1030755"/>
  <node id="1999062575" lat="31.9666670" lon="121.0818469"/>
  <node id="1999062576" lat="31.9666726" lon="121.0782170"/>
  <node id="1999062577" lat="31.9666817" lon="121.1598007"/>
  <node id="1999062578" lat="31.9666820" lon="121.0790522"/>
  <node id="1999062579" lat="31.9666352" lon="121.0768552"/>
  <node id="1999062580" lat="31.9670336" lon="121.0362811"/>
  <node id="1999062581" lat="31.9666833" lon="121.0766831"/>
  <node id="1999062583" lat="31.9667029" lon="121.0804667"/>
  <node id="1999062589" lat="31.9667626" lon="121.0764245"/>
  <node id="1999062590" lat="31.9667741" lon="121.0818116"/>
  <node id="1999062591" lat="31.9667452" lon="121.0805758"/>
  <node id="1999062592" lat="31.9667485" lon="121.0770233"/>
  <node id="1999062593" lat="31.9667580" lon="121.0780072"/>
  <node id="1999062595" lat="31.9667691" lon="121.0792578"/>
  <node id="1999062597" lat="31.9667934" lon="121.0802324"/>
  <node id="1999062599" lat="31.9668644" lon="121.0790468"/>
  <node id="1999062600" lat="31.9668680" lon="121.1133381"/>
  <node id="1999062601" lat="31.9668705" lon="121.0817106"/>
  <node id="1999062602" lat="31.9668683" lon="121.0809241"/>
  <node id="1999062603" lat="31.9668871" lon="121.0654101"/>
  <node id="1999062604" lat="31.9669119" lon="121.1597221"/>
  <node id="1999062608" lat="31.9669042" lon="121.0767731"/>
  <node id="1999062609" lat="31.9669090" lon="121.0770195"/>
  <node id="1999062610" lat="31.9669248" lon="121.0780031"/>
  <node id="1999062612" lat="31.9669291" lon="121.0782134"/>
  <node id="1999062613" lat="31.9669341" lon="121.0790428"/>
  <node id="1999062614" lat="31.9669414" lon="121.0792500"/>
  <node id="1999062615" lat="31.9669672" lon="121.0803258"/>
  <node id="1999062616" lat="31.9669585" lon="121.0802274"/>
  <node id="1999062617" lat="31.9670097" lon="121.0814506"/>
  <node id="1999062620" lat="31.9669647" lon="121.0758232"/>
  <node id="1999062621" lat="31.9670295" lon="121.0703341"/>
  <node id="1999062623" lat="31.9670374" lon="121.0698524"/>
  <node id="1999062624" lat="31.9669805" lon="121.0812063"/>
  <node id="1999062626" lat="31.9670084" lon="121.0804627"/>
  <node id="1999062627" lat="31.9670500" lon="121.0690898"/>
  <node id="1999062628" lat="31.9670551" lon="121.0716940"/>
  <node id="1999062629" lat="31.9670745" lon="121.0727263"/>
  <node id="1999062630" lat="31.9670827" lon="121.0738548"/>
  <node id="1999062632" lat="31.9670991" lon="121.0680770"/>
  <node id="1999062635" lat="31.9671179" lon="121.1595793"/>
  <node id="1999062636" lat="31.9670769" lon="121.0770177"/>
  <node id="1999062637" lat="31.9670993" lon="121.0745371"/>
  <node id="1999062638" lat="31.9670914" lon="121.0779994"/>
  <node id="1999062641" lat="31.9671064" lon="121.0792448"/>
  <node id="1999062642" lat="31.9671198" lon="121.0802205"/>
  <node id="1999062645" lat="31.9672159" lon="121.0748153"/>
  <node id="1999062646" lat="31.9672302" lon="121.1030972"/>
  <node id="1999062651" lat="31.9672454" lon="121.0750651"/>
  <node id="1999062653" lat="31.9672883" lon="121.0769449"/>
  <node id="1999062654" lat="31.9673360" lon="121.1593579"/>
  <node id="1999062656" lat="31.9673107" lon="121.0782024"/>
  <node id="1999062657" lat="31.9673295" lon="121.0790313"/>
  <node id="1999062659" lat="31.9673595" lon="121.0803175"/>
  <node id="1999062662" lat="31.9674462" lon="121.0946032"/>
  <node id="1999062663" lat="31.9674517" lon="121.0949029"/>
  <node id="1999062666" lat="31.9675116" lon="121.1591223"/>
  <node id="1999062667" lat="31.9675211" lon="121.1000522"/>
  <node id="1999062668" lat="31.9675315" lon="121.1036558"/>
  <node id="1999062669" lat="31.9675315" lon="121.1126968"/>
  <node id="1999062672" lat="31.9675356" lon="121.1096121"/>
  <node id="1999062673" lat="31.9675479" lon="121.1074563"/>
  <node id="1999062674" lat="31.9675642" lon="121.1034484"/>
  <node id="1999062675" lat="31.9675662" lon="121.1588652"/>
  <node id="1999062678" lat="31.9676665" lon="121.1030964"/>
  <node id="1999062679" lat="31.9676691" lon="121.1584653"/>
  <node id="1999062680" lat="31.9676870" lon="121.1029276"/>
  <node id="1999062681" lat="31.9676934" lon="121.1552448"/>
  <node id="1999062682" lat="31.9677074" lon="121.1017749"/>
  <node id="1999062683" lat="31.9677279" lon="121.1014132"/>
  <node id="1999062688" lat="31.9677688" lon="121.1011190"/>
  <node id="1999062690" lat="31.9677726" lon="121.1250484"/>
  <node id="1999062694" lat="31.9678015" lon="121.0996866"/>
  <node id="1999062695" lat="31.9678068" lon="121.1254271"/>
  <node id="1999062697" lat="31.9678097" lon="121.0999711"/>
  <node id="1999062699" lat="31.9678129" lon="121.1000307"/>
  <node id="1999062702" lat="31.9678179" lon="121.1008923"/>
  <node id="1999062706" lat="31.9678240" lon="121.1242607"/>
  <node id="1999062707" lat="31.9679255" lon="121.0747595"/>
  <node id="1999062710" lat="31.9678425" lon="121.1005788"/>
  <node id="1999062712" lat="31.9678425" lon="121.1007669"/>
  <node id="1999062720" lat="31.9678668" lon="121.1452557"/>
  <node id="1999062738" lat="31.9679439" lon="121.1406608"/>
  <node id="1999062742" lat="31.9679585" lon="121.1030394"/>
  <node id="1999062744" lat="31.9679610" lon="121.1260279"/>
  <node id="1999062749" lat="31.9680058" lon="121.1369988"/>
  <node id="1999062750" lat="31.9680124" lon="121.1366062"/>
  <node id="1999062751" lat="31.9680381" lon="121.1222763"/>
  <node id="1999062757" lat="31.9681017" lon="121.1029815"/>
  <node id="1999062759" lat="31.9681024" lon="121.1309661"/>
  <node id="1999062765" lat="31.9681324" lon="121.1268510"/>
  <node id="1999062767" lat="31.9681409" lon="121.1289919"/>
  <node id="1999062771" lat="31.9681785" lon="121.0999260"/>
  <node id="1999062773" lat="31.9681838" lon="121.1275831"/>
  <node id="1999062776" lat="31.9681923" lon="121.1273105"/>
  <node id="1999062780" lat="31.9682080" lon="121.1029550"/>
  <node id="1999062786" lat="31.9680944" lon="121.0736254"/>
  <node id="1999062788" lat="31.9682636" lon="121.0720591"/>
  <node id="1999062792" lat="31.9683139" lon="121.1160450"/>
  <node id="1999062794" lat="31.9683291" lon="121.1132838"/>
  <node id="1999062798" lat="31.9683395" lon="121.1141449"/>
  <node id="1999062800" lat="31.9683405" lon="121.1194472"/>
  <node id="1999062803" lat="31.9683500" lon="121.1132841"/>
  <node id="1999062805" lat="31.9683728" lon="121.0999332"/>
  <node id="1999062807" lat="31.9683938" lon="121.1167568"/>
  <node id="1999062809" lat="31.9684179" lon="121.1186913"/>
  <node id="1999062811" lat="31.9684379" lon="121.1184956"/>
  <node id="1999062813" lat="31.9684412" lon="121.1184632"/>
  <node id="1999062815" lat="31.9684826" lon="121.1175210"/>
  <node id="1999062817" lat="31.9684826" lon="121.1179921"/>
  <node id="1999062819" lat="31.9685774" lon="121.0998970"/>
  <node id="1999062821" lat="31.9686110" lon="121.1029357"/>
  <node id="1999062825" lat="31.9689374" lon="121.0998946"/>
  <node id="1999062827" lat="31.9689424" lon="121.1132912"/>
  <node id="1999062830" lat="31.9691386" lon="121.0649578"/>
  <node id="1999062832" lat="31.9692136" lon="121.0999139"/>
  <node id="1999062836" lat="31.9696102" lon="121.0995900"/>
  <node id="1999062838" lat="31.9697096" lon="121.1028923"/>
  <node id="1999062840" lat="31.9698980" lon="121.0647231"/>
  <node id="1999062842" lat="31.9700576" lon="121.0747094"/>
  <node id="1999062843" lat="31.9700736" lon="121.0819954"/>
  <node id="1999062846" lat="31.9703976" lon="121.1279536"/>
  <node id="1999062848" lat="31.9703976" lon="121.1290493"/>
  <node id="1999062857" lat="31.9704233" lon="121.1271054"/>
  <node id="1999062858" lat="31.9704402" lon="121.1241589"/>
  <node id="1999062859" lat="31.9704533" lon="121.1264288"/>
  <node id="1999062860" lat="31.9704575" lon="121.1308923"/>
  <node id="1999062861" lat="31.9704747" lon="121.1258380"/>
  <node id="1999062862" lat="31.9704790" lon="121.1314377"/>
  <node id="1999062863" lat="31.9704265" lon="121.0944471"/>
  <node id="1999062864" lat="31.9704961" lon="121.1339421"/>
  <node id="1999062865" lat="31.9705304" lon="121.1332100"/>
  <node id="1999062866" lat="31.9705323" lon="121.1365483"/>
  <node id="1999062867" lat="31.9706915" lon="121.1028296"/>
  <node id="1999062869" lat="31.9707500" lon="121.0995246"/>
  <node id="1999062871" lat="31.9709326" lon="121.1028039"/>
  <node id="1999062881" lat="31.9711815" lon="121.1072447"/>
  <node id="1999062892" lat="31.9715928" lon="121.0649864"/>
  <node id="1999062893" lat="31.9715956" lon="121.1132289"/>
  <node id="1999062894" lat="31.9728907" lon="121.0718556"/>
  <node id="1999062895" lat="31.9716653" lon="121.1027717"/>
  <node id="1999062898" lat="31.9718372" lon="121.0642839"/>
  <node id="1999062899" lat="31.9718536" lon="121.1184172"/>
  <node id="1999062900" lat="31.9719312" lon="121.0649284"/>
  <node id="1999062901" lat="31.9720395" lon="121.0655989"/>
  <node id="1999062903" lat="31.9720560" lon="121.1223156"/>
  <node id="1999062904" lat="31.9721378" lon="121.1240928"/>
  <node id="1999062905" lat="31.9722235" lon="121.0641862"/>
  <node id="1999062906" lat="31.9722610" lon="121.0647988"/>
  <node id="1999062908" lat="31.9723095" lon="121.0677282"/>
  <node id="1999062910" lat="31.9723361" lon="121.0681551"/>
  <node id="1999062912" lat="31.9723611" lon="121.0684031"/>
  <node id="1999062913" lat="31.9728088" lon="121.1027018"/>
  <node id="1999062914" lat="31.9729096" lon="121.1240628"/>
  <node id="1999062915" lat="31.9729582" lon="121.0646829"/>
  <node id="1999062916" lat="31.9729979" lon="121.1260823"/>
  <node id="1999062917" lat="31.9730192" lon="121.0942411"/>
  <node id="1999062918" lat="31.9730221" lon="121.1312916"/>
  <node id="1999062919" lat="31.9730312" lon="121.1289244"/>
  <node id="1999062921" lat="31.9731366" lon="121.1364119"/>
  <node id="1999062922" lat="31.9732432" lon="121.1364258"/>
  <node id="1999062923" lat="31.9733977" lon="121.1364151"/>
  <node id="1999062924" lat="31.9734825" lon="121.1364294"/>
  <node id="1999062925" lat="31.9734825" lon="121.1365365"/>
  <node id="1999062926" lat="31.9735067" lon="121.1395999"/>
  <node id="1999062927" lat="31.9735614" lon="121.1488325"/>
  <node id="1999062928" lat="31.9735655" lon="121.1451477"/>
  <node id="1999062929" lat="31.9735657" lon="121.1449798"/>
  <node id="1999062930" lat="31.9735785" lon="121.1494333"/>
  <node id="1999062931" lat="31.9736850" lon="121.0592746"/>
  <node id="1999062932" lat="31.9736942" lon="121.1494838"/>
  <node id="1999062933" lat="31.9737102" lon="121.1240316"/>
  <node id="1999062934" lat="31.9737130" lon="121.1026559"/>
  <node id="1999062935" lat="31.9737220" lon="121.0644714"/>
  <node id="1999062936" lat="31.9738569" lon="121.1503271"/>
  <node id="1999062937" lat="31.9738698" lon="121.1495495"/>
  <node id="1999062938" lat="31.9738728" lon="121.0622643"/>
  <node id="1999062939" lat="31.9738869" lon="121.1500998"/>
  <node id="1999062941" lat="31.9739100" lon="121.0626469"/>
  <node id="1999062942" lat="31.9739297" lon="121.1515086"/>
  <node id="1999062943" lat="31.9739332" lon="121.0631516"/>
  <node id="1999062944" lat="31.9739380" lon="121.1070710"/>
  <node id="1999062945" lat="31.9739512" lon="121.1496151"/>
  <node id="1999062946" lat="31.9739554" lon="121.1498928"/>
  <node id="1999062947" lat="31.9739683" lon="121.1497060"/>
  <node id="1999062948" lat="31.9739881" lon="121.0634074"/>
  <node id="1999062949" lat="31.9739897" lon="121.1533465"/>
  <node id="1999062950" lat="31.9741182" lon="121.1556288"/>
  <node id="1999062951" lat="31.9741183" lon="121.0636973"/>
  <node id="1999062954" lat="31.9742510" lon="121.1582949"/>
  <node id="1999062955" lat="31.9742510" lon="121.1589311"/>
  <node id="1999062956" lat="31.9742601" lon="121.0640247"/>
  <node id="1999062957" lat="31.9742890" lon="121.0642498"/>
  <node id="1999062958" lat="31.9742919" lon="121.0643521"/>
  <node id="1999062959" lat="31.9744289" lon="121.1026149"/>
  <node id="1999062960" lat="31.9745350" lon="121.1183112"/>
  <node id="1999062961" lat="31.9748848" lon="121.0941302"/>
  <node id="1999062962" lat="31.9750730" lon="121.0643112"/>
  <node id="1999062963" lat="31.9751366" lon="121.0643555"/>
  <node id="1999062964" lat="31.9751540" lon="121.0658629"/>
  <node id="1999062965" lat="31.9751685" lon="121.0646556"/>
  <node id="1999062966" lat="31.9751742" lon="121.0660641"/>
  <node id="1999062967" lat="31.9751800" lon="121.0649250"/>
  <node id="1999062968" lat="31.9751916" lon="121.0663505"/>
  <node id="1999062969" lat="31.9752118" lon="121.0672236"/>
  <node id="1999062970" lat="31.9754149" lon="121.1025522"/>
  <node id="1999062971" lat="31.9761204" lon="121.0994431"/>
  <node id="1999062972" lat="31.9761544" lon="121.1014536"/>
  <node id="1999062973" lat="31.9762172" lon="121.1024997"/>
  <node id="1999062974" lat="31.9762868" lon="121.1182607"/>
  <node id="1999062975" lat="31.9763302" lon="121.1045378"/>
  <node id="1999062976" lat="31.9764265" lon="121.1063341"/>
  <node id="1999062977" lat="31.9764349" lon="121.1069164"/>
  <node id="1999062978" lat="31.9765144" lon="121.1098872"/>
  <node id="1999062979" lat="31.9765688" lon="121.1125790"/>
  <node id="1999062985" lat="31.9769635" lon="121.1183263"/>
  <node id="1999062992" lat="31.9774896" lon="121.1072915"/>
  <node id="1999062994" lat="31.9774959" lon="121.1068400"/>
  <node id="1999062995" lat="31.9774980" lon="121.1082563"/>
  <node id="1999062996" lat="31.9775545" lon="121.1116514"/>
  <node id="1999062997" lat="31.9775566" lon="121.1110642"/>
  <node id="1999062998" lat="31.9775587" lon="121.1119944"/>
  <node id="1999062999" lat="31.9775608" lon="121.1101512"/>
  <node id="1999063000" lat="31.9775608" lon="121.1125199"/>
  <node id="1999063003" lat="31.9779572" lon="121.1184021"/>
  <node id="1999063004" lat="31.9787727" lon="121.1067174"/>
  <node id="1999063009" lat="31.9795719" lon="121.1183263"/>
  <node id="1999063015" lat="31.9801778" lon="121.1237489"/>
  <node id="1999063022" lat="31.9823216" lon="121.1182455"/>
  <node id="1999063023" lat="31.9827006" lon="121.1123796"/>
  <node id="1999063026" lat="31.9829619" lon="121.1182502"/>
  <node id="1999063027" lat="31.9830197" lon="121.1182506"/>
  <node id="1999063034" lat="31.9831672" lon="121.1236277"/>
  <node id="1999063059" lat="31.9857692" lon="121.1181446"/>
  <node id="1999063064" lat="31.9874952" lon="121.1180638"/>
  <node id="1999063080" lat="31.9897392" lon="121.1180385"/>
  <node id="1999063091" lat="31.9911439" lon="121.1179981"/>
  <node id="1999063094" lat="31.9911684" lon="121.1059075"/>
  <node id="1999063095" lat="31.9911721" lon="121.1120922"/>
  <node id="1999063102" lat="31.9912887" lon="121.1120887"/>
  <node id="2524164988" lat="31.9188885" lon="121.1171713"/>
  <node id="2524165008" lat="31.9184217" lon="121.0896115"/>
  <node id="2524165071" lat="31.9201490" lon="121.1237445"/>
  <node id="2524165340" lat="31.9212124" lon="121.1313962"/>
  <node id="2537096768" lat="31.9068399" lon="121.0695597"/>
  <node id="2537096806" lat="31.9611473" lon="121.0660496"/>
  <node id="2537096808" lat="31.9636085" lon="121.0659600"/>
  <node id="3236004510" lat="31.9724009" lon="121.0436858"/>
  <node id="3247248490" lat="31.9873889" lon="121.0583778"/>
  <node id="3247248491" lat="31.9874922" lon="121.0614265"/>
  <node id="3247248492" lat="31.9874959" lon="121.0615095"/>
  <node id="3255254533" lat="31.9707481" lon="121.0750788"/>
  <node id="3255254534" lat="31.9704610" lon="121.0750850"/>
  <node id="3255254535" lat="31.9705055" lon="121.0762684"/>
  <node id="3255254536" lat="31.9704205" lon="121.0719795"/>
  <node id="3255263689" lat="31.9912355" lon="121.0679698"/>
  <node id="3255263701" lat="31.9873238" lon="121.0677241"/>
  <node id="3255263703" lat="31.9872690" lon="121.0783473"/>
  <node id="3255263704" lat="31.9901131" lon="121.0782682"/>
  <node id="3255263705" lat="31.9839553" lon="121.0783473"/>
  <node id="3255263706" lat="31.9778374" lon="121.0785213"/>
  <node id="3255263707" lat="31.9775288" lon="121.0748043"/>
  <node id="3255263708" lat="31.9772453" lon="121.0682456"/>
  <node id="3258041960" lat="31.9973397" lon="121.0848187"/>
  <node id="3258041968" lat="31.9973467" lon="121.0849457"/>
  <node id="3258058958" lat="31.9918045" lon="121.0850301"/>
  <node id="3258058959" lat="31.9945863" lon="121.0846162"/>
  <node id="3258060561" lat="31.9946259" lon="121.0894268"/>
  <node id="3258060563" lat="31.9873350" lon="121.0853476"/>
  <node id="3258060564" lat="31.9875654" lon="121.0931537"/>
  <node id="3258060565" lat="31.9877452" lon="121.0986312"/>
  <node id="3258060566" lat="31.9880113" lon="121.1061208"/>
  <node id="3258060567" lat="31.9909271" lon="121.1059056"/>
  <node id="3258060568" lat="31.9890631" lon="121.1060584"/>
  <node id="3258060569" lat="31.9848102" lon="121.1063131"/>
  <node id="3258060570" lat="31.9825078" lon="121.1064514"/>
  <node id="3258060571" lat="31.9787513" lon="121.1124896"/>
  <node id="3258060572" lat="31.9787020" lon="121.1017826"/>
  <node id="3258060573" lat="31.9786897" lon="121.0989008"/>
  <node id="3258060574" lat="31.9782205" lon="121.0939158"/>
  <node id="3258060575" lat="31.9781650" lon="121.0929042"/>
  <node id="3258060576" lat="31.9781341" lon="121.0913687"/>
  <node id="3258060577" lat="31.9781773" lon="121.0885159"/>
  <node id="3258061170" lat="31.9754065" lon="121.0994886"/>
  <node id="3258061171" lat="31.9752574" lon="121.0975690"/>
  <node id="3258061172" lat="31.9750599" lon="121.0960044"/>
  <node id="3258061173" lat="31.9748747" lon="121.0945125"/>
  <node id="3258061174" lat="31.9748253" lon="121.0939303"/>
  <node id="3258061175" lat="31.9746771" lon="121.0907719"/>
  <node id="3258061176" lat="31.9746154" lon="121.0887779"/>
  <node id="3258061177" lat="31.9750475" lon="121.0940540"/>
  <node id="3258061178" lat="31.9822576" lon="121.0935883"/>
  <node id="3258061179" lat="31.9849674" lon="121.0933554"/>
  <node id="3258061180" lat="31.9893684" lon="121.0930061"/>
  <node id="3258101915" lat="31.9915898" lon="121.0674010"/>
  <node id="3258101916" lat="31.9922440" lon="121.0673574"/>
  <node id="3258101917" lat="31.9922255" lon="121.0669717"/>
  <node id="3258101918" lat="31.9920774" lon="121.0639443"/>
  <node id="3258101919" lat="31.9918737" lon="121.0619139"/>
  <node id="3258101920" lat="31.9918329" lon="121.0613242"/>
  <node id="3258101922" lat="31.9894127" lon="121.0582592"/>
  <node id="3258101923" lat="31.9881934" lon="121.0583270"/>
  <node id="3258101924" lat="31.9872005" lon="121.0583866"/>
  <node id="3258101925" lat="31.9834175" lon="121.0584644"/>
  <node id="3258101926" lat="31.9830780" lon="121.0585153"/>
  <node id="3258101927" lat="31.9810965" lon="121.0586754"/>
  <node id="3258101928" lat="31.9780718" lon="121.0589520"/>
  <node id="3258101929" lat="31.9768680" lon="121.0590393"/>
  <node id="3258101930" lat="31.9721396" lon="121.0594204"/>
  <node id="3258101931" lat="31.9706295" lon="121.0595368"/>
  <node id="3258101932" lat="31.9696900" lon="121.0595568"/>
  <node id="3258101933" lat="31.9676179" lon="121.0595644"/>
  <node id="3258101934" lat="31.9669811" lon="121.0595870"/>
  <node id="3258101935" lat="31.9662064" lon="121.0594855"/>
  <node id="3258101936" lat="31.9655207" lon="121.0594414"/>
  <node id="3258101937" lat="31.9641714" lon="121.0595484"/>
  <node id="3258101939" lat="31.9618927" lon="121.0597213"/>
  <node id="3258101940" lat="31.9606309" lon="121.0597700"/>
  <node id="3258101941" lat="31.9586353" lon="121.0599422"/>
  <node id="3258101942" lat="31.9558486" lon="121.0600779"/>
  <node id="3258101943" lat="31.9537778" lon="121.0602452"/>
  <node id="3258101944" lat="31.9563049" lon="121.0630748"/>
  <node id="3258101945" lat="31.9552119" lon="121.0556510"/>
  <node id="3258101946" lat="31.9608812" lon="121.0624266"/>
  <node id="3258101947" lat="31.9602567" lon="121.0551391"/>
  <node id="3258101948" lat="31.9634620" lon="121.0549948"/>
  <node id="3258101949" lat="31.9651114" lon="121.0548914"/>
  <node id="3258101950" lat="31.9656232" lon="121.0626246"/>
  <node id="3258101951" lat="31.9704548" lon="121.0607722"/>
  <node id="3258101953" lat="31.9692846" lon="121.0624895"/>
  <node id="3258101954" lat="31.9780706" lon="121.0682119"/>
  <node id="3258101955" lat="31.9780131" lon="121.0620559"/>
  <node id="3258101956" lat="31.9779585" lon="121.0606103"/>
  <node id="3258101957" lat="31.9781005" lon="121.0603775"/>
  <node id="3258101958" lat="31.9781066" lon="121.0600063"/>
  <node id="3258101959" lat="31.9779461" lon="121.0527216"/>
  <node id="3349761362" lat="31.9485559" lon="121.0232124"/>
  <node id="3349761363" lat="31.9504091" lon="121.0236873"/>
  <node id="3349761364" lat="31.9507648" lon="121.0244149"/>
  <node id="3349761365" lat="31.9507916" lon="121.0275151"/>
  <node id="3349761366" lat="31.9508788" lon="121.0356372"/>
  <node id="3349761367" lat="31.9510468" lon="121.0426784"/>
  <node id="3349761368" lat="31.9512211" lon="121.0468833"/>
  <node id="3354090072" lat="31.9608550" lon="121.0355959"/>
  <node id="3354112927" lat="31.9606552" lon="121.0361405"/>
  <node id="3354112928" lat="31.9606756" lon="121.0390909"/>
  <node id="3354112929" lat="31.9604732" lon="121.0433715"/>
  <node id="3354112930" lat="31.9601329" lon="121.0515378"/>
  <node id="3354112931" lat="31.9577833" lon="121.0388012"/>
  <node id="3354112937" lat="31.9509556" lon="121.0388735"/>
  <node id="3361182871" lat="31.9872940" lon="121.0615233"/>
  <node id="3361182873" lat="31.9872950" lon="121.0614391"/>
  <node id="3374173425" lat="31.8921423" lon="121.1292025"/>
  <node id="3374173426" lat="31.8942532" lon="121.1290603"/>
  <node id="3374173427" lat="31.8948372" lon="121.1290428"/>
  <node id="3374173428" lat="31.8970710" lon="121.1289432"/>
  <node id="3374173429" lat="31.9032461" lon="121.1286172"/>
  <node id="3374173430" lat="31.9033005" lon="121.1288212"/>
  <node id="3374173431" lat="31.9049099" lon="121.1288039"/>
  <node id="3374173432" lat="31.9056627" lon="121.1287841"/>
  <node id="3374173433" lat="31.9069380" lon="121.1285298"/>
  <node id="3374173434" lat="31.9074774" lon="121.1283782"/>
  <node id="3374173435" lat="31.9109762" lon="121.1281975"/>
  <node id="3374173436" lat="31.9145936" lon="121.1279934"/>
  <node id="3374173437" lat="31.9166769" lon="121.1279001"/>
  <node id="3374173438" lat="31.9186414" lon="121.1277777"/>
  <node id="3374173439" lat="31.9216795" lon="121.1276378"/>
  <node id="3374173440" lat="31.9246731" lon="121.1274629"/>
  <node id="3374173441" lat="31.9268007" lon="121.1273988"/>
  <node id="3485501356" lat="31.9285233" lon="121.0449018"/>
  <node id="3485501357" lat="31.9284487" lon="121.0477584"/>
  <node id="3485501358" lat="31.9283323" lon="121.0495892">
    <tag k="bus" v="yes"/>
    <tag k="name" v="盛达印染"/>
    <tag k="name:zh" v="盛达印染"/>
    <tag k="public_transport" v="stop_position"/>
  </node>
  <node id="3485501362" lat="31.9282685" lon="121.0593350"/>
  <node id="3485501364" lat="31.9284514" lon="121.0655096"/>
  <node id="3485501366" lat="31.9283212" lon="121.0693698"/>
  <node id="3485501372" lat="31.9272477" lon="121.0765429"/>
  <node id="3485501373" lat="31.9276417" lon="121.0765513"/>
  <node id="3568491814" lat="32.0016741" lon="121.0629426"/>
  <node id="3568491815" lat="31.9983663" lon="121.0620109"/>
  <node id="3568491816" lat="31.9969941" lon="121.0616979"/>
  <node id="3568491817" lat="31.9964804" lon="121.0616085"/>
  <node id="3568491818" lat="31.9952747" lon="121.0614596"/>
  <node id="3568491819" lat="31.9941143" lon="121.0613382"/>
  <node id="3568491820" lat="31.9931756" lon="121.0612635"/>
  <node id="3568491821" lat="31.9918289" lon="121.0612448"/>
  <node id="3568491822" lat="31.9903858" lon="121.0612936"/>
  <node id="3568491823" lat="31.9896055" lon="121.0613231"/>
  <node id="3568491824" lat="31.9881634" lon="121.0613836"/>
  <node id="3568491825" lat="31.9871114" lon="121.0614508"/>
  <node id="3568491826" lat="31.9856602" lon="121.0615315"/>
  <node id="3568491827" lat="31.9849816" lon="121.0615752"/>
  <node id="3568491828" lat="31.9835902" lon="121.0616323"/>
  <node id="3568491829" lat="31.9781727" lon="121.0619449"/>
  <node id="3568491830" lat="31.9780131" lon="121.0619584"/>
  <node id="3568491831" lat="31.9760941" lon="121.0620659"/>
  <node id="3568491832" lat="31.9738642" lon="121.0621769"/>
  <node id="3568491833" lat="31.9702228" lon="121.0623214"/>
  <node id="3568491834" lat="31.9681981" lon="121.0624996"/>
  <node id="3568491835" lat="31.9672941" lon="121.0625197"/>
  <node id="3568491836" lat="31.9656230" lon="121.0625466"/>
  <node id="3568491837" lat="31.9642969" lon="121.0626206"/>
  <node id="3568491838" lat="31.9635080" lon="121.0626654"/>
  <node id="3568491839" lat="31.9616406" lon="121.0627480"/>
  <node id="3568491844" lat="31.9535875" lon="121.0631933"/>
  <node id="3568491845" lat="31.9609174" lon="121.0627808"/>
  <node id="3568491846" lat="31.9661163" lon="121.0625294"/>
  <node id="3568491847" lat="31.9812921" lon="121.0617769"/>
  <node id="3568491849" lat="31.9896146" lon="121.0613928"/>
  <node id="3568491850" lat="31.9966735" lon="121.0617020"/>
  <node id="3568491851" lat="32.0000385" lon="121.0624554"/>
  <node id="3568491852" lat="32.0000375" lon="121.0623839"/>
  <node id="3568491866" lat="31.9502267" lon="121.0633645"/>
  <node id="3568491874" lat="31.9446307" lon="121.0635791"/>
  <node id="3570803593" lat="31.9283647" lon="121.0676289">
    <tag k="bus" v="yes"/>
    <tag k="name" v="川港镇东"/>
    <tag k="name:zh" v="川港镇东"/>
    <tag k="public_transport" v="stop_position"/>
  </node>
  <node id="3666934998" lat="31.9625400" lon="121.0679578"/>
  <node id="3781589405" lat="31.9665442" lon="121.0435388"/>
  <node id="3781589406" lat="31.9665062" lon="121.0440859"/>
  <node id="3830213437" lat="31.9183223" lon="121.0896061"/>
  <node id="3830213438" lat="31.9183285" lon="121.1106623"/>
  <node id="3830213439" lat="31.9184493" lon="121.1140233"/>
  <node id="3830213440" lat="31.9186287" lon="121.1159178"/>
  <node id="3830213441" lat="31.9187933" lon="121.1171874"/>
  <node id="3830213442" lat="31.9194701" lon="121.1210051"/>
  <node id="3830213443" lat="31.9199745" lon="121.1233413"/>
  <node id="3830213444" lat="31.9205887" lon="121.1270328"/>
  <node id="3830213445" lat="31.9210502" lon="121.1311697"/>
  <node id="3830213446" lat="31.9211823" lon="121.1327082"/>
  <node id="3830213447" lat="31.9213065" lon="121.1358467"/>
  <node id="3830213911" lat="31.9213986" lon="121.1354875"/>
  <node id="3830213912" lat="31.9213266" lon="121.1335268"/>
  <node id="3830213913" lat="31.9209721" lon="121.1292515"/>
  <node id="3830213914" lat="31.9206837" lon="121.1269298"/>
  <node id="3830213915" lat="31.9197224" lon="121.1216653"/>
  <node id="3830213916" lat="31.9187319" lon="121.1148339"/>
  <node id="3830213917" lat="31.9185653" lon="121.1140016"/>
  <node id="3830213918" lat="31.9184547" lon="121.1114776"/>
  <node id="3830216164" lat="31.9032623" lon="121.0887926"/>
  <node id="3830216165" lat="31.9016999" lon="121.0887218"/>
  <node id="3830216166" lat="31.8997769" lon="121.0887218"/>
  <node id="3830216168" lat="31.8894561" lon="121.0893304"/>
  <node id="3830216169" lat="31.8996287" lon="121.0888258"/>
  <node id="3830216170" lat="31.9017327" lon="121.0888366"/>
  <node id="3830216171" lat="31.9183223" lon="121.0897365"/>
  <node id="3830216172" lat="31.9184219" lon="121.0897459"/>
  <node id="3830216173" lat="31.8895929" lon="121.0893236"/>
  <node id="3830216174" lat="31.8896048" lon="121.0892062"/>
  <node id="3848390690" lat="31.8942881" lon="121.1160741"/>
  <node id="3848390691" lat="31.9316494" lon="121.1143334"/>
  <node id="3853587752" lat="31.9064330" lon="121.1152625"/>
  <node id="3853587753" lat="31.9058819" lon="121.1153912"/>
  <node id="3853587754" lat="31.9053355" lon="121.1153376"/>
  <node id="3853587755" lat="31.9027399" lon="121.1156469"/>
  <node id="3853587756" lat="31.9086073" lon="121.1152145"/>
  <node id="3853599557" lat="31.9086176" lon="121.1152950"/>
  <node id="3853599558" lat="31.9108964" lon="121.1152357"/>
  <node id="3853599559" lat="31.9139100" lon="121.1151269"/>
  <node id="3853599560" lat="31.9265250" lon="121.1145626"/>
  <node id="3853599561" lat="31.9241400" lon="121.1146693"/>
  <node id="3853599562" lat="31.9244035" lon="121.1145576"/>
  <node id="3853599563" lat="31.9313926" lon="121.1143449"/>
  <node id="3923377220" lat="31.9341663" lon="121.0585557"/>
  <node id="3923377221" lat="31.9368474" lon="121.0559889"/>
  <node id="3923377222" lat="31.9369060" lon="121.0561271"/>
  <node id="3923377223" lat="31.9368894" lon="121.0582613"/>
  <node id="3923377224" lat="31.9370652" lon="121.0629786"/>
  <node id="3923377225" lat="31.9370915" lon="121.0640693"/>
  <node id="3931458586" lat="31.9633863" lon="121.0595954"/>
  <node id="3931458588" lat="31.9640439" lon="121.0595618">
    <tag k="bus" v="yes"/>
    <tag k="name" v="家纺城客运站"/>
    <tag k="name:zh" v="家纺城客运站"/>
    <tag k="public_transport" v="stop_position"/>
  </node>
  <node id="3931458590" lat="31.9251342" lon="121.0650858">
    <tag k="bus" v="yes"/>
    <tag k="name" v="川港南路口"/>
    <tag k="name:zh" v="川港南路口"/>
    <tag k="public_transport" v="stop_position"/>
  </node>
  <node id="3931458592" lat="31.9221536" lon="121.0657843"/>
  <node id="3931458595" lat="31.9198223" lon="121.0663157"/>
  <node id="3931458596" lat="31.9181129" lon="121.0667276"/>
  <node id="3931458597" lat="31.9160622" lon="121.0672527"/>
  <node id="3931458602" lat="31.9104520" lon="121.0686641"/>
  <node id="3931458604" lat="31.9052054" lon="121.0699735"/>
  <node id="3931458605" lat="31.9042761" lon="121.0707279"/>
  <node id="3931458606" lat="31.9041101" lon="121.0697522"/>
  <node id="3931458609" lat="31.9020217" lon="121.0707826"/>
  <node id="3931458610" lat="31.9006636" lon="121.0711223"/>
  <node id="3931458613" lat="31.8975127" lon="121.0714803"/>
  <node id="3931458617" lat="31.8937749" lon="121.0663727"/>
  <node id="3951228912" lat="31.9993384" lon="121.0622987"/>
  <node id="3951228913" lat="31.9993305" lon="121.0622261"/>
  <node id="3951230760" lat="31.9956210" lon="121.0615024"/>
  <node id="3951230761" lat="31.9956342" lon="121.0615926"/>
  <node id="3951230764" lat="31.9942447" lon="121.0613518"/>
  <node id="3951230765" lat="31.9942337" lon="121.0614453"/>
  <node id="4051066009" lat="31.9183732" lon="121.1124506"/>
  <node id="4051066010" lat="31.9184733" lon="121.1124406"/>
  <node id="4149746114" lat="31.9364684" lon="121.0583014"/>
  <node id="4149746115" lat="31.9368072" lon="121.0582691"/>
  <node id="4149907571" lat="31.9423191" lon="121.0357765"/>
  <node id="4149907572" lat="31.9424179" lon="121.0359329"/>
  <node id="4149946889" lat="31.9183244" lon="121.0970490"/>
  <node id="4149946890" lat="31.9184329" lon="121.0970513"/>
  <node id="4161784101" lat="31.9206960" lon="121.1276847"/>
  <node id="4161784102" lat="31.9207996" lon="121.1276739"/>
  <node id="4826426248" lat="31.9598602" lon="121.0753716"/>
  <node id="4826426249" lat="31.9599558" lon="121.0752777"/>
  <node id="4826426250" lat="31.9601355" lon="121.0752670"/>
  <node id="4826426251" lat="31.9550401" lon="121.0736734"/>
  <node id="4826426253" lat="31.9557992" lon="121.0737059"/>
  <node id="4826426254" lat="31.9564683" lon="121.0737060"/>
  <node id="4826426255" lat="31.9569599" lon="121.0737247"/>
  <node id="4826426256" lat="31.9572352" lon="121.0737730"/>
  <node id="4826426257" lat="31.9575879" lon="121.0738025"/>
  <node id="4826426258" lat="31.9583435" lon="121.0738481"/>
  <node id="4826426259" lat="31.9540894" lon="121.0631624"/>
  <node id="4826426263" lat="31.9549065" lon="121.0710935"/>
  <node id="4826426265" lat="31.9549644" lon="121.0747217">
    <tag k="bus" v="yes"/>
    <tag k="name" v="志南公寓"/>
    <tag k="name:zh" v="志南公寓"/>
    <tag k="public_transport" v="stop_position"/>
  </node>
  <node id="4826426266" lat="31.9550037" lon="121.0759443"/>
  <node id="4826426267" lat="31.9550816" lon="121.0769557"/>
  <node id="4826426269" lat="31.9599859" lon="121.0719008"/>
  <node id="4826426270" lat="31.9605093" lon="121.0717935"/>
  <node id="7215592881" lat="31.9187295" lon="121.1157958"/>
  <node id="7215592882" lat="31.9189951" lon="121.1185840"/>
  <node id="7215592883" lat="31.9192599" lon="121.1200225"/>
  <node id="7215592884" lat="31.9190930" lon="121.1185504"/>
  <node id="7215628985" lat="31.9193451" lon="121.1199228"/>
  <node id="7764044796" lat="31.9584968" lon="121.0955398"/>
  <node id="7764044797" lat="31.9583625" lon="121.0955472"/>
  <node id="7870782897" lat="31.9603072" lon="121.0824656"/>
  <node id="7870782898" lat="31.9588483" lon="121.0825625"/>
  <node id="7870782899" lat="31.9586337" lon="121.0825791"/>
  <node id="7934288481" lat="31.9620011" lon="121.1035471"/>
  <node id="7934288484" lat="31.9618453" lon="121.1082663"/>
  <node id="7934297899" lat="31.9282308" lon="121.1144367"/>
  <node id="7936911109" lat="31.9654830" lon="121.0750901"/>
  <node id="8811698236" lat="31.9618232" lon="121.0327233"/>
  <node id="8913627855" lat="31.9967978" lon="121.0848061"/>
  <node id="8913627856" lat="31.9962818" lon="121.0847950"/>
  <node id="8913627857" lat="31.9953507" lon="121.0847521"/>
  <node id="8913627858" lat="31.9945876" lon="121.0847665"/>
  <node id="8913627859" lat="31.9940344" lon="121.0847736"/>
  <node id="8913627860" lat="31.9934277" lon="121.0847950"/>
  <node id="8913627861" lat="31.9924844" lon="121.0848630"/>
  <node id="8913627862" lat="31.9918399" lon="121.0848994"/>
  <node id="8913627863" lat="31.9675570" lon="121.0638334"/>
  <node id="8913627864" lat="31.9676141" lon="121.0633984"/>
  <node id="8913627865" lat="31.9677432" lon="121.0627257"/>
  <node id="8913627866" lat="31.9677449" lon="121.0625883"/>
  <node id="8913627867" lat="31.9677446" lon="121.0625097"/>
  <node id="8913627868" lat="31.9622372" lon="121.0756078"/>
  <node id="8913627869" lat="31.9624390" lon="121.0745306"/>
  <node id="8913627870" lat="31.9624340" lon="121.0742274"/>
  <node id="8913627871" lat="31.9625559" lon="121.0741614"/>
  <node id="8913627872" lat="31.9629552" lon="121.0740953"/>
  <node id="8913627873" lat="31.9889427" lon="121.0851093"/>
  <node id="8913627874" lat="31.9851634" lon="121.0853912"/>
  <node id="8913627875" lat="31.9803035" lon="121.0857598"/>
  <node id="8913627876" lat="31.9780780" lon="121.0859110"/>
  <node id="8913627877" lat="31.9768918" lon="121.0859929"/>
  <node id="8913627878" lat="31.9755400" lon="121.0861121"/>
  <node id="8913627879" lat="31.9730937" lon="121.0863723"/>
  <node id="8913627880" lat="31.9715852" lon="121.0865601"/>
  <node id="8913627881" lat="31.9686741" lon="121.0869130"/>
  <node id="8913627882" lat="31.9700905" lon="121.0867506"/>
  <node id="8913627883" lat="31.9964271" lon="121.0849254"/>
  <node id="8913627884" lat="31.9945885" lon="121.0848798"/>
  <node id="8913627885" lat="31.9934356" lon="121.0849177"/>
  <node id="8913627886" lat="31.9895308" lon="121.0851921"/>
  <node id="8913627887" lat="31.9856824" lon="121.0854729"/>
  <node id="8913627888" lat="31.9814051" lon="121.0857922"/>
  <node id="8913627889" lat="31.9765464" lon="121.0861756"/>
  <node id="8913627890" lat="31.9750633" lon="121.0863059"/>
  <node id="8913627891" lat="31.9732680" lon="121.0865283"/>
  <node id="8913627892" lat="31.9717038" lon="121.0866996"/>
  <node id="8913627893" lat="31.9700939" lon="121.0868915"/>
  <node id="8913627894" lat="31.9684739" lon="121.0870804"/>
  <node id="8913627895" lat="31.9654056" lon="121.0872918"/>
  <node id="8913627896" lat="31.9654016" lon="121.0871429"/>
  <node id="8913627897" lat="31.9654777" lon="121.0871400"/>
  <node id="8913627898" lat="31.9664313" lon="121.0872427"/>
  <node id="8913627899" lat="31.9672546" lon="121.0870296"/>
  <node id="8913627900" lat="31.9543454" lon="121.0957906"/>
  <node id="8913627901" lat="31.9570381" lon="121.0957327"/>
  <node id="8913627902" lat="31.9576915" lon="121.0956850"/>
  <node id="8913627903" lat="31.9583099" lon="121.0956423"/>
  <node id="8913627904" lat="31.9535586" lon="121.0928718"/>
  <node id="8913627905" lat="31.9557006" lon="121.0926943"/>
  <node id="8913627906" lat="31.9562878" lon="121.0926189"/>
  <node id="8913627907" lat="31.9570257" lon="121.0926100"/>
  <node id="8913627908" lat="31.9569669" lon="121.0880869"/>
  <node id="8913627909" lat="31.9569706" lon="121.0881759"/>
  <node id="8913627910" lat="31.9566680" lon="121.0925967"/>
  <node id="8913627911" lat="31.9559905" lon="121.0926367"/>
  <node id="8913627912" lat="31.9554588" lon="121.0927470"/>
  <node id="8913627913" lat="31.9532881" lon="121.0559545"/>
  <node id="8913627915" lat="31.9538530" lon="121.0584831"/>
  <node id="8913627916" lat="31.9536902" lon="121.0586458"/>
  <node id="8913664917" lat="31.9529370" lon="121.0479548"/>
  <node id="8913664918" lat="31.9529585" lon="121.0468904"/>
  <node id="8913664919" lat="31.9531849" lon="121.0427044"/>
  <node id="8913664924" lat="31.9489873" lon="121.1382477"/>
  <node id="9161999281" lat="31.8972393" lon="121.1178539"/>
  <node id="9161999284" lat="31.9019438" lon="121.1166340"/>
  <node id="9162048249" lat="31.9047650" lon="121.0770205"/>
  <node id="9162048250" lat="31.9053412" lon="121.0768933"/>
  <node id="9162048251" lat="31.9059912" lon="121.0768582"/>
  <node id="9162048252" lat="31.9056109" lon="121.0786043"/>
  <node id="9162048253" lat="31.9126659" lon="121.0777232"/>
  <node id="9162048254" lat="31.9125315" lon="121.0771130"/>
  <node id="9162048255" lat="31.9118735" lon="121.0742980"/>
  <node id="9162048256" lat="31.9114011" lon="121.0741384"/>
  <node id="9162048257" lat="31.9112565" lon="121.0741451"/>
  <node id="9162048258" lat="31.9090548" lon="121.0743356"/>
  <node id="9162048259" lat="31.9068143" lon="121.0744804"/>
  <node id="9162048260" lat="31.9063566" lon="121.0745153"/>
  <node id="9162048261" lat="31.9063930" lon="121.1286396"/>
  <node id="9162048262" lat="31.9064364" lon="121.1153717"/>
  <node id="9162048263" lat="31.9061724" lon="121.0890774"/>
  <node id="9162048264" lat="31.9061745" lon="121.0889499"/>
  <node id="9162048265" lat="31.9066732" lon="121.0891046"/>
  <node id="9162048266" lat="31.9066774" lon="121.0889771"/>
  <node id="9162048374" lat="31.9508513" lon="121.0330711"/>
  <node id="9162048377" lat="31.9265271" lon="121.0971880"/>
  <node id="9162048378" lat="31.9263905" lon="121.0971878"/>
  <node id="9715634776" lat="31.9245523" lon="121.1253297"/>
  <node id="9715634777" lat="31.9242495" lon="121.1205286"/>
  <node id="9715634778" lat="31.9240902" lon="121.1170658"/>
  <node id="9715634779" lat="31.9239627" lon="121.1151132"/>
  <node id="9715634780" lat="31.9239491" lon="121.1146778"/>
  <node id="9715634781" lat="31.9239440" lon="121.1145783"/>
  <node id="9715634785" lat="31.8954222" lon="121.1290155"/>
  <node id="9715634788" lat="31.8948258" lon="121.1160469"/>
  <node id="9715634789" lat="31.8948070" lon="121.1159654"/>
  <node id="9923959149" lat="31.9115616" lon="121.1346209"/>
  <node id="9923959151" lat="31.9119555" lon="121.1387005"/>
  <node id="10889736072" lat="31.9283494" lon="121.0679358">
    <tag k="bus" v="yes"/>
    <tag k="name" v="川港镇东"/>
    <tag k="name:zh" v="川港镇东"/>
    <tag k="public_transport" v="stop_position"/>
  </node>
  <node id="10889736073" lat="31.9284246" lon="121.0621744">
    <tag k="bus" v="yes"/>
    <tag k="name" v="川港派出所"/>
    <tag k="name:zh" v="川港派出所"/>
    <tag k="public_transport" v="stop_position"/>
  </node>
  <node id="10889736074" lat="31.9283107" lon="121.0598436">
    <tag k="bus" v="yes"/>
    <tag k="name" v="丽馨家纺"/>
    <tag k="name:zh" v="丽馨家纺"/>
    <tag k="public_transport" v="stop_position"/>
  </node>
  <node id="10889736075" lat="31.9281264" lon="121.0575932">
    <tag k="bus" v="yes"/>
    <tag k="name" v="大东花苑"/>
    <tag k="name:zh" v="大东花苑"/>
    <tag k="public_transport" v="stop_position"/>
  </node>
  <node id="10889736076" lat="31.9283016" lon="121.0498524">
    <tag k="bus" v="yes"/>
    <tag k="name" v="盛达印染"/>
    <tag k="name:zh" v="盛达印染"/>
    <tag k="public_transport" v="stop_position"/>
  </node>
  <node id="10889736077" lat="31.9285794" lon="121.0452390">
    <tag k="bus" v="yes"/>
    <tag k="name" v="川港镇西"/>
    <tag k="name:zh" v="川港镇西"/>
    <tag k="public_transport" v="stop_position"/>
  </node>
  <node id="10889736078" lat="31.9285520" lon="121.0450619">
    <tag k="bus" v="yes"/>
    <tag k="name" v="川港镇西"/>
    <tag k="name:zh" v="川港镇西"/>
    <tag k="public_transport" v="stop_position"/>
  </node>
  <node id="10889736079" lat="31.9280216" lon="121.0423663">
    <tag k="bus" v="yes"/>
    <tag k="name" v="宏伟织造"/>
    <tag k="name:zh" v="宏伟织造"/>
    <tag k="public_transport" v="stop_position"/>
  </node>
  <node id="10889736080" lat="31.9281036" lon="121.0427794">
    <tag k="bus" v="yes"/>
    <tag k="name" v="宏伟织造"/>
    <tag k="name:zh" v="宏伟织造"/>
    <tag k="public_transport" v="stop_position"/>
  </node>
  <node id="10889746641" lat="31.9272932" lon="121.0761018">
    <tag k="bus" v="yes"/>
    <tag k="name" v="川港公交回车场"/>
    <tag k="name:zh" v="川港公交回车场"/>
    <tag k="public_transport" v="stop_position"/>
  </node>
  <node id="10889746642" lat="31.9272681" lon="121.0763419">
    <tag k="bus" v="yes"/>
    <tag k="name" v="川港公交回车场"/>
    <tag k="name:zh" v="川港公交回车场"/>
    <tag k="public_transport" v="stop_position"/>
  </node>
  <node id="11115697872" lat="31.9506374" lon="121.0546374"/>
  <node id="11115697873" lat="31.9506920" lon="121.0558766"/>
  <node id="11115697874" lat="31.9509743" lon="121.0633228"/>
  <node id="11115697875" lat="31.9508650" lon="121.0603183"/>
  <node id="11115697876" lat="31.9518345" lon="121.0602379"/>
  <node id="11115697877" lat="31.9524353" lon="121.0601896"/>
  <node id="11115697878" lat="31.9526493" lon="121.0601789"/>
  <node id="11115697879" lat="31.9528268" lon="121.0601789"/>
  <node id="11115697880" lat="31.9534276" lon="121.0602003"/>
  <node id="11115697904" lat="31.9669380" lon="121.0659268"/>
  <node id="11115716505" lat="31.9697937" lon="121.0668468"/>
  <node id="11115716506" lat="31.9698402" lon="121.0652710"/>
  <node id="11116758033" lat="31.9605915" lon="121.0365808"/>
  <node id="11117257427" lat="31.9568734" lon="121.0517127"/>
  <node id="11117257428" lat="31.9569004" lon="121.0510111"/>
  <node id="11117257429" lat="31.9570187" lon="121.0493213"/>
  <node id="11117257430" lat="31.9571462" lon="121.0477120"/>
  <node id="11117257431" lat="31.9572873" lon="121.0455447"/>
  <node id="11117257432" lat="31.9574758" lon="121.0430870"/>
  <node id="11117257433" lat="31.9576559" lon="121.0405183"/>
  <node id="11130633930" lat="31.9632767" lon="121.0550009"/>
  <node id="11132162989" lat="31.9681340" lon="121.0685378"/>
  <node id="11132162993" lat="31.9697640" lon="121.0684737"/>
  <node id="11132163001" lat="31.9675638" lon="121.0641754"/>
  <node id="11132163002" lat="31.9676093" lon="121.0645670"/>
  <node id="11132216986" lat="31.9698119" lon="121.0660314"/>
  <node id="11132216990" lat="31.9753743" lon="121.0591312"/>
  <node id="11132216991" lat="31.9738549" lon="121.0620260"/>
  <node id="11132216993" lat="31.9754183" lon="121.0591274"/>
  <node id="11134187799" lat="31.9667878" lon="121.0755882"/>
  <node id="11134187800" lat="31.9666695" lon="121.0754782"/>
  <node id="11134187801" lat="31.9665216" lon="121.0754138"/>
  <node id="11134187802" lat="31.9663714" lon="121.0754460"/>
  <node id="11134187803" lat="31.9661712" lon="121.0754299"/>
  <node id="11134187804" lat="31.9660802" lon="121.0753602"/>
  <node id="11134189305" lat="31.9660262" lon="121.0750040"/>
  <node id="11134189306" lat="31.9653702" lon="121.0761702"/>
  <node id="11134189307" lat="31.9652519" lon="121.0760629"/>
  <node id="11134189308" lat="31.9651426" lon="121.0758537"/>
  <node id="11134189309" lat="31.9650203" lon="121.0751686"/>
  <node id="11134189310" lat="31.9650630" lon="121.0755426"/>
  <node id="11134189311" lat="31.9652268" lon="121.0817009"/>
  <node id="11134189312" lat="31.9656956" lon="121.0818136"/>
  <node id="11134189313" lat="31.9664010" lon="121.0818136"/>
  <node id="11134189314" lat="31.9664658" lon="121.0790938"/>
  <node id="11134189315" lat="31.9667491" lon="121.0775073"/>
  <node id="11134189359" lat="31.9670190" lon="121.0813701"/>
  <node id="11134189368" lat="31.9648076" lon="121.0814282"/>
  <node id="11134189372" lat="31.9647467" lon="121.0800728"/>
  <node id="11134189373" lat="31.9646238" lon="121.0782838"/>
  <node id="11134189374" lat="31.9647786" lon="121.0768488"/>
  <node id="11134189415" lat="31.9664943" lon="121.0782114"/>
  <node id="11509165743" lat="31.8191718" lon="121.0938136"/>
  <node id="11509165744" lat="31.8114249" lon="121.0947796"/>
  <node id="11509165753" lat="31.8190671" lon="121.0936132"/>
  <node id="11509165754" lat="31.8115256" lon="121.0944588"/>
  <node id="11509177783" lat="31.8109086" lon="121.0948360"/>
  <node id="11509177784" lat="31.8108903" lon="121.0945295"/>
  <node id="11514073309" lat="31.9266719" lon="121.0901647"/>
  <node id="11514073310" lat="31.9264049" lon="121.0901512"/>
  <node id="11514073311" lat="31.9264117" lon="121.0900434"/>
  <node id="11514073312" lat="31.9266730" lon="121.0900570"/>
  <node id="11514088230" lat="31.9055315" lon="121.0886287"/>
  <node id="11514088231" lat="31.9055298" lon="121.0893579"/>
  <node id="11514088232" lat="31.9055071" lon="121.0886722"/>
  <node id="11514088233" lat="31.9054640" lon="121.0886905"/>
  <node id="11514088234" lat="31.9054070" lon="121.0886926"/>
  <node id="11514088235" lat="31.9049049" lon="121.0886621"/>
  <node id="11514088236" lat="31.9047789" lon="121.0886214"/>
  <node id="11514088237" lat="31.9046615" lon="121.0886153"/>
  <node id="11514088238" lat="31.9046080" lon="121.0886336"/>
  <node id="11514088239" lat="31.9045770" lon="121.0886560"/>
  <node id="11514088240" lat="31.9045476" lon="121.0887007"/>
  <node id="11514088241" lat="31.9044765" lon="121.0888582"/>
  <node id="11514088242" lat="31.9055054" lon="121.0892841"/>
  <node id="11514088243" lat="31.9054709" lon="121.0892495"/>
  <node id="11514088244" lat="31.9054450" lon="121.0892394"/>
  <node id="11514088245" lat="31.9049394" lon="121.0891926"/>
  <node id="11514088246" lat="31.9048790" lon="121.0891946"/>
  <node id="11514088247" lat="31.9048186" lon="121.0892068"/>
  <node id="11514088248" lat="31.9047599" lon="121.0892231"/>
  <node id="11514088249" lat="31.9047047" lon="121.0892333"/>
  <node id="11514088250" lat="31.9046477" lon="121.0892333"/>
  <node id="11514088251" lat="31.9045822" lon="121.0892007"/>
  <node id="11514088252" lat="31.9045321" lon="121.0891499"/>
  <node id="11514088253" lat="31.9044976" lon="121.0890747"/>
  <node id="11514088254" lat="31.9044685" lon="121.0889850"/>
  <node id="11736182301" lat="31.9183223" lon="121.0896785"/>
  <node id="12000646354" lat="31.9498653" lon="121.1603349"/>
  <node id="12000653674" lat="31.9416799" lon="121.1141667"/>
  <node id="12000653689" lat="31.9265451" lon="121.0834064"/>
  <node id="12000653690" lat="31.9267091" lon="121.0834092"/>
  <node id="12000684692" lat="31.9125038" lon="121.0769944"/>
  <node id="12082694936" lat="31.9367147" lon="121.0551174"/>
  <node id="12082694937" lat="31.9367868" lon="121.0652863"/>
  <node id="12082694947" lat="31.9328709" lon="121.0971768"/>
  <node id="12083064868" lat="31.9633768" lon="121.1452901"/>
  <node id="12083064869" lat="31.9632911" lon="121.1386119"/>
  <node id="12083064870" lat="31.9617574" lon="121.1128978"/>
  <node id="12083064871" lat="31.9617579" lon="121.1129810"/>
  <node id="12083064875" lat="31.9623061" lon="121.0952683"/>
  <node id="12083064876" lat="31.9625330" lon="121.0874145"/>
  <node id="12083064877" lat="31.9623967" lon="121.0756214"/>
  <node id="12083064878" lat="31.9624099" lon="121.0783904"/>
  <node id="12083064879" lat="31.9624342" lon="121.0823817"/>
  <node id="12083064880" lat="31.9624522" lon="121.0872912"/>
  <node id="12083064881" lat="31.9625203" lon="121.0863056"/>
  <node id="12083064882" lat="31.9619554" lon="121.0874657"/>
  <node id="12083064883" lat="31.9624720" lon="121.0890274"/>
  <node id="12083064884" lat="31.9624521" lon="121.0874146"/>
  <node id="12083064885" lat="31.9624433" lon="121.0914532"/>
  <node id="12083064886" lat="31.9620812" lon="121.1000745"/>
  <node id="12083064887" lat="31.9620743" lon="121.1004018"/>
  <node id="12083064888" lat="31.9618641" lon="121.1052076"/>
  <node id="12083064889" lat="31.9618119" lon="121.1064937"/>
  <node id="12083064890" lat="31.9617793" lon="121.1082492"/>
  <node id="12083064891" lat="31.9617690" lon="121.1097966"/>
  <node id="12083064892" lat="31.9617478" lon="121.1152710"/>
  <node id="12083064893" lat="31.9618007" lon="121.1170276"/>
  <node id="12083064894" lat="31.9619093" lon="121.1188747"/>
  <node id="12083064895" lat="31.9620571" lon="121.1210621"/>
  <node id="12083064896" lat="31.9623025" lon="121.1244891"/>
  <node id="12083064897" lat="31.9629100" lon="121.1327581"/>
  <node id="12083064898" lat="31.9630633" lon="121.1351006"/>
  <node id="12083064899" lat="31.9631412" lon="121.1367040"/>
  <node id="12083064900" lat="31.9632027" lon="121.1386094"/>
  <node id="12083064901" lat="31.9632417" lon="121.1403013"/>
  <node id="12083064902" lat="31.9637924" lon="121.1597948"/>
  <node id="12083064905" lat="31.9637972" lon="121.1599544"/>
  <node id="12083064907" lat="31.9562926" lon="121.0629989"/>
  <node id="12083064908" lat="31.9541752" lon="121.0631021"/>
  <node id="12083064909" lat="31.9541856" lon="121.0631955"/>
  <node id="12083064910" lat="31.9588032" lon="121.0629000"/>
  <node id="12083064911" lat="31.9549246" lon="121.0720222"/>
  <node id="12083064912" lat="31.9549511" lon="121.0736972"/>
  <node id="12083064913" lat="31.9553586" lon="121.0871447"/>
  <node id="12083064914" lat="31.9551889" lon="121.0875829"/>
  <node id="12083064915" lat="31.9550283" lon="121.0878278"/>
  <node id="12083064916" lat="31.9553591" lon="121.0874794"/>
  <node id="12083064917" lat="31.9554378" lon="121.0827547"/>
  <node id="12083064918" lat="31.9554915" lon="121.0803750"/>
  <node id="12083064919" lat="31.9553494" lon="121.0787422"/>
  <node id="12083064920" lat="31.9551849" lon="121.0769845"/>
  <node id="12083064921" lat="31.9551013" lon="121.0759430"/>
  <node id="12083064922" lat="31.9550567" lon="121.0747472"/>
  <node id="12083064923" lat="31.9549926" lon="121.0710839"/>
  <node id="12083064924" lat="31.9549431" lon="121.0700939"/>
  <node id="12083064925" lat="31.9548104" lon="121.0688077"/>
  <node id="12083064926" lat="31.9538878" lon="121.0602393"/>
  <node id="12083064927" lat="31.9535896" lon="121.0586793"/>
  <node id="12083064928" lat="31.9535507" lon="121.0573693"/>
  <node id="12083064929" lat="31.9533998" lon="121.0559490"/>
  <node id="12083064930" lat="31.9533167" lon="121.0549695"/>
  <node id="12083064931" lat="31.9531461" lon="121.0508917"/>
  <node id="12083064932" lat="31.9530586" lon="121.0489558"/>
  <node id="12083064933" lat="31.9530247" lon="121.0479915"/>
  <node id="12083064934" lat="31.9530442" lon="121.0468679"/>
  <node id="12083064935" lat="31.9532954" lon="121.0427136"/>
  <node id="12313854164" lat="31.9915939" lon="121.0678875"/>
  <node id="12313854233" lat="32.0016850" lon="121.0630175"/>
  <node id="12313854391" lat="31.9707299" lon="121.0595283"/>
  <node id="12313854392" lat="31.9708433" lon="121.0595245"/>
  <node id="12518744977" lat="31.9964723" lon="121.0616808">
    <tag k="bus" v="yes"/>
    <tag k="name" v="义成新村"/>
    <tag k="name:zh" v="义成新村"/>
    <tag k="public_transport" v="stop_position"/>
  </node>
  <node id="12518744978" lat="31.9946397" lon="121.0613931">
    <tag k="bus" v="yes"/>
    <tag k="name" v="义成新村"/>
    <tag k="name:zh" v="义成新村"/>
    <tag k="public_transport" v="stop_position"/>
  </node>
  <node id="12518744979" lat="31.9857834" lon="121.0616152">
    <tag k="bus" v="yes"/>
    <tag k="name" v="磨框村"/>
    <tag k="name:zh" v="磨框村"/>
    <tag k="public_transport" v="stop_position"/>
  </node>
  <node id="12518744980" lat="31.9843390" lon="121.0616016">
    <tag k="bus" v="yes"/>
    <tag k="name" v="磨框村"/>
    <tag k="name:zh" v="磨框村"/>
    <tag k="public_transport" v="stop_position"/>
  </node>
  <node id="12518744981" lat="31.9786952" lon="121.0620211">
    <tag k="bus" v="yes"/>
    <tag k="name" v="磨框镇南"/>
    <tag k="name:zh" v="磨框镇南"/>
    <tag k="public_transport" v="stop_position"/>
  </node>
  <node id="12518744982" lat="31.9772916" lon="121.0619988">
    <tag k="bus" v="yes"/>
    <tag k="name" v="磨框镇南"/>
    <tag k="name:zh" v="磨框镇南"/>
    <tag k="public_transport" v="stop_position"/>
  </node>
  <node id="12518744983" lat="31.9713050" lon="121.0623633">
    <tag k="bus" v="yes"/>
    <tag k="name" v="金浩路温州路口"/>
    <tag k="name:zh" v="金浩路温州路口"/>
    <tag k="public_transport" v="stop_position"/>
  </node>
  <node id="12518744984" lat="31.9691802" lon="121.0624132">
    <tag k="bus" v="yes"/>
    <tag k="name" v="金浩路温州路口"/>
    <tag k="name:zh" v="金浩路温州路口"/>
    <tag k="public_transport" v="stop_position"/>
  </node>
  <node id="12518744985" lat="31.9649951" lon="121.0625816">
    <tag k="bus" v="yes"/>
    <tag k="name" v="家纺城客运站北"/>
    <tag k="name:zh" v="家纺城客运站北"/>
    <tag k="public_transport" v="stop_position"/>
  </node>
  <node id="12518744986" lat="31.9647514" lon="121.0626692">
    <tag k="bus" v="yes"/>
    <tag k="name" v="家纺城客运站北"/>
    <tag k="name:zh" v="家纺城客运站北"/>
    <tag k="public_transport" v="stop_position"/>
  </node>
  <node id="12518744987" lat="31.9622705" lon="121.0627976">
    <tag k="bus" v="yes"/>
    <tag k="name" v="家纺城客运站南"/>
    <tag k="name:zh" v="家纺城客运站南"/>
    <tag k="public_transport" v="stop_position"/>
  </node>
  <node id="12518744988" lat="31.9626281" lon="121.0627043">
    <tag k="bus" v="yes"/>
    <tag k="name" v="家纺城客运站南"/>
    <tag k="name:zh" v="家纺城客运站南"/>
    <tag k="public_transport" v="stop_position"/>
  </node>
  <node id="12518744989" lat="31.9563929" lon="121.0630712">
    <tag k="bus" v="yes"/>
    <tag k="name" v="志南工业区"/>
    <tag k="name:zh" v="志南工业区"/>
    <tag k="public_transport" v="stop_position"/>
  </node>
  <node id="12518744990" lat="31.9557852" lon="121.0630236">
    <tag k="bus" v="yes"/>
    <tag k="name" v="志南工业区"/>
    <tag k="name:zh" v="志南工业区"/>
    <tag k="public_transport" v="stop_position"/>
  </node>
  <node id="12518744991" lat="31.9534550" lon="121.0631964">
    <tag k="bus" v="yes"/>
    <tag k="name" v="家纺城小学"/>
    <tag k="name:zh" v="家纺城小学"/>
    <tag k="public_transport" v="stop_position"/>
  </node>
  <node id="12518744992" lat="31.9452108" lon="121.0635570">
    <tag k="bus" v="yes"/>
    <tag k="name" v="川北工业区"/>
    <tag k="name:zh" v="川北工业区"/>
    <tag k="public_transport" v="stop_position"/>
  </node>
  <node id="12518744993" lat="31.9447271" lon="121.0635754">
    <tag k="bus" v="yes"/>
    <tag k="name" v="川北工业区"/>
    <tag k="name:zh" v="川北工业区"/>
    <tag k="public_transport" v="stop_position"/>
  </node>
  <node id="12518744994" lat="31.9393554" lon="121.0640215">
    <tag k="bus" v="yes"/>
    <tag k="name" v="川叠路玄同路口"/>
    <tag k="name:zh" v="川叠路玄同路口"/>
    <tag k="public_transport" v="stop_position"/>
  </node>
  <node id="12518744995" lat="31.9394032" lon="121.0640178">
    <tag k="bus" v="yes"/>
    <tag k="name" v="川叠路玄同路口"/>
    <tag k="name:zh" v="川叠路玄同路口"/>
    <tag k="public_transport" v="stop_position"/>
  </node>
  <node id="12518744996" lat="31.9345238" lon="121.0637959">
    <tag k="bus" v="yes"/>
    <tag k="name" v="居委会北路口"/>
    <tag k="name:zh" v="居委会北路口"/>
    <tag k="public_transport" v="stop_position"/>
  </node>
  <node id="12518744997" lat="31.9342358" lon="121.0637652">
    <tag k="bus" v="yes"/>
    <tag k="name" v="居委会北路口"/>
    <tag k="name:zh" v="居委会北路口"/>
    <tag k="public_transport" v="stop_position"/>
  </node>
  <node id="12518744998" lat="31.9300405" lon="121.0639616">
    <tag k="bus" v="yes"/>
    <tag k="name" v="川港"/>
    <tag k="name:zh" v="川港"/>
    <tag k="public_transport" v="stop_position"/>
  </node>
  <node id="12518744999" lat="31.9300845" lon="121.0639529">
    <tag k="bus" v="yes"/>
    <tag k="name" v="川港"/>
    <tag k="name:zh" v="川港"/>
    <tag k="public_transport" v="stop_position"/>
  </node>
  <node id="12544086598" lat="31.9636044" lon="121.0595843">
    <tag k="bus" v="yes"/>
    <tag k="name" v="家纺城客运站"/>
    <tag k="name:zh" v="家纺城客运站"/>
    <tag k="public_transport" v="stop_position"/>
  </node>
  <node id="12544086599" lat="31.9253222" lon="121.0650424">
    <tag k="bus" v="yes"/>
    <tag k="name" v="川港南路口"/>
    <tag k="name:zh" v="川港南路口"/>
    <tag k="public_transport" v="stop_position"/>
  </node>
  <node id="12544086600" lat="31.9215060" lon="121.0659205">
    <tag k="bus" v="yes"/>
    <tag k="name" v="川南中路口"/>
    <tag k="name:zh" v="川南中路口"/>
    <tag k="public_transport" v="stop_position"/>
  </node>
  <node id="12544086601" lat="31.9209204" lon="121.0660511">
    <tag k="bus" v="yes"/>
    <tag k="name" v="川南中路口"/>
    <tag k="name:zh" v="川南中路口"/>
    <tag k="public_transport" v="stop_position"/>
  </node>
  <node id="12544086602" lat="31.9152527" lon="121.0674503">
    <tag k="bus" v="yes"/>
    <tag k="name" v="川南村九组"/>
    <tag k="name:zh" v="川南村九组"/>
    <tag k="public_transport" v="stop_position"/>
  </node>
  <node id="12544086603" lat="31.9156118" lon="121.0673627">
    <tag k="bus" v="yes"/>
    <tag k="name" v="川南村九组"/>
    <tag k="name:zh" v="川南村九组"/>
    <tag k="public_transport" v="stop_position"/>
  </node>
  <node id="12544086604" lat="31.9106725" lon="121.0686059">
    <tag k="bus" v="yes"/>
    <tag k="name" v="川南村村部"/>
    <tag k="name:zh" v="川南村村部"/>
    <tag k="public_transport" v="stop_position"/>
  </node>
  <node id="12544086605" lat="31.9109261" lon="121.0685391">
    <tag k="bus" v="yes"/>
    <tag k="name" v="川南村村部"/>
    <tag k="name:zh" v="川南村村部"/>
    <tag k="public_transport" v="stop_position"/>
  </node>
  <node id="12544086606" lat="31.9040569" lon="121.0702766">
    <tag k="bus" v="yes"/>
    <tag k="name" v="光荣北路口"/>
    <tag k="name:zh" v="光荣北路口"/>
    <tag k="public_transport" v="stop_position"/>
  </node>
  <node id="12544086607" lat="31.9038592" lon="121.0703258">
    <tag k="bus" v="yes"/>
    <tag k="name" v="光荣北路口"/>
    <tag k="name:zh" v="光荣北路口"/>
    <tag k="public_transport" v="stop_position"/>
  </node>
  <node id="12544086608" lat="31.8987121" lon="121.0714372">
    <tag k="bus" v="yes"/>
    <tag k="name" v="保通北路口"/>
    <tag k="name:zh" v="保通北路口"/>
    <tag k="public_transport" v="stop_position"/>
  </node>
  <node id="12544086609" lat="31.8987963" lon="121.0714291">
    <tag k="bus" v="yes"/>
    <tag k="name" v="保通北路口"/>
    <tag k="name:zh" v="保通北路口"/>
    <tag k="public_transport" v="stop_position"/>
  </node>
  <node id="12544086610" lat="31.8934166" lon="121.0711263">
    <tag k="bus" v="yes"/>
    <tag k="name" v="苏通线345国道口"/>
    <tag k="name:zh" v="苏通线345国道口"/>
    <tag k="public_transport" v="stop_position"/>
  </node>
  <node id="12554095758" lat="31.9268063" lon="121.0856599">
    <tag k="bus" v="yes"/>
    <tag k="name" v="通启公路叠港路西"/>
    <tag k="name:zh" v="通启公路叠港路西"/>
    <tag k="public_transport" v="stop_position"/>
  </node>
  <node id="12554095759" lat="31.9268063" lon="121.0864055">
    <tag k="bus" v="yes"/>
    <tag k="name" v="通启公路叠港路西"/>
    <tag k="name:zh" v="通启公路叠港路西"/>
    <tag k="public_transport" v="stop_position"/>
  </node>
  <node id="12554095764" lat="31.9266538" lon="121.0984381">
    <tag k="bus" v="yes"/>
    <tag k="name" v="大石村部"/>
    <tag k="name:zh" v="大石村部"/>
    <tag k="public_transport" v="stop_position"/>
  </node>
  <node id="12554095765" lat="31.9266586" lon="121.0980301">
    <tag k="bus" v="yes"/>
    <tag k="name" v="大石村部"/>
    <tag k="name:zh" v="大石村部"/>
    <tag k="public_transport" v="stop_position"/>
  </node>
  <node id="12554095766" lat="31.9265726" lon="121.1054467">
    <tag k="bus" v="yes"/>
    <tag k="name" v="九号河桥"/>
    <tag k="name:zh" v="九号河桥"/>
    <tag k="public_transport" v="stop_position"/>
  </node>
  <node id="12554095767" lat="31.9265779" lon="121.1049826">
    <tag k="bus" v="yes"/>
    <tag k="name" v="九号河桥"/>
    <tag k="name:zh" v="九号河桥"/>
    <tag k="public_transport" v="stop_position"/>
  </node>
  <node id="12554095772" lat="31.9265075" lon="121.1110577">
    <tag k="bus" v="yes"/>
    <tag k="name" v="天补市场"/>
    <tag k="name:zh" v="天补市场"/>
    <tag k="public_transport" v="stop_position"/>
  </node>
  <node id="12554095773" lat="31.9265031" lon="121.1114332">
    <tag k="bus" v="yes"/>
    <tag k="name" v="天补市场"/>
    <tag k="name:zh" v="天补市场"/>
    <tag k="public_transport" v="stop_position"/>
  </node>
  <node id="12554095774" lat="31.9540228" lon="121.0615839">
    <tag k="bus" v="yes"/>
    <tag k="name" v="南海路川叠路西"/>
    <tag k="name:zh" v="南海路川叠路西"/>
    <tag k="public_transport" v="stop_position"/>
  </node>
  <node id="12554095775" lat="31.9538555" lon="121.0609728">
    <tag k="bus" v="yes"/>
    <tag k="name" v="南海路川叠路西"/>
    <tag k="name:zh" v="南海路川叠路西"/>
    <tag k="public_transport" v="stop_position"/>
  </node>
  <node id="12554095778" lat="31.9531265" lon="121.0455071">
    <tag k="bus" v="yes"/>
    <tag k="name" v="南海路S223东"/>
    <tag k="name:zh" v="南海路S223东"/>
    <tag k="public_transport" v="stop_position"/>
  </node>
  <node id="12554095779" lat="31.9530739" lon="121.0447566">
    <tag k="bus" v="yes"/>
    <tag k="name" v="南海路S223东"/>
    <tag k="name:zh" v="南海路S223东"/>
    <tag k="public_transport" v="stop_position"/>
  </node>
  <node id="12556774611" lat="31.9550439" lon="121.0739170">
    <tag k="bus" v="yes"/>
    <tag k="name" v="志南公寓"/>
    <tag k="name:zh" v="志南公寓"/>
    <tag k="public_transport" v="stop_position"/>
  </node>
  <node id="12556774614" lat="31.9596816" lon="121.0825072">
    <tag k="bus" v="yes"/>
    <tag k="name" v="震蒙大道星海路南"/>
    <tag k="name:zh" v="震蒙大道星海路南"/>
    <tag k="public_transport" v="stop_position"/>
  </node>
  <node id="12556774615" lat="31.9599513" lon="121.0824892">
    <tag k="bus" v="yes"/>
    <tag k="name" v="震蒙大道星海路南"/>
    <tag k="name:zh" v="震蒙大道星海路南"/>
    <tag k="public_transport" v="stop_position"/>
  </node>
  <node id="12556774618" lat="31.9624729" lon="121.0777098">
    <tag k="bus" v="yes"/>
    <tag k="name" v="人才市场"/>
    <tag k="name:zh" v="人才市场"/>
    <tag k="public_transport" v="stop_position"/>
  </node>
  <node id="12556774619" lat="31.9624028" lon="121.0769105">
    <tag k="bus" v="yes"/>
    <tag k="name" v="人才市场"/>
    <tag k="name:zh" v="人才市场"/>
    <tag k="public_transport" v="stop_position"/>
  </node>
  <node id="12556774622" lat="31.9647058" lon="121.0755908">
    <tag k="bus" v="yes"/>
    <tag k="name" v="家纺城16号门"/>
    <tag k="name:zh" v="家纺城16号门"/>
    <tag k="public_transport" v="stop_position"/>
  </node>
  <node id="12556774624" lat="31.9645055" lon="121.0756177">
    <tag k="bus" v="yes"/>
    <tag k="name" v="家纺城16号门"/>
    <tag k="name:zh" v="家纺城16号门"/>
    <tag k="public_transport" v="stop_position"/>
  </node>
  <node id="12556774625" lat="31.9648367" lon="121.0765770"/>
  <node id="12556774626" lat="31.9644554" lon="121.0765511"/>
  <node id="12556774627" lat="31.9643303" lon="121.0756552"/>
  <node id="12556774628" lat="31.9703505" lon="121.0614686">
    <tag k="bus" v="yes"/>
    <tag k="name" v="温州东路金浩大道西"/>
    <tag k="name:zh" v="温州东路金浩大道西"/>
    <tag k="public_transport" v="stop_position"/>
  </node>
  <node id="12556774629" lat="31.9703885" lon="121.0612152">
    <tag k="bus" v="yes"/>
    <tag k="name" v="温州东路金浩大道西"/>
    <tag k="name:zh" v="温州东路金浩大道西"/>
    <tag k="public_transport" v="stop_position"/>
  </node>
  <node id="12556774632" lat="31.9717360" lon="121.0471280">
    <tag k="bus" v="yes"/>
    <tag k="name" v="温州东路S223东"/>
    <tag k="name:zh" v="温州东路S223东"/>
    <tag k="public_transport" v="stop_position"/>
  </node>
  <node id="12556774633" lat="31.9717848" lon="121.0467835">
    <tag k="bus" v="yes"/>
    <tag k="name" v="温州东路S223东"/>
    <tag k="name:zh" v="温州东路S223东"/>
    <tag k="public_transport" v="stop_position"/>
  </node>
  <node id="12565737032" lat="31.8901884" lon="121.0892941"/>
  <node id="12565737056" lat="31.8902764" lon="121.0891742"/>
  <node id="12565737229" lat="31.9183224" lon="121.0902575"/>
  <node id="12565737230" lat="31.9182541" lon="121.0900397"/>
  <node id="12565737231" lat="31.9181680" lon="121.0898965"/>
  <node id="12565737232" lat="31.9180819" lon="121.0898011"/>
  <node id="12565737233" lat="31.9179712" lon="121.0897175"/>
  <node id="12565737234" lat="31.9187462" lon="121.0897624"/>
  <node id="12565737235" lat="31.9186288" lon="121.0898846"/>
  <node id="12565737236" lat="31.9185477" lon="121.0899562"/>
  <node id="12565737237" lat="31.9184946" lon="121.0900725"/>
  <node id="12565737238" lat="31.9184226" lon="121.0902098"/>
  <node id="12565737239" lat="31.9400099" lon="121.0904364"/>
  <node id="12565737240" lat="31.9401729" lon="121.0905397"/>
  <node id="12565737241" lat="31.9396203" lon="121.0905792"/>
  <node id="12565737242" lat="31.9397684" lon="121.0904153"/>
  <node id="12565737243" lat="31.9397994" lon="121.0901886"/>
  <node id="12565737244" lat="31.9398678" lon="121.0907097"/>
  <node id="12565737245" lat="31.9398582" lon="121.0905610"/>
  <node id="12565737246" lat="31.9398479" lon="121.0903887"/>
  <node id="12565737247" lat="31.9397657" lon="121.0899825"/>
  <node id="12565737248" lat="31.9396665" lon="121.0896436"/>
  <node id="12565737249" lat="31.9395249" lon="121.0893628"/>
  <node id="12565737250" lat="31.9393805" lon="121.0891540"/>
  <node id="12565737251" lat="31.9391286" lon="121.0889708"/>
  <node id="12565737252" lat="31.9386412" lon="121.0888329"/>
  <node id="12565737253" lat="31.9373024" lon="121.0883504"/>
  <node id="12565737254" lat="31.9370222" lon="121.0882460"/>
  <node id="12565737255" lat="31.9360583" lon="121.0878893"/>
  <node id="12565737256" lat="31.9343409" lon="121.0873250"/>
  <node id="12565737257" lat="31.9339824" lon="121.0871829"/>
  <node id="12565737259" lat="31.9338342" lon="121.0870937"/>
  <node id="12565737260" lat="31.9336646" lon="121.0869506"/>
  <node id="12565737262" lat="31.9335722" lon="121.0867648"/>
  <node id="12565737267" lat="31.9399719" lon="121.0907022"/>
  <node id="12565737269" lat="31.9399339" lon="121.0903231"/>
  <node id="12565737270" lat="31.9398039" lon="121.0897524"/>
  <node id="12565737271" lat="31.9395669" lon="121.0892228"/>
  <node id="12565737272" lat="31.9393062" lon="121.0889092"/>
  <node id="12565737273" lat="31.9387257" lon="121.0884900"/>
  <node id="12565737274" lat="31.9377925" lon="121.0882232"/>
  <node id="12565737275" lat="31.9375394" lon="121.0881934"/>
  <node id="12565737276" lat="31.9372306" lon="121.0881993"/>
  <node id="12565737277" lat="31.9369977" lon="121.0881635"/>
  <node id="12565737278" lat="31.9382937" lon="121.0883783">
    <tag k="barrier" v="toll_booth"/>
  </node>
  <node id="12565737279" lat="31.9365026" lon="121.0880514"/>
  <node id="12578759266" lat="31.9623856" lon="121.1258725">
    <tag k="bus" v="yes"/>
    <tag k="name" v="汇南村"/>
    <tag k="name:zh" v="汇南村"/>
    <tag k="public_transport" v="stop_position"/>
  </node>
  <node id="12578759267" lat="31.9627439" lon="121.1291354">
    <tag k="bus" v="yes"/>
    <tag k="name" v="汇南村"/>
    <tag k="name:zh" v="汇南村"/>
    <tag k="public_transport" v="stop_position"/>
  </node>
  <node id="12578759270" lat="31.9608458" lon="121.1130075">
    <tag k="bus" v="yes"/>
    <tag k="name" v="三星镇"/>
    <tag k="name:zh" v="三星镇"/>
    <tag k="public_transport" v="stop_position"/>
  </node>
  <node id="12578759271" lat="31.9611147" lon="121.1129125">
    <tag k="bus" v="yes"/>
    <tag k="name" v="三星镇"/>
    <tag k="name:zh" v="三星镇"/>
    <tag k="public_transport" v="stop_position"/>
  </node>
  <node id="12578759272" lat="31.9618287" lon="121.1116157">
    <tag k="bus" v="yes"/>
    <tag k="name" v="三星镇"/>
    <tag k="name:zh" v="三星镇"/>
    <tag k="public_transport" v="stop_position"/>
  </node>
  <node id="12578759274" lat="31.9551791" lon="121.0939427">
    <tag k="bus" v="yes"/>
    <tag k="name" v="商务大厦"/>
    <tag k="name:zh" v="商务大厦"/>
    <tag k="public_transport" v="stop_position"/>
  </node>
  <node id="12578759275" lat="31.9552420" lon="121.0942188">
    <tag k="bus" v="yes"/>
    <tag k="name" v="商务大厦"/>
    <tag k="name:zh" v="商务大厦"/>
    <tag k="public_transport" v="stop_position"/>
  </node>
  <node id="12578759391" lat="31.9546702" lon="121.1255711"/>
  <node id="12578759392" lat="31.9552437" lon="121.0957315"/>
  <node id="12578759393" lat="31.9552437" lon="121.0952353"/>
  <node id="12578759394" lat="31.9553119" lon="121.0903591"/>
  <node id="12578759397" lat="31.9545730" lon="121.1258336"/>
  <node id="12578759398" lat="31.9545200" lon="121.1339021"/>
  <node id="12578759399" lat="31.9545204" lon="121.1369657"/>
  <node id="12578759400" lat="31.9545746" lon="121.1255979"/>
  <node id="12578759401" lat="31.9548245" lon="121.1132092"/>
  <node id="12578759402" lat="31.9548247" lon="121.1130818"/>
  <node id="12578759403" lat="31.9548889" lon="121.1099072"/>
  <node id="12578759404" lat="31.9549472" lon="121.1056887"/>
  <node id="12578759405" lat="31.9550428" lon="121.1008771"/>
  <node id="12578759406" lat="31.9550372" lon="121.1005960"/>
  <node id="12578759407" lat="31.9551162" lon="121.0973811"/>
  <node id="12578759408" lat="31.9551883" lon="121.0927975"/>
  <node id="12578759409" lat="31.9552528" lon="121.0896027"/>
  <node id="12578759414" lat="31.9552159" lon="121.0892165"/>
  <node id="12578759415" lat="31.9554121" lon="121.0893023"/>
  <node id="12579466185" lat="31.9621575" lon="121.0984447">
    <tag k="bus" v="yes"/>
    <tag k="name" v="金色阳光花苑"/>
    <tag k="name:zh" v="金色阳光花苑"/>
    <tag k="public_transport" v="stop_position"/>
  </node>
  <node id="12579466186" lat="31.9622273" lon="121.0984663">
    <tag k="bus" v="yes"/>
    <tag k="name" v="金色阳光花苑"/>
    <tag k="name:zh" v="金色阳光花苑"/>
    <tag k="public_transport" v="stop_position"/>
  </node>
  <node id="12579466189" lat="31.9672616" lon="121.0757634">
    <tag k="bus" v="yes"/>
    <tag k="name" v="家纺城1号门"/>
    <tag k="name:zh" v="家纺城1号门"/>
    <tag k="public_transport" v="stop_position"/>
  </node>
  <node id="12579466190" lat="31.9673202" lon="121.0786228">
    <tag k="bus" v="yes"/>
    <tag k="name" v="家纺城3号门"/>
    <tag k="name:zh" v="家纺城3号门"/>
    <tag k="public_transport" v="stop_position"/>
  </node>
  <node id="12579466191" lat="31.9673627" lon="121.0811769">
    <tag k="bus" v="yes"/>
    <tag k="name" v="家纺城6号门"/>
    <tag k="name:zh" v="家纺城6号门"/>
    <tag k="public_transport" v="stop_position"/>
  </node>
  <node id="12579466192" lat="31.9671758" lon="121.0848754">
    <tag k="bus" v="yes"/>
    <tag k="name" v="加油站"/>
    <tag k="name:zh" v="加油站"/>
    <tag k="public_transport" v="stop_position"/>
  </node>
  <node id="12579466193" lat="31.9659846" lon="121.0871085">
    <tag k="bus" v="yes"/>
    <tag k="name" v="叠石桥客运中心"/>
    <tag k="name:zh" v="叠石桥客运中心"/>
    <tag k="public_transport" v="stop_position"/>
  </node>
  <node id="12579466194" lat="31.9642643" lon="121.0873406">
    <tag k="bus" v="yes"/>
    <tag k="name" v="叠石桥客运中心"/>
    <tag k="name:zh" v="叠石桥客运中心"/>
    <tag k="public_transport" v="stop_position"/>
  </node>
  <node id="12579466195" lat="31.9624689" lon="121.0892880">
    <tag k="bus" v="yes"/>
    <tag k="name" v="叠港路口"/>
    <tag k="name:zh" v="叠港路口"/>
    <tag k="public_transport" v="stop_position"/>
  </node>
  <node id="12579466196" lat="31.9625344" lon="121.0892911">
    <tag k="bus" v="yes"/>
    <tag k="name" v="叠港路口"/>
    <tag k="name:zh" v="叠港路口"/>
    <tag k="public_transport" v="stop_position"/>
  </node>
  <node id="12579466197" lat="31.9624058" lon="121.0924953">
    <tag k="bus" v="yes"/>
    <tag k="name" v="丰迪家纺"/>
    <tag k="name:zh" v="丰迪家纺"/>
    <tag k="public_transport" v="stop_position"/>
  </node>
  <node id="12579466198" lat="31.9624982" lon="121.0919585">
    <tag k="bus" v="yes"/>
    <tag k="name" v="丰迪家纺"/>
    <tag k="name:zh" v="丰迪家纺"/>
    <tag k="public_transport" v="stop_position"/>
  </node>
  <node id="12579466199" lat="31.9622897" lon="121.0956190">
    <tag k="bus" v="yes"/>
    <tag k="name" v="秀竹路口"/>
    <tag k="name:zh" v="秀竹路口"/>
    <tag k="public_transport" v="stop_position"/>
  </node>
  <node id="12579466200" lat="31.9623508" lon="121.0956341">
    <tag k="bus" v="yes"/>
    <tag k="name" v="秀竹路口"/>
    <tag k="name:zh" v="秀竹路口"/>
    <tag k="public_transport" v="stop_position"/>
  </node>
  <node id="12579469601" lat="31.9620481" lon="121.1010014">
    <tag k="bus" v="yes"/>
    <tag k="name" v="三星消防队"/>
    <tag k="name:zh" v="三星消防队"/>
    <tag k="public_transport" v="stop_position"/>
  </node>
  <node id="12579469602" lat="31.9620749" lon="121.1019443">
    <tag k="bus" v="yes"/>
    <tag k="name" v="三星消防队"/>
    <tag k="name:zh" v="三星消防队"/>
    <tag k="public_transport" v="stop_position"/>
  </node>
  <node id="12579469603" lat="31.9618306" lon="121.1060339">
    <tag k="bus" v="yes"/>
    <tag k="name" v="个簃路口"/>
    <tag k="name:zh" v="个簃路口"/>
    <tag k="public_transport" v="stop_position"/>
  </node>
  <node id="12579469604" lat="31.9619629" lon="121.1045631">
    <tag k="bus" v="yes"/>
    <tag k="name" v="个簃路口"/>
    <tag k="name:zh" v="个簃路口"/>
    <tag k="public_transport" v="stop_position"/>
  </node>
  <node id="12579469605" lat="31.9618430" lon="121.1088878">
    <tag k="bus" v="yes"/>
    <tag k="name" v="镇中路口"/>
    <tag k="name:zh" v="镇中路口"/>
    <tag k="public_transport" v="stop_position"/>
  </node>
  <node id="12579469606" lat="31.9617682" lon="121.1100190">
    <tag k="bus" v="yes"/>
    <tag k="name" v="镇中路口"/>
    <tag k="name:zh" v="镇中路口"/>
    <tag k="public_transport" v="stop_position"/>
  </node>
  <node id="12579469607" lat="31.9553548" lon="121.1131954">
    <tag k="bus" v="yes"/>
    <tag k="name" v="纺都大道"/>
    <tag k="name:zh" v="纺都大道"/>
    <tag k="public_transport" v="stop_position"/>
  </node>
  <node id="12579469608" lat="31.9541262" lon="121.1131004">
    <tag k="bus" v="yes"/>
    <tag k="name" v="纺都大道"/>
    <tag k="name:zh" v="纺都大道"/>
    <tag k="public_transport" v="stop_position"/>
  </node>
  <node id="12579469609" lat="31.9509879" lon="121.1131841">
    <tag k="bus" v="yes"/>
    <tag k="name" v="利民村"/>
    <tag k="name:zh" v="利民村"/>
    <tag k="public_transport" v="stop_position"/>
  </node>
  <node id="12579469610" lat="31.9514394" lon="121.1132973">
    <tag k="bus" v="yes"/>
    <tag k="name" v="利民村"/>
    <tag k="name:zh" v="利民村"/>
    <tag k="public_transport" v="stop_position"/>
  </node>
  <node id="12579469611" lat="31.9420936" lon="121.1137516">
    <tag k="bus" v="yes"/>
    <tag k="name" v="广丰警务社区"/>
    <tag k="name:zh" v="广丰警务社区"/>
    <tag k="public_transport" v="stop_position"/>
  </node>
  <node id="12579469612" lat="31.9420821" lon="121.1136261">
    <tag k="bus" v="yes"/>
    <tag k="name" v="广丰警务社区"/>
    <tag k="name:zh" v="广丰警务社区"/>
    <tag k="public_transport" v="stop_position"/>
  </node>
  <node id="12579469613" lat="31.9370936" lon="121.1140392">
    <tag k="bus" v="yes"/>
    <tag k="name" v="天补北桥"/>
    <tag k="name:zh" v="天补北桥"/>
    <tag k="public_transport" v="stop_position"/>
  </node>
  <node id="12579469614" lat="31.9361947" lon="121.1139647">
    <tag k="bus" v="yes"/>
    <tag k="name" v="天补北桥"/>
    <tag k="name:zh" v="天补北桥"/>
    <tag k="public_transport" v="stop_position"/>
  </node>
  <node id="12579469615" lat="31.9318135" lon="121.1142170">
    <tag k="bus" v="yes"/>
    <tag k="name" v="大石中路"/>
    <tag k="name:zh" v="大石中路"/>
    <tag k="public_transport" v="stop_position"/>
  </node>
  <node id="12579469616" lat="31.9320233" lon="121.1143162">
    <tag k="bus" v="yes"/>
    <tag k="name" v="大石中路"/>
    <tag k="name:zh" v="大石中路"/>
    <tag k="public_transport" v="stop_position"/>
  </node>
  <node id="12579469617" lat="31.9285576" lon="121.1144272">
    <tag k="bus" v="yes"/>
    <tag k="name" v="天补镇"/>
    <tag k="name:zh" v="天补镇"/>
    <tag k="public_transport" v="stop_position"/>
  </node>
  <node id="12579469618" lat="31.9271663" lon="121.1144452">
    <tag k="bus" v="yes"/>
    <tag k="name" v="天补镇"/>
    <tag k="name:zh" v="天补镇"/>
    <tag k="public_transport" v="stop_position"/>
  </node>
  <node id="12579469619" lat="31.9218059" lon="121.1147737">
    <tag k="bus" v="yes"/>
    <tag k="name" v="天补南"/>
    <tag k="name:zh" v="天补南"/>
    <tag k="public_transport" v="stop_position"/>
  </node>
  <node id="12579469620" lat="31.9164084" lon="121.1150151">
    <tag k="bus" v="yes"/>
    <tag k="name" v="天补农科所"/>
    <tag k="name:zh" v="天补农科所"/>
    <tag k="public_transport" v="stop_position"/>
  </node>
  <node id="12579469621" lat="31.9166864" lon="121.1149257">
    <tag k="bus" v="yes"/>
    <tag k="name" v="天补农科所"/>
    <tag k="name:zh" v="天补农科所"/>
    <tag k="public_transport" v="stop_position"/>
  </node>
  <node id="12579469622" lat="31.9126560" lon="121.1150891">
    <tag k="bus" v="yes"/>
    <tag k="name" v="环镇北路"/>
    <tag k="name:zh" v="环镇北路"/>
    <tag k="public_transport" v="stop_position"/>
  </node>
  <node id="12579469623" lat="31.9130439" lon="121.1151582">
    <tag k="bus" v="yes"/>
    <tag k="name" v="环镇北路"/>
    <tag k="name:zh" v="环镇北路"/>
    <tag k="public_transport" v="stop_position"/>
  </node>
  <node id="12579469624" lat="31.9090250" lon="121.1152844">
    <tag k="bus" v="yes"/>
    <tag k="name" v="苏佳家纺"/>
    <tag k="name:zh" v="苏佳家纺"/>
    <tag k="public_transport" v="stop_position"/>
  </node>
  <node id="12579469625" lat="31.9099700" lon="121.1151808">
    <tag k="bus" v="yes"/>
    <tag k="name" v="苏佳家纺"/>
    <tag k="name:zh" v="苏佳家纺"/>
    <tag k="public_transport" v="stop_position"/>
  </node>
  <node id="12579469626" lat="31.9024587" lon="121.1155920">
    <tag k="bus" v="yes"/>
    <tag k="name" v="天补中队"/>
    <tag k="name:zh" v="天补中队"/>
    <tag k="public_transport" v="stop_position"/>
  </node>
  <node id="12579469627" lat="31.9024671" lon="121.1156607">
    <tag k="bus" v="yes"/>
    <tag k="name" v="天补中队"/>
    <tag k="name:zh" v="天补中队"/>
    <tag k="public_transport" v="stop_position"/>
  </node>
  <node id="12579469628" lat="31.8976417" lon="121.1159046">
    <tag k="bus" v="yes"/>
    <tag k="name" v="光荣南路"/>
    <tag k="name:zh" v="光荣南路"/>
    <tag k="public_transport" v="stop_position"/>
  </node>
  <node id="12579469629" lat="31.8974133" lon="121.1158521">
    <tag k="bus" v="yes"/>
    <tag k="name" v="光荣南路"/>
    <tag k="name:zh" v="光荣南路"/>
    <tag k="public_transport" v="stop_position"/>
  </node>
  <node id="12579469630" lat="31.8908323" lon="121.1155750">
    <tag k="bus" v="yes"/>
    <tag k="name" v="大兴镇"/>
    <tag k="name:zh" v="大兴镇"/>
    <tag k="public_transport" v="stop_position"/>
  </node>
  <node id="12581847229" lat="31.9183228" lon="121.0917270">
    <tag k="bus" v="yes"/>
    <tag k="name" v="综合物流港"/>
    <tag k="name:zh" v="综合物流港"/>
    <tag k="public_transport" v="stop_position"/>
  </node>
  <node id="12581847230" lat="31.9184254" lon="121.0920543">
    <tag k="bus" v="yes"/>
    <tag k="name" v="综合物流港"/>
    <tag k="name:zh" v="综合物流港"/>
    <tag k="public_transport" v="stop_position"/>
  </node>
  <node id="12581847233" lat="31.9267602" lon="121.0907191"/>
  <node id="12581847234" lat="31.9266763" lon="121.0905683"/>
  <node id="12581847235" lat="31.9266535" lon="121.0904986"/>
  <node id="12581847236" lat="31.9264372" lon="121.0902545"/>
  <node id="12581847237" lat="31.9263032" lon="121.0901460"/>
  <node id="12581847238" lat="31.9262600" lon="121.0900352"/>
  <node id="12581847239" lat="31.9264509" lon="121.0899085"/>
  <node id="12581847240" lat="31.9266011" lon="121.0898039"/>
  <node id="12581847241" lat="31.9266626" lon="121.0897341"/>
  <node id="12581847242" lat="31.9267876" lon="121.0895387"/>
  <node id="12581847243" lat="31.9254686" lon="121.0901037">
    <tag k="bus" v="yes"/>
    <tag k="name" v="凯盛家纺"/>
    <tag k="name:zh" v="凯盛家纺"/>
    <tag k="public_transport" v="stop_position"/>
  </node>
  <node id="12581847244" lat="31.9256947" lon="121.0900046">
    <tag k="bus" v="yes"/>
    <tag k="name" v="凯盛家纺"/>
    <tag k="name:zh" v="凯盛家纺"/>
    <tag k="public_transport" v="stop_position"/>
  </node>
  <node id="12581847249" lat="31.9536493" lon="121.0887085">
    <tag k="bus" v="yes"/>
    <tag k="name" v="纺都大道"/>
    <tag k="name:zh" v="纺都大道"/>
    <tag k="public_transport" v="stop_position"/>
  </node>
  <node id="12581847250" lat="31.9532338" lon="121.0886474">
    <tag k="bus" v="yes"/>
    <tag k="name" v="纺都大道"/>
    <tag k="name:zh" v="纺都大道"/>
    <tag k="public_transport" v="stop_position"/>
  </node>
  <node id="13041113661" lat="31.9589401" lon="121.0877740"/>
  <node id="13069285258" lat="31.9390190" lon="121.0889067"/>
  <node id="13069285259" lat="31.9390110" lon="121.0886296"/>
  <node id="13069285260" lat="31.9345713" lon="121.0884048"/>
  <node id="13069285261" lat="31.9335829" lon="121.0865583"/>
  <node id="13069285262" lat="31.9336562" lon="121.0861533"/>
  <node id="13069285263" lat="31.9335888" lon="121.0863476"/>
  <node id="13069285264" lat="31.9335178" lon="121.0865563"/>
  <node id="13069285265" lat="31.9335149" lon="121.0863624"/>
  <node id="13069285266" lat="31.9335759" lon="121.0861452"/>
  <node id="13180754435" lat="31.9621873" lon="121.0874216"/>
  <node id="13180754436" lat="31.9577768" lon="121.0879552"/>
  <node id="13180754437" lat="31.9551195" lon="121.0889712"/>
  <node id="13180754438" lat="31.9552669" lon="121.0890069"/>
  <node id="13180754439" lat="31.9558081" lon="121.0884849"/>
  <node id="13180754440" lat="31.9558055" lon="121.0882927"/>
  <node id="13180754441" lat="31.9553496" lon="121.0877920"/>
  <node id="13180754442" lat="31.9551734" lon="121.0878062"/>
  <node id="13180754443" lat="31.9548069" lon="121.0882008"/>
  <node id="13180754444" lat="31.9547790" lon="121.0883892"/>
  <node id="13180754445" lat="31.9554168" lon="121.0889910"/>
  <node id="13180754446" lat="31.9555565" lon="121.0889250"/>
  <node id="13180754447" lat="31.9556741" lon="121.0888144"/>
  <node id="13180754448" lat="31.9557523" lon="121.0881110"/>
  <node id="13180754449" lat="31.9556537" lon="121.0879578"/>
  <node id="13180754450" lat="31.9550116" lon="121.0878893"/>
  <node id="13180754451" lat="31.9548021" lon="121.0885785"/>
  <node id="13180754452" lat="31.9548738" lon="121.0887500"/>
  <node id="13180754453" lat="31.9557564" lon="121.0880148"/>
  <node id="13180754454" lat="31.9545894" lon="121.0886010"/>
  <node id="13180754455" lat="31.9562254" lon="121.0882111"/>
  <node id="13180754456" lat="31.9597504" lon="121.0877526"/>
  <node id="13180754457" lat="31.9624797" lon="121.0872894"/>
  <node id="13758889414" lat="31.8239129" lon="121.0933255"/>
  <node id="13758889415" lat="31.8239367" lon="121.0931107"/>
  <node id="13758889416" lat="31.8308595" lon="121.0922975"/>
  <node id="13758889417" lat="31.8405017" lon="121.0926343"/>
  <node id="13758889418" lat="31.8528383" lon="121.0953813"/>
  <node id="13758889419" lat="31.8659063" lon="121.0986149"/>
  <node id="13758889420" lat="31.8759283" lon="121.1014936"/>
  <node id="13758889421" lat="31.8897521" lon="121.1085610"/>
  <node id="13758889422" lat="31.9006854" lon="121.1171359"/>
  <node id="13758889423" lat="31.9075765" lon="121.1204221"/>
  <node id="13758889424" lat="31.9130695" lon="121.1219213"/>
  <node id="13758889425" lat="31.9170603" lon="121.1224388"/>
  <node id="13758889426" lat="31.9310747" lon="121.1205781"/>
  <node id="13758889427" lat="31.9341678" lon="121.1200203"/>
  <node id="13758889428" lat="31.9380384" lon="121.1192517"/>
  <node id="13758889429" lat="31.8307846" lon="121.0926140"/>
  <node id="13758889430" lat="31.8404909" lon="121.0928990"/>
  <node id="13758889431" lat="31.8529957" lon="121.0956967"/>
  <node id="13758889432" lat="31.8658525" lon="121.0988955"/>
  <node id="13758889433" lat="31.8758888" lon="121.1018763"/>
  <node id="13758889434" lat="31.8897432" lon="121.1088554"/>
  <node id="13758889435" lat="31.9005480" lon="121.1173332"/>
  <node id="13758889436" lat="31.9074384" lon="121.1205745"/>
  <node id="13758889437" lat="31.9132938" lon="121.1221259"/>
  <node id="13758889438" lat="31.9169971" lon="121.1226178"/>
  <node id="13758889439" lat="31.9311061" lon="121.1207603"/>
  <node id="13758889440" lat="31.9341357" lon="121.1202307"/>
  <node id="13758889441" lat="31.9380286" lon="121.1194194"/>
  <node id="13985079301" lat="31.8959691" lon="121.1133664"/>
  <node id="13985079302" lat="31.8952684" lon="121.1130593"/>
  <node id="14031495952" lat="31.8849542" lon="121.1055676"/>
  <node id="14031495953" lat="31.8849729" lon="121.1058713"/>
  <node id="14031495954" lat="31.8709807" lon="121.0998301"/>
  <node id="14031495955" lat="31.8709817" lon="121.1001804"/>
  <node id="14031495956" lat="31.8447374" lon="121.0934559"/>
  <node id="14031495957" lat="31.8447613" lon="121.0937353"/>
  <node id="14031495958" lat="31.9219520" lon="121.1224846"/>
  <node id="14031495959" lat="31.9219478" lon="121.1223003"/>
  <node id="14031495960" lat="31.9109334" lon="121.1215886"/>
  <node id="14031495961" lat="31.9109982" lon="121.1214381"/>
  <node id="14031495962" lat="31.9031016" lon="121.1185995"/>
  <node id="14031495963" lat="31.9031803" lon="121.1184320"/>
  <node id="14031495964" lat="31.8924060" lon="121.1105306"/>
  <node id="14031495965" lat="31.8922660" lon="121.1106788"/>
  <node id="14031495966" lat="31.9203198" lon="121.1226107"/>
  <node id="14031495967" lat="31.9203010" lon="121.1224390"/>
  <node id="14031495968" lat="31.9244372" lon="121.1221205"/>
  <node id="14031495969" lat="31.9244729" lon="121.1219264"/>
  <node id="14031495970" lat="31.9405170" lon="121.1187467"/>
  <node id="14031495971" lat="31.9440129" lon="121.1181522"/>
  <node id="14031495972" lat="31.9478689" lon="121.1174868"/>
  <node id="14031495973" lat="31.9405957" lon="121.1189505"/>
  <node id="14031495974" lat="31.9479154" lon="121.1176845"/>
  <node id="14031495975" lat="31.9365163" lon="121.1198699"/>
  <node id="14031495976" lat="31.9385191" lon="121.1196357"/>
  <node id="14031495977" lat="31.9402343" lon="121.1198021"/>
  <node id="14031495978" lat="31.9407781" lon="121.1195618"/>
  <node id="14031495979" lat="31.9412121" lon="121.1191920"/>
  <node id="14031495980" lat="31.9414265" lon="121.1184218"/>
  <node id="14031495981" lat="31.9411912" lon="121.1175714"/>
  <node id="14031495982" lat="31.9400983" lon="121.1153222"/>
  <node id="14031495983" lat="31.9391571" lon="121.1128574"/>
  <node id="14031495984" lat="31.9382629" lon="121.1115387"/>
  <node id="14031495985" lat="31.9373687" lon="121.1109102"/>
  <node id="14031495986" lat="31.9363960" lon="121.1101276"/>
  <node id="14031495987" lat="31.9359777" lon="121.1091293"/>
  <node id="14031495988" lat="31.9356534" lon="121.1077429"/>
  <node id="14031495989" lat="31.9352508" lon="121.1049761"/>
  <node id="14031495990" lat="31.9347278" lon="121.1054382"/>
  <node id="14031495991" lat="31.9345448" lon="121.1073177"/>
  <node id="14031495992" lat="31.9344820" lon="121.1083344"/>
  <node id="14031495993" lat="31.9346389" lon="121.1094436"/>
  <node id="14031495994" lat="31.9355750" lon="121.1106760"/>
  <node id="14031495995" lat="31.9370549" lon="121.1111135"/>
  <node id="14031495996" lat="31.9380851" lon="121.1116496"/>
  <node id="14031495997" lat="31.9388067" lon="121.1126356"/>
  <node id="14031495998" lat="31.9391362" lon="121.1133935"/>
  <node id="14031495999" lat="31.9399885" lon="121.1156796"/>
  <node id="14031496000" lat="31.9397793" lon="121.1170415"/>
  <node id="14031498501" lat="31.9392303" lon="121.1182431"/>
  <node id="14031498502" lat="31.9387126" lon="121.1187545"/>
  <node id="14031498503" lat="31.9379491" lon="121.1191674"/>
  <node id="14031498504" lat="31.9354129" lon="121.1069788"/>
  <node id="14031498505" lat="31.9349108" lon="121.1070773"/>
  <node id="14031498506" lat="31.9343251" lon="121.1077737"/>
  <node id="14031498507" lat="31.9342990" lon="121.1082913"/>
  <node id="14031498508" lat="31.9346389" lon="121.1099058"/>
  <node id="14031498509" lat="31.9348481" lon="121.1115880"/>
  <node id="14031498510" lat="31.9348324" lon="121.1132949"/>
  <node id="14031498511" lat="31.9346180" lon="121.1148416"/>
  <node id="14031498512" lat="31.9345605" lon="121.1173249"/>
  <node id="14031498513" lat="31.9344402" lon="121.1191489"/>
  <node id="14031498514" lat="31.9354024" lon="121.1135537"/>
  <node id="14031498515" lat="31.9357110" lon="121.1122289"/>
  <node id="14031498516" lat="31.9363071" lon="121.1115695"/>
  <node id="14031498517" lat="31.9367987" lon="121.1112737"/>
  <node id="14031498518" lat="31.9370967" lon="121.1112491"/>
  <node id="14031498519" lat="31.9397846" lon="121.1162527"/>
  <node id="14031498520" lat="31.9390473" lon="121.1176145"/>
  <node id="14031498521" lat="31.9388381" lon="121.1184279"/>
  <node id="14031498522" lat="31.9392460" lon="121.1192906"/>
  <node id="14031498523" lat="31.9400983" lon="121.1195186"/>
  <node id="14031498524" lat="31.9419547" lon="121.1189640"/>
  <node id="14031498525" lat="31.9428593" lon="121.1187052"/>
  <node id="14031498526" lat="31.9436855" lon="121.1180459"/>
  <node id="14031498527" lat="31.9426710" lon="121.1181753"/>
  <node id="14031498528" lat="31.9419390" lon="121.1181260"/>
  <node id="14031498529" lat="31.9413690" lon="121.1176453"/>
  <node id="14031498530" lat="31.9409664" lon="121.1168381"/>
  <node id="14081749259" lat="31.9945460" lon="121.1120224"/>
  <node id="14081749260" lat="31.9960314" lon="121.1132252"/>
  <node id="14174915668" lat="31.9048109" lon="121.1392141"/>
  <node id="14174915673" lat="31.9213004" lon="121.1384585"/>
  <node id="14174915675" lat="31.9214136" lon="121.1384532"/>
  <node id="14174915677" lat="31.9119774" lon="121.1389684"/>
  <way id="165714703">
    <nd ref="1772546820"/>
    <nd ref="1772546821"/>
    <tag k="bridge" v="yes"/>
    <tag k="highway" v="tertiary"/>
    <tag k="layer" v="1"/>
    <tag k="surface" v="asphalt"/>
  </way>
  <way id="165714706">
    <nd ref="1772546821"/>
    <nd ref="1772546822"/>
    <nd ref="12556774632"/>
    <nd ref="12556774633"/>
    <nd ref="1772546823"/>
    <nd ref="3236004510"/>
    <tag k="highway" v="tertiary"/>
  </way>
  <way id="188978215">
    <nd ref="12565737267"/>
    <nd ref="1996143921"/>
    <nd ref="12565737269"/>
    <nd ref="12565737270"/>
    <nd ref="12565737271"/>
    <nd ref="12565737272"/>
    <nd ref="13069285259"/>
    <nd ref="12565737273"/>
    <nd ref="12565737278"/>
    <nd ref="12565737274"/>
    <nd ref="12565737275"/>
    <nd ref="12565737276"/>
    <nd ref="12565737277"/>
    <nd ref="1996143860"/>
    <tag k="highway" v="motorway_link"/>
    <tag k="lanes" v="1"/>
    <tag k="oneway" v="yes"/>
  </way>
  <way id="188978217">
    <nd ref="12565737262"/>
    <nd ref="12565737260"/>
    <nd ref="12565737259"/>
    <nd ref="12565737257"/>
    <nd ref="12565737256"/>
    <nd ref="12565737255"/>
    <tag k="bridge" v="yes"/>
    <tag k="highway" v="motorway_link"/>
    <tag k="lanes" v="1"/>
    <tag k="layer" v="1"/>
    <tag k="oneway" v="yes"/>
  </way>
  <way id="188978220">
    <nd ref="1996143885"/>
    <nd ref="1996143895"/>
    <nd ref="1996143915"/>
    <nd ref="1996143923"/>
    <nd ref="1996143924"/>
    <nd ref="1996143925"/>
    <nd ref="1996143926"/>
    <nd ref="1996143928"/>
    <nd ref="1996143930"/>
    <nd ref="1996143931"/>
    <nd ref="1996143981"/>
    <nd ref="1996143997"/>
    <tag k="highway" v="tertiary"/>
  </way>
  <way id="188978221">
    <nd ref="1996143718"/>
    <nd ref="13069285261"/>
    <nd ref="13069285263"/>
    <nd ref="13069285262"/>
    <nd ref="1996143733"/>
    <nd ref="1996143738"/>
    <nd ref="1996143742"/>
    <nd ref="1996143746"/>
    <nd ref="1996143749"/>
    <nd ref="1996143757"/>
    <nd ref="1996143762"/>
    <nd ref="1996143768"/>
    <nd ref="1996143772"/>
    <nd ref="1996143775"/>
    <nd ref="13069285260"/>
    <nd ref="1996143767"/>
    <tag k="highway" v="motorway_link"/>
    <tag k="lanes" v="1"/>
    <tag k="oneway" v="yes"/>
  </way>
  <way id="188978224">
    <nd ref="1999061163"/>
    <nd ref="1999061167"/>
    <nd ref="1996143632"/>
    <nd ref="1999061259"/>
    <nd ref="1996143665"/>
    <nd ref="1996143680"/>
    <nd ref="1996143685"/>
    <nd ref="1996143693"/>
    <nd ref="1996143707"/>
    <nd ref="1996143716"/>
    <nd ref="1996143730"/>
    <nd ref="1996143739"/>
    <tag k="highway" v="tertiary"/>
  </way>
  <way id="188978231">
    <nd ref="1996143763"/>
    <nd ref="1996143778"/>
    <nd ref="1996143781"/>
    <nd ref="1996143788"/>
    <nd ref="1996143792"/>
    <nd ref="1996143803"/>
    <nd ref="1996143813"/>
    <nd ref="1996143824"/>
    <nd ref="1996143830"/>
    <nd ref="1996143833"/>
    <nd ref="1996143835"/>
    <nd ref="1996143839"/>
    <nd ref="1996143841"/>
    <nd ref="12565737279"/>
    <tag k="highway" v="motorway_link"/>
    <tag k="lanes" v="1"/>
    <tag k="oneway" v="yes"/>
  </way>
  <way id="188978238">
    <nd ref="1996144003"/>
    <nd ref="1996144008"/>
    <tag k="bridge" v="yes"/>
    <tag k="highway" v="trunk"/>
    <tag k="lanes" v="2"/>
    <tag k="layer" v="1"/>
    <tag k="name" v="丹东线"/>
    <tag k="oneway" v="yes"/>
    <tag k="ref" v="G228;S510"/>
  </way>
  <way id="188978240">
    <nd ref="1996144007"/>
    <nd ref="1996144004"/>
    <tag k="bridge" v="yes"/>
    <tag k="highway" v="trunk"/>
    <tag k="lanes" v="2"/>
    <tag k="layer" v="1"/>
    <tag k="name" v="丹东线"/>
    <tag k="oneway" v="yes"/>
    <tag k="ref" v="G228;S510"/>
  </way>
  <way id="188978243">
    <nd ref="1997306537"/>
    <nd ref="1997306532"/>
    <nd ref="1997306529"/>
    <nd ref="12581847250"/>
    <nd ref="1999061794"/>
    <nd ref="1996144017"/>
    <nd ref="1999061724"/>
    <nd ref="1996144007"/>
    <tag k="highway" v="trunk"/>
    <tag k="lanes" v="2"/>
    <tag k="name" v="丹东线"/>
    <tag k="oneway" v="yes"/>
    <tag k="ref" v="G228;S510"/>
  </way>
  <way id="188978246">
    <nd ref="1996144008"/>
    <nd ref="1999061725"/>
    <nd ref="1996144016"/>
    <nd ref="1999061795"/>
    <nd ref="12581847249"/>
    <nd ref="1997306523"/>
    <nd ref="1997306528"/>
    <nd ref="1997306531"/>
    <tag k="highway" v="trunk"/>
    <tag k="lanes" v="2"/>
    <tag k="name" v="丹东线"/>
    <tag k="oneway" v="yes"/>
    <tag k="ref" v="G228;S510"/>
  </way>
  <way id="188978250">
    <nd ref="1996143801"/>
    <nd ref="1996143820"/>
    <tag k="highway" v="motorway_link"/>
    <tag k="lanes" v="1"/>
    <tag k="oneway" v="yes"/>
  </way>
  <way id="188978252">
    <nd ref="1996143667"/>
    <nd ref="1996143879"/>
    <tag k="bridge" v="yes"/>
    <tag k="highway" v="trunk"/>
    <tag k="lanes" v="2"/>
    <tag k="layer" v="1"/>
    <tag k="name" v="丹东线"/>
    <tag k="oneway" v="yes"/>
    <tag k="ref" v="G228;S510"/>
  </way>
  <way id="188978258">
    <nd ref="1996143878"/>
    <nd ref="1996143669"/>
    <tag k="bridge" v="yes"/>
    <tag k="highway" v="trunk"/>
    <tag k="lanes" v="2"/>
    <tag k="layer" v="1"/>
    <tag k="name" v="丹东线"/>
    <tag k="oneway" v="yes"/>
    <tag k="ref" v="G228;S510"/>
  </way>
  <way id="188978259">
    <nd ref="1996143822"/>
    <nd ref="1996143885"/>
    <tag k="bridge" v="yes"/>
    <tag k="highway" v="tertiary"/>
    <tag k="layer" v="1"/>
  </way>
  <way id="188978260">
    <nd ref="1996143796"/>
    <nd ref="1996143801"/>
    <tag k="bridge" v="yes"/>
    <tag k="highway" v="motorway_link"/>
    <tag k="lanes" v="1"/>
    <tag k="layer" v="1"/>
    <tag k="oneway" v="yes"/>
  </way>
  <way id="188978266">
    <nd ref="1996143669"/>
    <nd ref="1996143525"/>
    <nd ref="1999061162"/>
    <nd ref="1999061154"/>
    <nd ref="1996143482"/>
    <tag k="highway" v="trunk"/>
    <tag k="lanes" v="2"/>
    <tag k="name" v="丹东线"/>
    <tag k="oneway" v="yes"/>
    <tag k="ref" v="G228;S510"/>
  </way>
  <way id="188978277">
    <nd ref="1996143484"/>
    <nd ref="1999061158"/>
    <nd ref="1996143490"/>
    <nd ref="1996143600"/>
    <nd ref="1996143667"/>
    <tag k="highway" v="trunk"/>
    <tag k="lanes" v="2"/>
    <tag k="name" v="丹东线"/>
    <tag k="oneway" v="yes"/>
    <tag k="ref" v="G228;S510"/>
  </way>
  <way id="188978278">
    <nd ref="1996143947"/>
    <nd ref="1996143944"/>
    <nd ref="1996143942"/>
    <nd ref="1996143937"/>
    <nd ref="1996143943"/>
    <nd ref="1996143965"/>
    <nd ref="1996143968"/>
    <nd ref="1996143961"/>
    <nd ref="1996143954"/>
    <nd ref="1996143950"/>
    <nd ref="1996143953"/>
    <nd ref="1996143956"/>
    <nd ref="1996143955"/>
    <nd ref="1996143958"/>
    <nd ref="1996143960"/>
    <nd ref="1996143957"/>
    <nd ref="1996143959"/>
    <nd ref="1999061493"/>
    <nd ref="1996143962"/>
    <nd ref="1996143963"/>
    <nd ref="1996143966"/>
    <nd ref="1996143969"/>
    <nd ref="1996143970"/>
    <nd ref="1996143972"/>
    <nd ref="1999061505"/>
    <nd ref="1996143973"/>
    <nd ref="1996143974"/>
    <nd ref="1996143975"/>
    <nd ref="1996143978"/>
    <nd ref="1996143979"/>
    <nd ref="1996143981"/>
    <nd ref="1996143982"/>
    <nd ref="1996143983"/>
    <nd ref="1996143984"/>
    <nd ref="1999061515"/>
    <nd ref="1996143985"/>
    <nd ref="1996143986"/>
    <nd ref="1996143987"/>
    <tag k="highway" v="unclassified"/>
  </way>
  <way id="188978287">
    <nd ref="1996143838"/>
    <nd ref="1996143816"/>
    <nd ref="1996143744"/>
    <nd ref="1996143736"/>
    <nd ref="1996143728"/>
    <nd ref="1996143723"/>
    <nd ref="1996143718"/>
    <tag k="bridge" v="yes"/>
    <tag k="highway" v="motorway_link"/>
    <tag k="lanes" v="1"/>
    <tag k="layer" v="1"/>
    <tag k="oneway" v="yes"/>
  </way>
  <way id="188978288">
    <nd ref="1997306542"/>
    <nd ref="12578759402"/>
    <nd ref="12579469608"/>
    <nd ref="1999061824"/>
    <nd ref="1999061796"/>
    <nd ref="1997306510"/>
    <nd ref="12579469609"/>
    <nd ref="1999061739"/>
    <nd ref="1997306492"/>
    <tag k="highway" v="secondary"/>
    <tag k="oneway" v="yes"/>
  </way>
  <way id="188978293">
    <nd ref="3848390691"/>
    <nd ref="12579469616"/>
    <nd ref="1996143640"/>
    <nd ref="1996143826"/>
    <nd ref="1999061322"/>
    <nd ref="12579469613"/>
    <nd ref="1996143886"/>
    <nd ref="1996143918"/>
    <nd ref="1996143944"/>
    <nd ref="1996143964"/>
    <nd ref="12579469611"/>
    <nd ref="1996143991"/>
    <nd ref="1997306488"/>
    <nd ref="1997306490"/>
    <tag k="highway" v="secondary"/>
    <tag k="name" v="大港路"/>
    <tag k="name:en" v="Dagang Road"/>
    <tag k="oneway" v="yes"/>
  </way>
  <way id="188978299">
    <nd ref="12565737267"/>
    <nd ref="1999061463"/>
    <nd ref="1996143935"/>
    <nd ref="1996143958"/>
    <nd ref="1996143971"/>
    <nd ref="1996143995"/>
    <nd ref="1996144000"/>
    <nd ref="1996144003"/>
    <tag k="highway" v="trunk"/>
    <tag k="lanes" v="2"/>
    <tag k="name" v="丹东线"/>
    <tag k="oneway" v="yes"/>
    <tag k="ref" v="G228;S510"/>
  </way>
  <way id="188978300">
    <nd ref="1996144004"/>
    <nd ref="1996143999"/>
    <nd ref="1996143994"/>
    <nd ref="1996143988"/>
    <nd ref="1996143967"/>
    <nd ref="1996143960"/>
    <nd ref="1999061461"/>
    <nd ref="12565737240"/>
    <nd ref="1996143921"/>
    <nd ref="12565737245"/>
    <nd ref="12565737241"/>
    <tag k="highway" v="trunk"/>
    <tag k="lanes" v="2"/>
    <tag k="name" v="丹东线"/>
    <tag k="oneway" v="yes"/>
    <tag k="ref" v="G228;S510"/>
  </way>
  <way id="188978302">
    <nd ref="1996143867"/>
    <nd ref="12082694937"/>
    <nd ref="1996143868"/>
    <nd ref="1996143864"/>
    <nd ref="1996143858"/>
    <nd ref="1996143850"/>
    <nd ref="1996143844"/>
    <nd ref="1996143840"/>
    <nd ref="1996143834"/>
    <nd ref="1996143831"/>
    <nd ref="1996143825"/>
    <tag k="highway" v="motorway"/>
    <tag k="name" v="沪陕高速"/>
    <tag k="name:en" v="Hushan Expressway"/>
    <tag k="name:zh-Hant" v="滬陝高速"/>
    <tag k="oneway" v="yes"/>
    <tag k="ref" v="G40"/>
    <tag k="start_date" v="2004-10-30"/>
    <tag k="surface" v="asphalt"/>
  </way>
  <way id="188978303">
    <nd ref="1996143818"/>
    <nd ref="1996143817"/>
    <nd ref="1996143815"/>
    <nd ref="1996143806"/>
    <nd ref="1996143780"/>
    <nd ref="1996143766"/>
    <nd ref="1996143759"/>
    <nd ref="1996143763"/>
    <nd ref="1996143764"/>
    <nd ref="1996143777"/>
    <nd ref="1996143784"/>
    <nd ref="1996143790"/>
    <tag k="highway" v="motorway"/>
    <tag k="lanes" v="2"/>
    <tag k="name" v="沪陕高速"/>
    <tag k="name:en" v="Hushan Expressway"/>
    <tag k="name:zh-Hant" v="滬陝高速"/>
    <tag k="oneway" v="yes"/>
    <tag k="ref" v="G40"/>
    <tag k="start_date" v="2004-10-30"/>
    <tag k="surface" v="asphalt"/>
  </way>
  <way id="188978305">
    <nd ref="1996143785"/>
    <nd ref="1996143776"/>
    <nd ref="1996143769"/>
    <nd ref="1996143767"/>
    <nd ref="1996143760"/>
    <nd ref="1996143752"/>
    <nd ref="1996143753"/>
    <nd ref="1996143754"/>
    <nd ref="1996143758"/>
    <nd ref="1996143773"/>
    <nd ref="1996143799"/>
    <nd ref="1996143807"/>
    <nd ref="1996143809"/>
    <nd ref="1996143808"/>
    <tag k="highway" v="motorway"/>
    <tag k="name" v="沪陕高速"/>
    <tag k="name:en" v="Hushan Expressway"/>
    <tag k="name:zh-Hant" v="滬陝高速"/>
    <tag k="oneway" v="yes"/>
    <tag k="ref" v="G40"/>
    <tag k="start_date" v="2004-10-30"/>
    <tag k="surface" v="asphalt"/>
  </way>
  <way id="188978307">
    <nd ref="1996143865"/>
    <nd ref="1996143867"/>
    <tag k="bridge" v="yes"/>
    <tag k="highway" v="motorway"/>
    <tag k="layer" v="1"/>
    <tag k="name" v="沪陕高速"/>
    <tag k="name:en" v="Hushan Expressway"/>
    <tag k="name:zh-Hant" v="滬陝高速"/>
    <tag k="oneway" v="yes"/>
    <tag k="ref" v="G40"/>
    <tag k="start_date" v="2004-10-30"/>
    <tag k="surface" v="asphalt"/>
  </way>
  <way id="188978308">
    <nd ref="1996143873"/>
    <nd ref="1996143872"/>
    <tag k="bridge" v="yes"/>
    <tag k="highway" v="motorway"/>
    <tag k="lanes" v="2"/>
    <tag k="layer" v="1"/>
    <tag k="name" v="沪陕高速"/>
    <tag k="name:en" v="Hushan Expressway"/>
    <tag k="name:zh-Hant" v="滬陝高速"/>
    <tag k="oneway" v="yes"/>
    <tag k="ref" v="G40"/>
    <tag k="start_date" v="2004-10-30"/>
    <tag k="surface" v="asphalt"/>
  </way>
  <way id="188978309">
    <nd ref="1996143790"/>
    <nd ref="1996143793"/>
    <tag k="bridge" v="yes"/>
    <tag k="highway" v="motorway"/>
    <tag k="lanes" v="2"/>
    <tag k="layer" v="1"/>
    <tag k="name" v="沪陕高速"/>
    <tag k="name:en" v="Hushan Expressway"/>
    <tag k="name:zh-Hant" v="滬陝高速"/>
    <tag k="oneway" v="yes"/>
    <tag k="ref" v="G40"/>
    <tag k="start_date" v="2004-10-30"/>
    <tag k="surface" v="asphalt"/>
  </way>
  <way id="188978314">
    <nd ref="1996143787"/>
    <nd ref="1996143785"/>
    <tag k="bridge" v="yes"/>
    <tag k="highway" v="motorway"/>
    <tag k="layer" v="1"/>
    <tag k="name" v="沪陕高速"/>
    <tag k="name:en" v="Hushan Expressway"/>
    <tag k="name:zh-Hant" v="滬陝高速"/>
    <tag k="oneway" v="yes"/>
    <tag k="ref" v="G40"/>
    <tag k="start_date" v="2004-10-30"/>
    <tag k="surface" v="asphalt"/>
  </way>
  <way id="188978323">
    <nd ref="1996143827"/>
    <nd ref="1996143829"/>
    <tag k="bridge" v="yes"/>
    <tag k="highway" v="motorway"/>
    <tag k="lanes" v="2"/>
    <tag k="layer" v="1"/>
    <tag k="name" v="沪陕高速"/>
    <tag k="name:en" v="Hushan Expressway"/>
    <tag k="name:zh-Hant" v="滬陝高速"/>
    <tag k="oneway" v="yes"/>
    <tag k="ref" v="G40"/>
    <tag k="start_date" v="2004-10-30"/>
    <tag k="surface" v="asphalt"/>
  </way>
  <way id="188978326">
    <nd ref="1996143825"/>
    <nd ref="1996143821"/>
    <tag k="bridge" v="yes"/>
    <tag k="highway" v="motorway"/>
    <tag k="layer" v="1"/>
    <tag k="name" v="沪陕高速"/>
    <tag k="name:en" v="Hushan Expressway"/>
    <tag k="name:zh-Hant" v="滬陝高速"/>
    <tag k="oneway" v="yes"/>
    <tag k="ref" v="G40"/>
    <tag k="start_date" v="2004-10-30"/>
    <tag k="surface" v="asphalt"/>
  </way>
  <way id="188978328">
    <nd ref="1996143880"/>
    <nd ref="1996143884"/>
    <nd ref="1996143889"/>
    <nd ref="1996143893"/>
    <nd ref="1996143896"/>
    <nd ref="1996143901"/>
    <nd ref="1996143906"/>
    <nd ref="1996143912"/>
    <nd ref="1996143919"/>
    <nd ref="4149907572"/>
    <tag k="highway" v="motorway"/>
    <tag k="lanes" v="2"/>
    <tag k="name" v="沪陕高速"/>
    <tag k="name:en" v="Hushan Expressway"/>
    <tag k="name:zh-Hant" v="滬陝高速"/>
    <tag k="oneway" v="yes"/>
    <tag k="ref" v="G40"/>
    <tag k="start_date" v="2004-10-30"/>
    <tag k="surface" v="asphalt"/>
  </way>
  <way id="188978332">
    <nd ref="1996143789"/>
    <nd ref="1996143771"/>
    <nd ref="1996143747"/>
    <nd ref="1996143745"/>
    <nd ref="1996143737"/>
    <nd ref="1996143724"/>
    <nd ref="1996143717"/>
    <nd ref="1996143701"/>
    <nd ref="1996143696"/>
    <nd ref="1996143660"/>
    <nd ref="1996143610"/>
    <nd ref="1996143602"/>
    <nd ref="1996143597"/>
    <nd ref="1996143584"/>
    <nd ref="1996143574"/>
    <nd ref="1996143571"/>
    <nd ref="1996143561"/>
    <nd ref="1996143558"/>
    <nd ref="1996143546"/>
    <nd ref="1996143543"/>
    <nd ref="1996143544"/>
    <nd ref="1996143545"/>
    <nd ref="1996143547"/>
    <nd ref="1996143553"/>
    <nd ref="1996143566"/>
    <nd ref="1996143577"/>
    <nd ref="1996143583"/>
    <tag k="highway" v="motorway"/>
    <tag k="name" v="沪陕高速"/>
    <tag k="name:en" v="Hushan Expressway"/>
    <tag k="name:zh-Hant" v="滬陝高速"/>
    <tag k="oneway" v="yes"/>
    <tag k="ref" v="G40"/>
    <tag k="start_date" v="2004-10-30"/>
    <tag k="surface" v="asphalt"/>
  </way>
  <way id="188978336">
    <nd ref="1996143795"/>
    <nd ref="1996143811"/>
    <nd ref="1996143818"/>
    <tag k="bridge" v="yes"/>
    <tag k="highway" v="motorway"/>
    <tag k="lanes" v="2"/>
    <tag k="layer" v="1"/>
    <tag k="name" v="沪陕高速"/>
    <tag k="name:en" v="Hushan Expressway"/>
    <tag k="name:zh-Hant" v="滬陝高速"/>
    <tag k="oneway" v="yes"/>
    <tag k="ref" v="G40"/>
    <tag k="start_date" v="2004-10-30"/>
    <tag k="surface" v="asphalt"/>
  </way>
  <way id="188978339">
    <nd ref="1996143586"/>
    <nd ref="1996143575"/>
    <nd ref="1996143568"/>
    <nd ref="1996143563"/>
    <nd ref="1996143556"/>
    <nd ref="1996143555"/>
    <nd ref="1996143552"/>
    <nd ref="1996143549"/>
    <nd ref="1996143551"/>
    <nd ref="1996143560"/>
    <nd ref="1996143564"/>
    <nd ref="1996143565"/>
    <nd ref="1996143572"/>
    <nd ref="1996143578"/>
    <nd ref="1996143582"/>
    <nd ref="1996143587"/>
    <nd ref="1996143592"/>
    <nd ref="1996143607"/>
    <nd ref="1996143614"/>
    <nd ref="1996143622"/>
    <nd ref="1996143636"/>
    <nd ref="1996143682"/>
    <nd ref="1996143700"/>
    <nd ref="1996143708"/>
    <nd ref="1996143726"/>
    <nd ref="1996143731"/>
    <nd ref="1996143740"/>
    <nd ref="1996143748"/>
    <nd ref="1996143751"/>
    <nd ref="1996143761"/>
    <nd ref="1996143786"/>
    <nd ref="1996143795"/>
    <tag k="highway" v="motorway"/>
    <tag k="lanes" v="2"/>
    <tag k="name" v="沪陕高速"/>
    <tag k="name:en" v="Hushan Expressway"/>
    <tag k="name:zh-Hant" v="滬陝高速"/>
    <tag k="oneway" v="yes"/>
    <tag k="ref" v="G40"/>
    <tag k="start_date" v="2004-10-30"/>
    <tag k="surface" v="asphalt"/>
  </way>
  <way id="188978341">
    <nd ref="1996143859"/>
    <nd ref="12082694936"/>
    <nd ref="1996143870"/>
    <nd ref="1996143875"/>
    <nd ref="1996143880"/>
    <tag k="bridge" v="yes"/>
    <tag k="highway" v="motorway"/>
    <tag k="lanes" v="2"/>
    <tag k="layer" v="1"/>
    <tag k="name" v="沪陕高速"/>
    <tag k="name:en" v="Hushan Expressway"/>
    <tag k="name:zh-Hant" v="滬陝高速"/>
    <tag k="oneway" v="yes"/>
    <tag k="ref" v="G40"/>
    <tag k="start_date" v="2004-10-30"/>
    <tag k="surface" v="asphalt"/>
  </way>
  <way id="188978342">
    <nd ref="1996143848"/>
    <nd ref="1996143847"/>
    <nd ref="1996143849"/>
    <nd ref="1996143853"/>
    <nd ref="1996143865"/>
    <tag k="highway" v="motorway"/>
    <tag k="name" v="沪陕高速"/>
    <tag k="name:en" v="Hushan Expressway"/>
    <tag k="name:zh-Hant" v="滬陝高速"/>
    <tag k="oneway" v="yes"/>
    <tag k="ref" v="G40"/>
    <tag k="start_date" v="2004-10-30"/>
    <tag k="surface" v="asphalt"/>
  </way>
  <way id="188978343">
    <nd ref="1996143819"/>
    <nd ref="1996143810"/>
    <nd ref="1996143794"/>
    <nd ref="1996143787"/>
    <tag k="highway" v="motorway"/>
    <tag k="name" v="沪陕高速"/>
    <tag k="name:en" v="Hushan Expressway"/>
    <tag k="name:zh-Hant" v="滬陝高速"/>
    <tag k="oneway" v="yes"/>
    <tag k="ref" v="G40"/>
    <tag k="start_date" v="2004-10-30"/>
    <tag k="surface" v="asphalt"/>
  </way>
  <way id="188978344">
    <nd ref="1996143793"/>
    <nd ref="1996143804"/>
    <nd ref="1996143814"/>
    <nd ref="1996143820"/>
    <tag k="highway" v="motorway"/>
    <tag k="lanes" v="2"/>
    <tag k="name" v="沪陕高速"/>
    <tag k="name:en" v="Hushan Expressway"/>
    <tag k="name:zh-Hant" v="滬陝高速"/>
    <tag k="oneway" v="yes"/>
    <tag k="ref" v="G40"/>
    <tag k="start_date" v="2004-10-30"/>
    <tag k="surface" v="asphalt"/>
  </way>
  <way id="188978345">
    <nd ref="1996143808"/>
    <nd ref="1996143802"/>
    <nd ref="1996143798"/>
    <nd ref="1996143791"/>
    <nd ref="1996143789"/>
    <tag k="bridge" v="yes"/>
    <tag k="highway" v="motorway"/>
    <tag k="layer" v="1"/>
    <tag k="name" v="沪陕高速"/>
    <tag k="name:en" v="Hushan Expressway"/>
    <tag k="name:zh-Hant" v="滬陝高速"/>
    <tag k="oneway" v="yes"/>
    <tag k="ref" v="G40"/>
    <tag k="start_date" v="2004-10-30"/>
    <tag k="surface" v="asphalt"/>
  </way>
  <way id="188978347">
    <nd ref="1996143877"/>
    <nd ref="1996143866"/>
    <nd ref="1996143862"/>
    <nd ref="1996143851"/>
    <nd ref="1996143848"/>
    <tag k="bridge" v="yes"/>
    <tag k="highway" v="motorway"/>
    <tag k="layer" v="1"/>
    <tag k="name" v="沪陕高速"/>
    <tag k="name:en" v="Hushan Expressway"/>
    <tag k="name:zh-Hant" v="滬陝高速"/>
    <tag k="oneway" v="yes"/>
    <tag k="ref" v="G40"/>
    <tag k="start_date" v="2004-10-30"/>
    <tag k="surface" v="asphalt"/>
  </way>
  <way id="188978348">
    <nd ref="1996143872"/>
    <nd ref="1996143869"/>
    <nd ref="1996143863"/>
    <nd ref="1996143857"/>
    <nd ref="1996143855"/>
    <nd ref="1996143859"/>
    <tag k="highway" v="motorway"/>
    <tag k="lanes" v="2"/>
    <tag k="name" v="沪陕高速"/>
    <tag k="name:en" v="Hushan Expressway"/>
    <tag k="name:zh-Hant" v="滬陝高速"/>
    <tag k="oneway" v="yes"/>
    <tag k="ref" v="G40"/>
    <tag k="start_date" v="2004-10-30"/>
    <tag k="surface" v="asphalt"/>
  </way>
  <way id="188978359">
    <nd ref="1996143829"/>
    <nd ref="1996143837"/>
    <nd ref="1996143843"/>
    <nd ref="1996143861"/>
    <nd ref="1996143871"/>
    <nd ref="1996143874"/>
    <nd ref="1996143876"/>
    <nd ref="1996143873"/>
    <tag k="highway" v="motorway"/>
    <tag k="lanes" v="2"/>
    <tag k="name" v="沪陕高速"/>
    <tag k="name:en" v="Hushan Expressway"/>
    <tag k="name:zh-Hant" v="滬陝高速"/>
    <tag k="oneway" v="yes"/>
    <tag k="ref" v="G40"/>
    <tag k="start_date" v="2004-10-30"/>
    <tag k="surface" v="asphalt"/>
  </way>
  <way id="189083204">
    <nd ref="1997306767"/>
    <nd ref="1999062881"/>
    <nd ref="1997306765"/>
    <nd ref="1999062871"/>
    <nd ref="1997306761"/>
    <nd ref="1999062869"/>
    <nd ref="1999062863"/>
    <nd ref="1997306760"/>
    <nd ref="8913627893"/>
    <nd ref="8913627882"/>
    <nd ref="1999062843"/>
    <nd ref="1997306756"/>
    <nd ref="1999062842"/>
    <nd ref="1997306755"/>
    <nd ref="1997306754"/>
    <nd ref="1997306752"/>
    <tag k="highway" v="tertiary"/>
  </way>
  <way id="189083221">
    <nd ref="1997305414"/>
    <nd ref="1997305435"/>
    <nd ref="1997305439"/>
    <nd ref="1997305442"/>
    <nd ref="1997305447"/>
    <nd ref="1997305459"/>
    <nd ref="12579469630"/>
    <nd ref="1997305489"/>
    <nd ref="1997305496"/>
    <nd ref="1997305529"/>
    <nd ref="1997305575"/>
    <nd ref="1997305602"/>
    <nd ref="3848390690"/>
    <nd ref="9715634788"/>
    <nd ref="12579469628"/>
    <nd ref="12579469627"/>
    <nd ref="3853587755"/>
    <nd ref="1999061052"/>
    <nd ref="3853587753"/>
    <tag k="highway" v="secondary"/>
    <tag k="lanes" v="2"/>
    <tag k="name" v="大港路"/>
    <tag k="name:en" v="Dagang Road"/>
    <tag k="oneway" v="yes"/>
  </way>
  <way id="189083282">
    <nd ref="4826426259"/>
    <nd ref="1999061873"/>
    <nd ref="1999061876"/>
    <nd ref="4826426263"/>
    <nd ref="12083064911"/>
    <nd ref="12083064912"/>
    <nd ref="4826426265"/>
    <nd ref="4826426266"/>
    <nd ref="4826426267"/>
    <nd ref="1999061884"/>
    <nd ref="1997306565"/>
    <nd ref="1999061903"/>
    <tag k="highway" v="primary"/>
    <tag k="oneway" v="yes"/>
  </way>
  <way id="189083299">
    <nd ref="1997306677"/>
    <nd ref="1997306675"/>
    <tag k="bridge" v="yes"/>
    <tag k="highway" v="secondary"/>
    <tag k="layer" v="1"/>
    <tag k="surface" v="asphalt"/>
  </way>
  <way id="189083306">
    <nd ref="3853587752"/>
    <nd ref="1997306239"/>
    <tag k="bridge" v="yes"/>
    <tag k="highway" v="secondary"/>
    <tag k="layer" v="1"/>
    <tag k="name" v="大港路"/>
    <tag k="name:en" v="Dagang Road"/>
    <tag k="oneway" v="yes"/>
    <tag k="surface" v="asphalt"/>
  </way>
  <way id="189083324">
    <nd ref="14174915668"/>
    <nd ref="1997306210"/>
    <nd ref="1997306214"/>
    <nd ref="3374173431"/>
    <nd ref="1997306216"/>
    <nd ref="1997306217"/>
    <nd ref="1997306219"/>
    <nd ref="1997306218"/>
    <nd ref="1997306215"/>
    <nd ref="1997306206"/>
    <nd ref="1997306199"/>
    <nd ref="1997306196"/>
    <nd ref="1997306194"/>
    <nd ref="1997306186"/>
    <nd ref="1997306179"/>
    <nd ref="1997306159"/>
    <nd ref="1997306148"/>
    <nd ref="1997306122"/>
    <nd ref="1997305851"/>
    <nd ref="9161999281"/>
    <nd ref="1997305668"/>
    <nd ref="1997305491"/>
    <nd ref="1997305367"/>
    <nd ref="1997305359"/>
    <nd ref="1997305343"/>
    <tag k="highway" v="tertiary"/>
  </way>
  <way id="189083332">
    <nd ref="1997306707"/>
    <nd ref="1997306708"/>
    <nd ref="1999062529"/>
    <nd ref="1997306706"/>
    <nd ref="1999062528"/>
    <nd ref="1999062532"/>
    <nd ref="1997306709"/>
    <nd ref="1999062538"/>
    <nd ref="1999062541"/>
    <nd ref="1997306711"/>
    <nd ref="1999062540"/>
    <nd ref="1997306710"/>
    <nd ref="1997306712"/>
    <nd ref="1997306713"/>
    <nd ref="1997306715"/>
    <nd ref="1997306716"/>
    <nd ref="1997306724"/>
    <nd ref="1997306736"/>
    <nd ref="1997306737"/>
    <nd ref="1997306738"/>
    <nd ref="1999062663"/>
    <nd ref="1999062662"/>
    <nd ref="1997306735"/>
    <nd ref="1997306726"/>
    <tag k="highway" v="tertiary"/>
  </way>
  <way id="189083343">
    <nd ref="12083064917"/>
    <nd ref="7870782899"/>
    <nd ref="7870782898"/>
    <nd ref="12556774614"/>
    <nd ref="12556774615"/>
    <nd ref="7870782897"/>
    <nd ref="12083064879"/>
    <tag k="highway" v="tertiary"/>
  </way>
  <way id="189083357">
    <nd ref="12083064917"/>
    <nd ref="12083064918"/>
    <nd ref="12083064919"/>
    <nd ref="12083064920"/>
    <nd ref="12083064921"/>
    <nd ref="12083064922"/>
    <nd ref="12556774611"/>
    <nd ref="4826426251"/>
    <nd ref="1999061877"/>
    <nd ref="12083064923"/>
    <nd ref="12083064924"/>
    <nd ref="12083064925"/>
    <nd ref="12083064909"/>
    <tag k="highway" v="primary"/>
    <tag k="oneway" v="yes"/>
  </way>
  <way id="189083362">
    <nd ref="1997306635"/>
    <nd ref="1997306684"/>
    <nd ref="1999062445"/>
    <nd ref="1997306707"/>
    <nd ref="1999062669"/>
    <nd ref="1997306748"/>
    <nd ref="1997306751"/>
    <nd ref="1997306759"/>
    <nd ref="1997306767"/>
    <nd ref="1997306772"/>
    <nd ref="1999062979"/>
    <nd ref="1997306789"/>
    <nd ref="1999063000"/>
    <nd ref="3258060571"/>
    <nd ref="1997306912"/>
    <nd ref="1999063023"/>
    <nd ref="1997306934"/>
    <nd ref="1999063095"/>
    <nd ref="1999063102"/>
    <nd ref="1997306971"/>
    <nd ref="1997306976"/>
    <nd ref="14081749259"/>
    <nd ref="1997306989"/>
    <nd ref="1997306990"/>
    <nd ref="1997306993"/>
    <nd ref="14081749260"/>
    <nd ref="1997306994"/>
    <nd ref="1997306996"/>
    <nd ref="1997306998"/>
    <tag k="highway" v="secondary"/>
  </way>
  <way id="189083423">
    <nd ref="1997306675"/>
    <nd ref="1997306674"/>
    <nd ref="1999062368"/>
    <nd ref="1997306673"/>
    <nd ref="1997306671"/>
    <nd ref="1997306669"/>
    <tag k="highway" v="secondary"/>
    <tag k="surface" v="asphalt"/>
  </way>
  <way id="189083440">
    <nd ref="1997306239"/>
    <nd ref="3853587754"/>
    <nd ref="1997306168"/>
    <nd ref="12579469626"/>
    <nd ref="1997305917"/>
    <nd ref="12579469629"/>
    <nd ref="1997305674"/>
    <nd ref="9715634789"/>
    <nd ref="1997305616"/>
    <tag k="highway" v="secondary"/>
    <tag k="name" v="大港路"/>
    <tag k="name:en" v="Dagang Road"/>
    <tag k="oneway" v="yes"/>
  </way>
  <way id="189083447">
    <nd ref="2537096806"/>
    <nd ref="2537096808"/>
    <nd ref="1997306705"/>
    <nd ref="1997306717"/>
    <nd ref="11115697904"/>
    <nd ref="1997306718"/>
    <nd ref="1997306731"/>
    <nd ref="1997306741"/>
    <tag k="highway" v="residential"/>
  </way>
  <way id="189083453">
    <nd ref="1997306719"/>
    <nd ref="1997306744"/>
    <nd ref="11132162989"/>
    <nd ref="1997306749"/>
    <nd ref="11132162993"/>
    <nd ref="1997306752"/>
    <nd ref="1997306762"/>
    <nd ref="1997306769"/>
    <nd ref="1999062912"/>
    <nd ref="1997306781"/>
    <nd ref="1997306785"/>
    <nd ref="1997306790"/>
    <nd ref="3255263708"/>
    <nd ref="3258101954"/>
    <nd ref="1997306824"/>
    <nd ref="1997306876"/>
    <nd ref="1997306911"/>
    <nd ref="1997306922"/>
    <nd ref="1997306927"/>
    <nd ref="3255263701"/>
    <nd ref="1997306935"/>
    <nd ref="1997306940"/>
    <nd ref="1997306961"/>
    <nd ref="1997306965"/>
    <nd ref="1997306967"/>
    <nd ref="3255263689"/>
    <nd ref="1997306966"/>
    <nd ref="1997306963"/>
    <nd ref="1997306957"/>
    <nd ref="1997306958"/>
    <nd ref="1997306956"/>
    <nd ref="1997306959"/>
    <nd ref="1997306960"/>
    <nd ref="1997306962"/>
    <nd ref="1997306964"/>
    <nd ref="1997306969"/>
    <nd ref="1997306973"/>
    <nd ref="1997306975"/>
    <nd ref="1997306977"/>
    <nd ref="1997306978"/>
    <nd ref="1997306980"/>
    <nd ref="1997306981"/>
    <nd ref="1997306982"/>
    <nd ref="3258058959"/>
    <nd ref="8913627858"/>
    <nd ref="8913627884"/>
    <nd ref="1997306983"/>
    <nd ref="1997306985"/>
    <nd ref="3258060561"/>
    <nd ref="1997306986"/>
    <nd ref="1997306987"/>
    <nd ref="1997306988"/>
    <nd ref="1997306984"/>
    <nd ref="1997306979"/>
    <nd ref="1997306972"/>
    <nd ref="1997306970"/>
    <nd ref="1997306938"/>
    <nd ref="3258060565"/>
    <nd ref="1997306926"/>
    <nd ref="1997306831"/>
    <nd ref="1999062971"/>
    <nd ref="3258061170"/>
    <nd ref="1997306774"/>
    <nd ref="1997306761"/>
    <nd ref="1999062832"/>
    <nd ref="1999062825"/>
    <nd ref="1999062819"/>
    <nd ref="1999062805"/>
    <nd ref="1999062771"/>
    <tag k="highway" v="residential"/>
  </way>
  <way id="189083470">
    <nd ref="1997306443"/>
    <nd ref="10889736079"/>
    <nd ref="10889736080"/>
    <nd ref="1997306445"/>
    <nd ref="1997306446"/>
    <nd ref="3485501356"/>
    <nd ref="10889736078"/>
    <nd ref="10889736077"/>
    <nd ref="1997306449"/>
    <nd ref="1997306450"/>
    <nd ref="1997306447"/>
    <nd ref="3485501357"/>
    <nd ref="3485501358"/>
    <nd ref="10889736076"/>
    <nd ref="1999061181"/>
    <nd ref="1999061175"/>
    <nd ref="1999061173"/>
    <nd ref="1999061170"/>
    <nd ref="1999061169"/>
    <nd ref="1999061171"/>
    <tag k="highway" v="secondary"/>
    <tag k="surface" v="asphalt"/>
  </way>
  <way id="189083514">
    <nd ref="1997306693"/>
    <nd ref="1997306691"/>
    <nd ref="1999062395"/>
    <nd ref="1997306686"/>
    <tag k="highway" v="secondary"/>
  </way>
  <way id="189083517">
    <nd ref="1997306632"/>
    <nd ref="12083064882"/>
    <nd ref="1997306645"/>
    <nd ref="1997306650"/>
    <nd ref="1997306653"/>
    <nd ref="1997306655"/>
    <nd ref="1997306657"/>
    <tag k="highway" v="primary_link"/>
    <tag k="lanes" v="1"/>
    <tag k="oneway" v="yes"/>
  </way>
  <way id="189083528">
    <nd ref="1999062707"/>
    <nd ref="1999062786"/>
    <nd ref="1999062788"/>
    <nd ref="1997306747"/>
    <nd ref="1997306744"/>
    <nd ref="1997306742"/>
    <nd ref="1997306741"/>
    <nd ref="1997306739"/>
    <nd ref="11132163002"/>
    <nd ref="11132163001"/>
    <nd ref="8913627863"/>
    <nd ref="8913627864"/>
    <nd ref="8913627865"/>
    <nd ref="8913627866"/>
    <nd ref="8913627867"/>
    <nd ref="3258101933"/>
    <tag k="highway" v="tertiary"/>
  </way>
  <way id="189083529">
    <nd ref="1997306592"/>
    <nd ref="1997306596"/>
    <nd ref="8913627909"/>
    <nd ref="1999061981"/>
    <nd ref="1999061986"/>
    <tag k="highway" v="trunk"/>
    <tag k="lanes" v="2"/>
    <tag k="name" v="丹东线"/>
    <tag k="oneway" v="yes"/>
    <tag k="ref" v="G228;S510"/>
  </way>
  <way id="189083531">
    <nd ref="1997306665"/>
    <nd ref="1997306656"/>
    <nd ref="1997306654"/>
    <nd ref="1997306651"/>
    <nd ref="1997306646"/>
    <nd ref="1997306641"/>
    <nd ref="1997306633"/>
    <tag k="highway" v="secondary_link"/>
    <tag k="lanes" v="1"/>
    <tag k="oneway" v="yes"/>
  </way>
  <way id="189083532">
    <nd ref="1997306633"/>
    <nd ref="1999062149"/>
    <nd ref="1997306621"/>
    <nd ref="13041113661"/>
    <nd ref="1999062006"/>
    <nd ref="1999062002"/>
    <tag k="highway" v="trunk"/>
    <tag k="lanes" v="2"/>
    <tag k="name" v="丹东线"/>
    <tag k="oneway" v="yes"/>
    <tag k="ref" v="G228;S510"/>
  </way>
  <way id="189083536">
    <nd ref="1997306459"/>
    <nd ref="1999061227"/>
    <nd ref="1997306451"/>
    <nd ref="12579469618"/>
    <nd ref="1999061124"/>
    <nd ref="3853599562"/>
    <nd ref="1997306440"/>
    <nd ref="9715634781"/>
    <nd ref="1997306436"/>
    <nd ref="3830213916"/>
    <nd ref="1997306431"/>
    <nd ref="12579469621"/>
    <nd ref="1997306420"/>
    <nd ref="12579469622"/>
    <nd ref="1997306316"/>
    <nd ref="12579469625"/>
    <nd ref="3853587756"/>
    <nd ref="3853587752"/>
    <tag k="highway" v="secondary"/>
    <tag k="name" v="大港路"/>
    <tag k="name:en" v="Dagang Road"/>
    <tag k="oneway" v="yes"/>
  </way>
  <way id="189130953">
    <nd ref="3568491833"/>
    <nd ref="12556774628"/>
    <nd ref="12556774629"/>
    <nd ref="3258101951"/>
    <nd ref="3258101931"/>
    <nd ref="1772546819"/>
    <nd ref="1772546820"/>
    <tag k="highway" v="tertiary"/>
    <tag k="surface" v="asphalt"/>
  </way>
  <way id="189261961">
    <nd ref="1999061738"/>
    <nd ref="1999061740"/>
    <nd ref="1999061745"/>
    <nd ref="1999061750"/>
    <nd ref="1999061752"/>
    <nd ref="1999061753"/>
    <nd ref="1999061761"/>
    <nd ref="1999061758"/>
    <nd ref="1999061756"/>
    <nd ref="1999061755"/>
    <nd ref="8913664924"/>
    <nd ref="1999061751"/>
    <tag k="highway" v="unclassified"/>
  </way>
  <way id="189261962">
    <nd ref="1999061268"/>
    <nd ref="1999061265"/>
    <nd ref="1999061264"/>
    <nd ref="1999061253"/>
    <nd ref="1999061252"/>
    <nd ref="1999061250"/>
    <nd ref="1999061248"/>
    <nd ref="1999061246"/>
    <nd ref="1999061245"/>
    <nd ref="1999061240"/>
    <tag k="highway" v="residential"/>
  </way>
  <way id="189261963">
    <nd ref="12578759401"/>
    <nd ref="1997306541"/>
    <nd ref="12579469607"/>
    <nd ref="1997306563"/>
    <nd ref="1997306618"/>
    <nd ref="1999062069"/>
    <nd ref="12578759270"/>
    <nd ref="12083064871"/>
    <tag k="highway" v="secondary"/>
    <tag k="oneway" v="yes"/>
  </way>
  <way id="189261966">
    <nd ref="1999062230"/>
    <nd ref="4826426270"/>
    <nd ref="4826426269"/>
    <nd ref="1999062046"/>
    <nd ref="1999062040"/>
    <nd ref="1999062029"/>
    <nd ref="1999061977"/>
    <nd ref="1999061940"/>
    <nd ref="1999061933"/>
    <nd ref="1999061916"/>
    <nd ref="1999061904"/>
    <nd ref="1999061877"/>
    <tag k="highway" v="service"/>
  </way>
  <way id="189261967">
    <nd ref="1999061826"/>
    <nd ref="12578759403"/>
    <nd ref="1999061892"/>
    <nd ref="1999061961"/>
    <nd ref="1999062132"/>
    <nd ref="12083064891"/>
    <nd ref="1999062284"/>
    <nd ref="1999062390"/>
    <nd ref="1999062436"/>
    <nd ref="1999062461"/>
    <nd ref="1999062529"/>
    <nd ref="1999062672"/>
    <tag k="highway" v="unclassified"/>
  </way>
  <way id="189261968">
    <nd ref="1999062076"/>
    <nd ref="1999062064"/>
    <nd ref="1999062072"/>
    <nd ref="1999062093"/>
    <nd ref="1999062103"/>
    <nd ref="1999062101"/>
    <nd ref="1999062099"/>
    <nd ref="1999062086"/>
    <nd ref="1999062065"/>
    <nd ref="1999062078"/>
    <tag k="highway" v="residential"/>
  </way>
  <way id="189261969">
    <nd ref="3258101947"/>
    <nd ref="3258101940"/>
    <nd ref="3258101946"/>
    <nd ref="3568491845"/>
    <nd ref="1999062186"/>
    <nd ref="2537096806"/>
    <nd ref="1999062201"/>
    <nd ref="1999062215"/>
    <nd ref="1999062220"/>
    <nd ref="1999062230"/>
    <nd ref="1999062240"/>
    <nd ref="1999062245"/>
    <nd ref="1999062251"/>
    <tag k="highway" v="tertiary"/>
  </way>
  <way id="189261970">
    <nd ref="1999061237"/>
    <nd ref="1999061236"/>
    <nd ref="1999061235"/>
    <nd ref="1999061234"/>
    <nd ref="1999061231"/>
    <nd ref="1999061230"/>
    <nd ref="1999061232"/>
    <nd ref="1999061229"/>
    <nd ref="1999061228"/>
    <nd ref="1999061227"/>
    <nd ref="3853599563"/>
    <tag k="highway" v="residential"/>
  </way>
  <way id="189261972">
    <nd ref="1999062632"/>
    <nd ref="1997306719"/>
    <nd ref="1999062627"/>
    <nd ref="1999062623"/>
    <nd ref="1999062621"/>
    <nd ref="1999062628"/>
    <nd ref="1999062629"/>
    <nd ref="1999062630"/>
    <nd ref="1999062637"/>
    <nd ref="1999062645"/>
    <tag k="highway" v="residential"/>
  </way>
  <way id="189261974">
    <nd ref="1999062000"/>
    <nd ref="1999061996"/>
    <nd ref="7870782899"/>
    <nd ref="1999061995"/>
    <nd ref="1999061988"/>
    <nd ref="1999061982"/>
    <nd ref="1999061981"/>
    <nd ref="1999061976"/>
    <nd ref="1999061975"/>
    <nd ref="1999061973"/>
    <nd ref="8913627903"/>
    <nd ref="1999061967"/>
    <nd ref="1999061970"/>
    <tag k="highway" v="residential"/>
  </way>
  <way id="189261975">
    <nd ref="1999062034"/>
    <nd ref="1999062036"/>
    <nd ref="1999062032"/>
    <nd ref="1999062023"/>
    <nd ref="1999062022"/>
    <nd ref="1999062027"/>
    <nd ref="1999062035"/>
    <nd ref="1999062031"/>
    <nd ref="1999062030"/>
    <nd ref="1999062026"/>
    <nd ref="1999062025"/>
    <tag k="highway" v="residential"/>
  </way>
  <way id="189261976">
    <nd ref="1999062866"/>
    <nd ref="1999062864"/>
    <nd ref="1999062865"/>
    <nd ref="1999062862"/>
    <nd ref="1999062860"/>
    <nd ref="1999062848"/>
    <nd ref="1999062846"/>
    <nd ref="1999062857"/>
    <nd ref="1999062859"/>
    <nd ref="1999062861"/>
    <nd ref="1999062858"/>
    <tag k="highway" v="residential"/>
  </way>
  <way id="189261977">
    <nd ref="1999061878"/>
    <nd ref="1999061861"/>
    <nd ref="1999061805"/>
    <nd ref="1999061780"/>
    <nd ref="1999061788"/>
    <nd ref="1999061794"/>
    <nd ref="1999061795"/>
    <nd ref="1999061798"/>
    <nd ref="1999061803"/>
    <nd ref="1999061804"/>
    <nd ref="1999061809"/>
    <tag k="highway" v="residential"/>
  </way>
  <way id="189261978">
    <nd ref="1999061548"/>
    <nd ref="1999061549"/>
    <nd ref="1999061547"/>
    <nd ref="1999061544"/>
    <nd ref="1999061542"/>
    <nd ref="1999061541"/>
    <nd ref="1999061539"/>
    <nd ref="1999061538"/>
    <nd ref="1999061537"/>
    <nd ref="1999061536"/>
    <nd ref="1999061573"/>
    <nd ref="1999061588"/>
    <tag k="highway" v="residential"/>
  </way>
  <way id="189261979">
    <nd ref="1999061777"/>
    <nd ref="1999061778"/>
    <nd ref="1999061783"/>
    <nd ref="1999061791"/>
    <nd ref="1999061790"/>
    <nd ref="1999061787"/>
    <nd ref="1999061789"/>
    <nd ref="1999061786"/>
    <nd ref="1999061792"/>
    <nd ref="1999061796"/>
    <nd ref="1999061797"/>
    <nd ref="1999061799"/>
    <tag k="highway" v="unclassified"/>
  </way>
  <way id="189261980">
    <nd ref="12554095773"/>
    <nd ref="1999061125"/>
    <nd ref="1999061123"/>
    <nd ref="1999061122"/>
    <nd ref="1999061119"/>
    <nd ref="1999061117"/>
    <nd ref="1999061116"/>
    <nd ref="1999061115"/>
    <nd ref="1999061114"/>
    <nd ref="3853599562"/>
    <nd ref="3853599561"/>
    <tag k="highway" v="secondary"/>
  </way>
  <way id="189261981">
    <nd ref="9162048378"/>
    <nd ref="1999061110"/>
    <nd ref="1999061103"/>
    <nd ref="4149946890"/>
    <nd ref="4149946889"/>
    <nd ref="1999061100"/>
    <nd ref="1999061090"/>
    <nd ref="1999061078"/>
    <nd ref="1999061077"/>
    <nd ref="1999061067"/>
    <tag k="highway" v="unclassified"/>
    <tag k="surface" v="asphalt"/>
  </way>
  <way id="189261984">
    <nd ref="1999062699"/>
    <nd ref="1999062667"/>
    <nd ref="1999062541"/>
    <nd ref="1999062425"/>
    <nd ref="1999062305"/>
    <nd ref="12083064887"/>
    <nd ref="1999062289"/>
    <nd ref="1999061965"/>
    <nd ref="1997306549"/>
    <nd ref="12578759405"/>
    <nd ref="1999061839"/>
    <nd ref="1999061831"/>
    <nd ref="1999061826"/>
    <nd ref="1999061824"/>
    <tag k="highway" v="residential"/>
  </way>
  <way id="189261985">
    <nd ref="7764044796"/>
    <nd ref="1999061987"/>
    <nd ref="1999062113"/>
    <nd ref="1999062176"/>
    <nd ref="12083064875"/>
    <nd ref="1999062331"/>
    <nd ref="1999062398"/>
    <nd ref="1999062408"/>
    <nd ref="1999062496"/>
    <nd ref="1999062663"/>
    <tag k="highway" v="residential"/>
  </way>
  <way id="189261988">
    <nd ref="1999061411"/>
    <nd ref="1999061409"/>
    <nd ref="1999061400"/>
    <nd ref="1999061396"/>
    <nd ref="1999061398"/>
    <nd ref="1999061390"/>
    <nd ref="1996143915"/>
    <nd ref="1999061382"/>
    <nd ref="1999061380"/>
    <nd ref="1999061378"/>
    <nd ref="1999061497"/>
    <nd ref="1999061505"/>
    <tag k="highway" v="unclassified"/>
  </way>
  <way id="189261989">
    <nd ref="1999062656"/>
    <nd ref="1999062612"/>
    <nd ref="1999062576"/>
    <nd ref="1999062571"/>
    <nd ref="11134189415"/>
    <nd ref="1999062553"/>
    <nd ref="1999062549"/>
    <nd ref="1999062548"/>
    <nd ref="1999062552"/>
    <nd ref="1999062563"/>
    <nd ref="1999062579"/>
    <nd ref="1999062581"/>
    <nd ref="1999062589"/>
    <nd ref="1999062620"/>
    <tag k="highway" v="service"/>
    <tag k="service" v="driveway"/>
  </way>
  <way id="189261991">
    <nd ref="1999062407"/>
    <nd ref="1999062408"/>
    <nd ref="1999062420"/>
    <nd ref="1999062425"/>
    <nd ref="1999062422"/>
    <nd ref="1999062416"/>
    <nd ref="1999062414"/>
    <nd ref="1999062410"/>
    <nd ref="1999062411"/>
    <nd ref="1999062418"/>
    <nd ref="1999062430"/>
    <nd ref="1999062436"/>
    <nd ref="1999062445"/>
    <tag k="highway" v="unclassified"/>
  </way>
  <way id="189261992">
    <nd ref="12000653689"/>
    <nd ref="1999061111"/>
    <nd ref="1999061106"/>
    <nd ref="1999061101"/>
    <nd ref="1999061098"/>
    <nd ref="1999061095"/>
    <nd ref="1999061089"/>
    <nd ref="1999061088"/>
    <nd ref="1999061081"/>
    <nd ref="1999061075"/>
    <nd ref="1999061074"/>
    <tag k="highway" v="unclassified"/>
  </way>
  <way id="189261994">
    <nd ref="11134189310"/>
    <nd ref="1999062463"/>
    <nd ref="1999062455"/>
    <nd ref="12556774625"/>
    <nd ref="11134189374"/>
    <nd ref="1999062437"/>
    <nd ref="1999062431"/>
    <nd ref="11134189373"/>
    <nd ref="1999062428"/>
    <nd ref="1999062427"/>
    <nd ref="1999062432"/>
    <nd ref="1999062441"/>
    <nd ref="11134189372"/>
    <nd ref="1999062450"/>
    <nd ref="1999062459"/>
    <nd ref="1999062467"/>
    <nd ref="1999062469"/>
    <nd ref="1999062470"/>
    <nd ref="1999062471"/>
    <tag k="highway" v="service"/>
    <tag k="service" v="driveway"/>
  </way>
  <way id="189261995">
    <nd ref="1999061875"/>
    <nd ref="1999061901"/>
    <nd ref="1999061931"/>
    <nd ref="1999062025"/>
    <nd ref="1999062078"/>
    <nd ref="12083064896"/>
    <nd ref="1999062333"/>
    <nd ref="1999062488"/>
    <nd ref="1999062706"/>
    <nd ref="1999062858"/>
    <nd ref="1999062904"/>
    <nd ref="1999062914"/>
    <nd ref="1999062933"/>
    <nd ref="1999063015"/>
    <nd ref="1999063034"/>
    <tag k="highway" v="unclassified"/>
  </way>
  <way id="189261996">
    <nd ref="1999062969"/>
    <nd ref="1999062968"/>
    <nd ref="1999062966"/>
    <nd ref="1999062964"/>
    <nd ref="1999062967"/>
    <nd ref="1999062965"/>
    <nd ref="1999062963"/>
    <nd ref="1999062962"/>
    <nd ref="1999062958"/>
    <nd ref="1999062935"/>
    <nd ref="1999062915"/>
    <nd ref="1999062906"/>
    <nd ref="1999062900"/>
    <nd ref="1999062892"/>
    <tag k="highway" v="residential"/>
  </way>
  <way id="189261997">
    <nd ref="1999062811"/>
    <nd ref="1999062899"/>
    <nd ref="1999062960"/>
    <nd ref="1999062974"/>
    <nd ref="1999062985"/>
    <nd ref="1999063003"/>
    <nd ref="1999063009"/>
    <nd ref="1999063022"/>
    <nd ref="1999063026"/>
    <nd ref="1999063027"/>
    <nd ref="1999063059"/>
    <nd ref="1999063064"/>
    <nd ref="1999063080"/>
    <nd ref="1999063091"/>
    <tag k="highway" v="unclassified"/>
  </way>
  <way id="189261998">
    <nd ref="1999061294"/>
    <nd ref="1999061296"/>
    <nd ref="1999061298"/>
    <nd ref="1999061300"/>
    <nd ref="1999061301"/>
    <nd ref="1999061299"/>
    <nd ref="1999061297"/>
    <nd ref="1999061295"/>
    <nd ref="1999061293"/>
    <nd ref="1999061292"/>
    <nd ref="1999061291"/>
    <nd ref="1999061290"/>
    <nd ref="1999061289"/>
    <nd ref="1999061288"/>
    <nd ref="1999061286"/>
    <tag k="highway" v="residential"/>
  </way>
  <way id="189261999">
    <nd ref="1999061175"/>
    <nd ref="1999061184"/>
    <nd ref="1999061218"/>
    <nd ref="1999061272"/>
    <nd ref="1999061303"/>
    <nd ref="1999061335"/>
    <nd ref="1999061394"/>
    <nd ref="1999061453"/>
    <nd ref="1999061527"/>
    <nd ref="1999061568"/>
    <nd ref="1999061597"/>
    <nd ref="1999061594"/>
    <nd ref="1999061583"/>
    <nd ref="1999061578"/>
    <nd ref="1999061577"/>
    <tag k="highway" v="residential"/>
  </way>
  <way id="189262000">
    <nd ref="1999062669"/>
    <nd ref="1999062672"/>
    <nd ref="1999062673"/>
    <nd ref="1999062668"/>
    <nd ref="1999062674"/>
    <nd ref="1999062678"/>
    <nd ref="1999062680"/>
    <nd ref="1999062682"/>
    <nd ref="1999062683"/>
    <nd ref="1999062688"/>
    <nd ref="1999062702"/>
    <nd ref="1999062712"/>
    <nd ref="1999062710"/>
    <nd ref="1999062699"/>
    <nd ref="1999062697"/>
    <nd ref="1999062694"/>
    <tag k="highway" v="residential"/>
  </way>
  <way id="189262001">
    <nd ref="1999062117"/>
    <nd ref="1999062119"/>
    <nd ref="1999062123"/>
    <nd ref="1999062142"/>
    <nd ref="1999062147"/>
    <nd ref="1999062180"/>
    <nd ref="1999062295"/>
    <nd ref="1999062301"/>
    <tag k="highway" v="residential"/>
  </way>
  <way id="189262003">
    <nd ref="1999062538"/>
    <nd ref="1999062574"/>
    <nd ref="1999062646"/>
    <nd ref="1999062678"/>
    <nd ref="1999062742"/>
    <nd ref="1999062757"/>
    <nd ref="1999062780"/>
    <nd ref="1999062821"/>
    <nd ref="1999062838"/>
    <nd ref="1999062867"/>
    <nd ref="1999062871"/>
    <nd ref="1999062895"/>
    <nd ref="1999062913"/>
    <nd ref="1999062934"/>
    <nd ref="1999062959"/>
    <nd ref="1999062970"/>
    <nd ref="1999062973"/>
    <tag k="highway" v="residential"/>
  </way>
  <way id="189262005">
    <nd ref="1999061691"/>
    <nd ref="1999061700"/>
    <nd ref="1996144013"/>
    <nd ref="3568491866"/>
    <nd ref="11115697874"/>
    <nd ref="1996144026"/>
    <nd ref="12518744991"/>
    <nd ref="3568491844"/>
    <tag k="highway" v="secondary"/>
    <tag k="name" v="苏通公路"/>
    <tag k="name:en" v="Sutong Highway"/>
  </way>
  <way id="189262006">
    <nd ref="1999061138"/>
    <nd ref="1999061151"/>
    <nd ref="1999061166"/>
    <nd ref="1999061207"/>
    <nd ref="1999061221"/>
    <nd ref="1999061244"/>
    <nd ref="1999061277"/>
    <nd ref="1999061285"/>
    <nd ref="1999061284"/>
    <nd ref="1999061304"/>
    <nd ref="1999061305"/>
    <nd ref="1999061306"/>
    <nd ref="1999061307"/>
    <nd ref="1999061308"/>
    <nd ref="1999061309"/>
    <nd ref="1999061310"/>
    <nd ref="1999061315"/>
    <nd ref="1999061316"/>
    <tag k="highway" v="residential"/>
  </way>
  <way id="189262010">
    <nd ref="1996143482"/>
    <nd ref="1996143484"/>
    <tag k="highway" v="secondary"/>
  </way>
  <way id="189262011">
    <nd ref="1999061686"/>
    <nd ref="1999061605"/>
    <tag k="bridge" v="yes"/>
    <tag k="highway" v="unclassified"/>
    <tag k="layer" v="1"/>
  </way>
  <way id="189262012">
    <nd ref="1999061799"/>
    <nd ref="1999061800"/>
    <tag k="bridge" v="yes"/>
    <tag k="highway" v="unclassified"/>
    <tag k="layer" v="1"/>
  </way>
  <way id="189262014">
    <nd ref="1999061614"/>
    <nd ref="1999061687"/>
    <tag k="bridge" v="yes"/>
    <tag k="highway" v="residential"/>
    <tag k="layer" v="1"/>
  </way>
  <way id="189262015">
    <nd ref="1999061318"/>
    <nd ref="1999061323"/>
    <tag k="highway" v="residential"/>
    <tag k="layer" v="-1"/>
    <tag k="tunnel" v="yes"/>
  </way>
  <way id="189262017">
    <nd ref="1999062341"/>
    <nd ref="12083064878"/>
    <nd ref="1999062163"/>
    <tag k="highway" v="residential"/>
  </way>
  <way id="189262019">
    <nd ref="1999062074"/>
    <nd ref="1999062076"/>
    <tag k="bridge" v="yes"/>
    <tag k="highway" v="residential"/>
    <tag k="layer" v="1"/>
  </way>
  <way id="189262020">
    <nd ref="1999061201"/>
    <nd ref="1999061262"/>
    <tag k="highway" v="residential"/>
  </way>
  <way id="189262021">
    <nd ref="1999061743"/>
    <nd ref="1999061742"/>
    <tag k="bridge" v="yes"/>
    <tag k="highway" v="unclassified"/>
    <tag k="layer" v="1"/>
  </way>
  <way id="189262022">
    <nd ref="1999061256"/>
    <nd ref="1999061144"/>
    <tag k="highway" v="residential"/>
  </way>
  <way id="189262023">
    <nd ref="1999061986"/>
    <nd ref="1999062001"/>
    <tag k="bridge" v="yes"/>
    <tag k="highway" v="trunk"/>
    <tag k="lanes" v="2"/>
    <tag k="layer" v="1"/>
    <tag k="name" v="丹东线"/>
    <tag k="oneway" v="yes"/>
    <tag k="ref" v="G228;S510"/>
  </way>
  <way id="189262024">
    <nd ref="1999061392"/>
    <nd ref="1999061354"/>
    <tag k="highway" v="residential"/>
  </way>
  <way id="189262025">
    <nd ref="1996143484"/>
    <nd ref="12581847233"/>
    <nd ref="1999061130"/>
    <tag k="highway" v="secondary"/>
  </way>
  <way id="189262026">
    <nd ref="1999061544"/>
    <nd ref="1999061563"/>
    <tag k="highway" v="residential"/>
  </way>
  <way id="189262028">
    <nd ref="1996143739"/>
    <nd ref="1996143743"/>
    <tag k="bridge" v="yes"/>
    <tag k="highway" v="tertiary"/>
    <tag k="layer" v="1"/>
  </way>
  <way id="189262031">
    <nd ref="1999061313"/>
    <nd ref="1999061317"/>
    <tag k="highway" v="track"/>
    <tag k="layer" v="-1"/>
    <tag k="tunnel" v="yes"/>
  </way>
  <way id="189262032">
    <nd ref="1999061238"/>
    <nd ref="1999061237"/>
    <tag k="highway" v="residential"/>
    <tag k="layer" v="-1"/>
    <tag k="tunnel" v="yes"/>
  </way>
  <way id="189262034">
    <nd ref="1999061618"/>
    <nd ref="1999061691"/>
    <tag k="bridge" v="yes"/>
    <tag k="highway" v="secondary"/>
    <tag k="layer" v="1"/>
    <tag k="name" v="苏通公路"/>
    <tag k="name:en" v="Sutong Highway"/>
  </way>
  <way id="189262035">
    <nd ref="1997306490"/>
    <nd ref="1997306493"/>
    <tag k="bridge" v="yes"/>
    <tag k="highway" v="secondary"/>
    <tag k="layer" v="1"/>
    <tag k="oneway" v="yes"/>
  </way>
  <way id="189262036">
    <nd ref="1999062421"/>
    <nd ref="1999062415"/>
    <tag k="highway" v="service"/>
    <tag k="service" v="alley"/>
  </way>
  <way id="189262037">
    <nd ref="1999062002"/>
    <nd ref="1999061985"/>
    <tag k="bridge" v="yes"/>
    <tag k="highway" v="trunk"/>
    <tag k="lanes" v="2"/>
    <tag k="layer" v="1"/>
    <tag k="name" v="丹东线"/>
    <tag k="oneway" v="yes"/>
    <tag k="ref" v="G228;S510"/>
  </way>
  <way id="189262038">
    <nd ref="1999061260"/>
    <nd ref="1999061187"/>
    <tag k="highway" v="residential"/>
  </way>
  <way id="189262039">
    <nd ref="1997306492"/>
    <nd ref="1997306491"/>
    <tag k="bridge" v="yes"/>
    <tag k="highway" v="secondary"/>
    <tag k="layer" v="1"/>
    <tag k="oneway" v="yes"/>
  </way>
  <way id="189262040">
    <nd ref="1999061849"/>
    <nd ref="1999061856"/>
    <tag k="bridge" v="yes"/>
    <tag k="highway" v="primary"/>
    <tag k="layer" v="1"/>
    <tag k="oneway" v="yes"/>
  </way>
  <way id="189262042">
    <nd ref="1999061312"/>
    <nd ref="1999061287"/>
    <tag k="bridge" v="yes"/>
    <tag k="highway" v="unclassified"/>
    <tag k="layer" v="1"/>
  </way>
  <way id="189262044">
    <nd ref="1999062464"/>
    <nd ref="1999062460"/>
    <tag k="highway" v="service"/>
    <tag k="service" v="alley"/>
  </way>
  <way id="189262045">
    <nd ref="1999061968"/>
    <nd ref="1999061966"/>
    <tag k="highway" v="residential"/>
  </way>
  <way id="189262046">
    <nd ref="1999061079"/>
    <nd ref="1999061080"/>
    <nd ref="1999061082"/>
    <nd ref="1999061085"/>
    <nd ref="1999061084"/>
    <nd ref="1999061083"/>
    <nd ref="1999061091"/>
    <nd ref="1999061092"/>
    <nd ref="1999061093"/>
    <nd ref="1999061099"/>
    <nd ref="1999061102"/>
    <nd ref="1999061107"/>
    <nd ref="1999061113"/>
    <nd ref="1999061180"/>
    <nd ref="1999061216"/>
    <nd ref="1999061223"/>
    <nd ref="1999061240"/>
    <nd ref="1999061271"/>
    <nd ref="1999061282"/>
    <nd ref="1999061296"/>
    <tag k="highway" v="residential"/>
  </way>
  <way id="189262047">
    <nd ref="1999061687"/>
    <nd ref="1999061734"/>
    <nd ref="1999061762"/>
    <nd ref="1999061769"/>
    <nd ref="1999061781"/>
    <nd ref="1999061784"/>
    <nd ref="1999061807"/>
    <nd ref="1999061847"/>
    <nd ref="1999061910"/>
    <nd ref="11117257427"/>
    <nd ref="1999061932"/>
    <nd ref="1999062042"/>
    <nd ref="3354112930"/>
    <nd ref="1999062323"/>
    <nd ref="1999062385"/>
    <nd ref="1999062389"/>
    <nd ref="1999062485"/>
    <nd ref="1999062510"/>
    <nd ref="1999062513"/>
    <nd ref="1999062521"/>
    <nd ref="3781589406"/>
    <nd ref="1999062556"/>
    <nd ref="3781589405"/>
    <nd ref="1999062580"/>
    <tag k="highway" v="residential"/>
  </way>
  <way id="189262048">
    <nd ref="1999062111"/>
    <nd ref="1999062121"/>
    <nd ref="7870782897"/>
    <nd ref="1999062134"/>
    <nd ref="1999062130"/>
    <nd ref="1999062128"/>
    <nd ref="1999062143"/>
    <nd ref="1999062136"/>
    <nd ref="1999062145"/>
    <nd ref="1999062149"/>
    <nd ref="1999062151"/>
    <nd ref="1999062153"/>
    <nd ref="1999062157"/>
    <nd ref="1999062159"/>
    <nd ref="1999062161"/>
    <nd ref="1999062166"/>
    <nd ref="1999062174"/>
    <nd ref="1999062176"/>
    <nd ref="1999062178"/>
    <nd ref="1999062125"/>
    <nd ref="1999062052"/>
    <tag k="highway" v="residential"/>
  </way>
  <way id="189262050">
    <nd ref="1999062657"/>
    <nd ref="1999062613"/>
    <nd ref="1999062599"/>
    <nd ref="1999062578"/>
    <nd ref="1999062564"/>
    <nd ref="11134189314"/>
    <nd ref="1999062554"/>
    <nd ref="1999062551"/>
    <nd ref="1999062558"/>
    <nd ref="1999062569"/>
    <nd ref="1999062583"/>
    <nd ref="1999062591"/>
    <nd ref="1999062602"/>
    <nd ref="1999062624"/>
    <nd ref="11134189359"/>
    <nd ref="1999062617"/>
    <nd ref="1999062601"/>
    <nd ref="1999062590"/>
    <nd ref="1999062575"/>
    <nd ref="1999062565"/>
    <nd ref="1999062545"/>
    <nd ref="11134189313"/>
    <nd ref="1999062530"/>
    <nd ref="1999062525"/>
    <nd ref="1999062524"/>
    <nd ref="1999062523"/>
    <tag k="highway" v="service"/>
    <tag k="oneway" v="yes"/>
    <tag k="service" v="driveway"/>
  </way>
  <way id="189262052">
    <nd ref="1999062914"/>
    <nd ref="1999062916"/>
    <nd ref="1999062919"/>
    <nd ref="1999062918"/>
    <nd ref="1999062921"/>
    <nd ref="1999062922"/>
    <nd ref="1999062923"/>
    <nd ref="1999062924"/>
    <nd ref="1999062925"/>
    <nd ref="1999062926"/>
    <nd ref="1999062929"/>
    <nd ref="1999062928"/>
    <nd ref="1999062927"/>
    <nd ref="1999062930"/>
    <nd ref="1999062932"/>
    <nd ref="1999062937"/>
    <nd ref="1999062945"/>
    <nd ref="1999062947"/>
    <nd ref="1999062946"/>
    <nd ref="1999062939"/>
    <nd ref="1999062936"/>
    <nd ref="1999062942"/>
    <nd ref="1999062949"/>
    <nd ref="1999062950"/>
    <nd ref="1999062954"/>
    <nd ref="1999062955"/>
    <tag k="highway" v="unclassified"/>
  </way>
  <way id="189262054">
    <nd ref="1997306691"/>
    <nd ref="1999062468"/>
    <nd ref="1999062628"/>
    <tag k="highway" v="residential"/>
  </way>
  <way id="189262055">
    <nd ref="1999061141"/>
    <nd ref="1999061205"/>
    <nd ref="1999061257"/>
    <tag k="highway" v="residential"/>
  </way>
  <way id="189262056">
    <nd ref="1999061271"/>
    <nd ref="1999061269"/>
    <nd ref="1999061266"/>
    <tag k="highway" v="residential"/>
  </way>
  <way id="189262057">
    <nd ref="1999062659"/>
    <nd ref="1999062626"/>
    <nd ref="1999062591"/>
    <tag k="highway" v="service"/>
    <tag k="service" v="driveway"/>
  </way>
  <way id="189262059">
    <nd ref="1999061223"/>
    <nd ref="1999061222"/>
    <nd ref="1999061219"/>
    <tag k="highway" v="residential"/>
  </way>
  <way id="189262060">
    <nd ref="1999061133"/>
    <nd ref="1999061224"/>
    <nd ref="1999061242"/>
    <tag k="highway" v="residential"/>
  </way>
  <way id="189262062">
    <nd ref="1999061493"/>
    <nd ref="1999061596"/>
    <nd ref="1999061600"/>
    <tag k="highway" v="residential"/>
  </way>
  <way id="189262067">
    <nd ref="1999062894"/>
    <nd ref="3255254536"/>
    <nd ref="1997306755"/>
    <nd ref="1999062788"/>
    <tag k="highway" v="residential"/>
  </way>
  <way id="189262068">
    <nd ref="1999061177"/>
    <nd ref="1999061127"/>
    <nd ref="1999061112"/>
    <tag k="highway" v="residential"/>
  </way>
  <way id="189262069">
    <nd ref="1999061843"/>
    <nd ref="1999061846"/>
    <nd ref="1999061850"/>
    <tag k="highway" v="residential"/>
  </way>
  <way id="189262074">
    <nd ref="1999062653"/>
    <nd ref="1999062608"/>
    <nd ref="1999062581"/>
    <tag k="highway" v="service"/>
    <tag k="service" v="driveway"/>
  </way>
  <way id="189262075">
    <nd ref="8913664919"/>
    <nd ref="12554095779"/>
    <nd ref="8913664918"/>
    <nd ref="8913664917"/>
    <nd ref="1999061848"/>
    <nd ref="1999061849"/>
    <tag k="highway" v="primary"/>
    <tag k="oneway" v="yes"/>
  </way>
  <way id="189262076">
    <nd ref="1999062403"/>
    <nd ref="1999062402"/>
    <nd ref="1999062401"/>
    <tag k="highway" v="service"/>
    <tag k="service" v="alley"/>
  </way>
  <way id="189262077">
    <nd ref="1999062524"/>
    <nd ref="1999062518"/>
    <nd ref="11134189312"/>
    <nd ref="1999062469"/>
    <tag k="highway" v="service"/>
    <tag k="service" v="driveway"/>
  </way>
  <way id="189262079">
    <nd ref="1999061280"/>
    <nd ref="1999061279"/>
    <nd ref="1999061278"/>
    <tag k="highway" v="residential"/>
  </way>
  <way id="189262081">
    <nd ref="1999061171"/>
    <nd ref="1999061174"/>
    <tag k="bridge" v="yes"/>
    <tag k="highway" v="secondary"/>
    <tag k="layer" v="1"/>
    <tag k="surface" v="asphalt"/>
  </way>
  <way id="189262084">
    <nd ref="1999061742"/>
    <nd ref="1999061741"/>
    <nd ref="1999061739"/>
    <tag k="highway" v="unclassified"/>
  </way>
  <way id="189262085">
    <nd ref="1999061322"/>
    <nd ref="1999061321"/>
    <nd ref="1999061324"/>
    <nd ref="1999061326"/>
    <nd ref="1999061327"/>
    <nd ref="1999061329"/>
    <nd ref="1999061331"/>
    <nd ref="1999061330"/>
    <nd ref="1999061332"/>
    <nd ref="1999061349"/>
    <nd ref="1999061359"/>
    <nd ref="1999061361"/>
    <nd ref="1999061364"/>
    <nd ref="1999061459"/>
    <nd ref="1999061462"/>
    <nd ref="1999061465"/>
    <nd ref="1999061463"/>
    <tag k="highway" v="residential"/>
  </way>
  <way id="189262088">
    <nd ref="1999061700"/>
    <nd ref="1999061702"/>
    <nd ref="1999061698"/>
    <nd ref="1999061697"/>
    <nd ref="1999061696"/>
    <nd ref="1999061699"/>
    <nd ref="1999061704"/>
    <nd ref="1999061710"/>
    <nd ref="1999061719"/>
    <nd ref="1999061723"/>
    <nd ref="1999061721"/>
    <nd ref="1999061717"/>
    <nd ref="1999061720"/>
    <nd ref="1999061713"/>
    <nd ref="1999061711"/>
    <nd ref="1999061705"/>
    <nd ref="1999061701"/>
    <nd ref="1999061703"/>
    <nd ref="1999061712"/>
    <nd ref="1999061715"/>
    <nd ref="1999061718"/>
    <nd ref="1999061714"/>
    <nd ref="1999061722"/>
    <nd ref="1999061724"/>
    <nd ref="1999061725"/>
    <nd ref="1999061726"/>
    <nd ref="1999061727"/>
    <nd ref="1999061730"/>
    <nd ref="1999061731"/>
    <nd ref="1999061728"/>
    <nd ref="1999061716"/>
    <nd ref="1999061709"/>
    <nd ref="1999061707"/>
    <nd ref="1999061706"/>
    <tag k="highway" v="unclassified"/>
  </way>
  <way id="189262089">
    <nd ref="1999061174"/>
    <nd ref="1999061176"/>
    <nd ref="1999061177"/>
    <nd ref="10889736075"/>
    <nd ref="1999061178"/>
    <nd ref="1999061180"/>
    <nd ref="3485501362"/>
    <nd ref="10889736074"/>
    <nd ref="1999061183"/>
    <nd ref="1999061193"/>
    <nd ref="10889736073"/>
    <nd ref="1999061195"/>
    <nd ref="1999061197"/>
    <nd ref="1999061202"/>
    <tag k="highway" v="secondary"/>
    <tag k="surface" v="asphalt"/>
  </way>
  <way id="189262092">
    <nd ref="1999062662"/>
    <nd ref="1999062863"/>
    <nd ref="1999062917"/>
    <nd ref="1999062961"/>
    <tag k="highway" v="residential"/>
  </way>
  <way id="189262093">
    <nd ref="1999062612"/>
    <nd ref="1999062610"/>
    <nd ref="1999062609"/>
    <nd ref="1999062608"/>
    <tag k="highway" v="service"/>
    <tag k="service" v="parking_aisle"/>
  </way>
  <way id="189262094">
    <nd ref="1999062540"/>
    <nd ref="1999062694"/>
    <nd ref="1999062836"/>
    <nd ref="1999062869"/>
    <tag k="highway" v="residential"/>
  </way>
  <way id="189262097">
    <nd ref="1999061275"/>
    <nd ref="1999061288"/>
    <nd ref="1999061302"/>
    <nd ref="1999061313"/>
    <tag k="highway" v="track"/>
  </way>
  <way id="189262099">
    <nd ref="1999061809"/>
    <nd ref="1999061777"/>
    <nd ref="1999061706"/>
    <nd ref="1999061686"/>
    <tag k="highway" v="unclassified"/>
  </way>
  <way id="189262100">
    <nd ref="1999062496"/>
    <nd ref="8913627895"/>
    <tag k="highway" v="residential"/>
  </way>
  <way id="189262101">
    <nd ref="1999061269"/>
    <nd ref="1999061233"/>
    <nd ref="1999061225"/>
    <nd ref="1999061222"/>
    <tag k="highway" v="residential"/>
  </way>
  <way id="189262102">
    <nd ref="1999062062"/>
    <nd ref="1999062067"/>
    <nd ref="1999062069"/>
    <nd ref="1999062074"/>
    <tag k="highway" v="residential"/>
  </way>
  <way id="189262103">
    <nd ref="1999061962"/>
    <nd ref="1999061964"/>
    <nd ref="1999061971"/>
    <nd ref="1999062072"/>
    <tag k="highway" v="residential"/>
  </way>
  <way id="189262104">
    <nd ref="1999061363"/>
    <nd ref="1999061417"/>
    <nd ref="1999061489"/>
    <nd ref="1999061541"/>
    <tag k="highway" v="residential"/>
  </way>
  <way id="189262105">
    <nd ref="3568491846"/>
    <nd ref="1999062519"/>
    <nd ref="1997306705"/>
    <nd ref="1999062516"/>
    <nd ref="1999062515"/>
    <tag k="highway" v="residential"/>
  </way>
  <way id="189262106">
    <nd ref="1999061355"/>
    <nd ref="1999061356"/>
    <nd ref="1999061363"/>
    <nd ref="1996143907"/>
    <tag k="highway" v="residential"/>
  </way>
  <way id="189262107">
    <nd ref="1996143743"/>
    <nd ref="1996143755"/>
    <nd ref="1996143782"/>
    <nd ref="1996143822"/>
    <tag k="highway" v="tertiary"/>
  </way>
  <way id="189262108">
    <nd ref="11134189368"/>
    <nd ref="1999062447"/>
    <nd ref="1999062451"/>
    <nd ref="1999062469"/>
    <tag k="highway" v="service"/>
    <tag k="service" v="driveway"/>
  </way>
  <way id="189262109">
    <nd ref="1999061587"/>
    <nd ref="1999061588"/>
    <nd ref="1999061589"/>
    <nd ref="1999061590"/>
    <tag k="highway" v="residential"/>
  </way>
  <way id="189262110">
    <nd ref="12083064877"/>
    <nd ref="8913627868"/>
    <nd ref="1999062097"/>
    <nd ref="1999062105"/>
    <nd ref="1999062111"/>
    <tag k="highway" v="residential"/>
  </way>
  <way id="189262112">
    <nd ref="1999062893"/>
    <nd ref="1999062899"/>
    <nd ref="1999062903"/>
    <nd ref="1999062904"/>
    <tag k="highway" v="residential"/>
  </way>
  <way id="189262113">
    <nd ref="1999061860"/>
    <nd ref="1999061798"/>
    <nd ref="1999061770"/>
    <nd ref="1999061726"/>
    <tag k="highway" v="residential"/>
  </way>
  <way id="189262114">
    <nd ref="1999061161"/>
    <nd ref="1999061159"/>
    <nd ref="1999061150"/>
    <nd ref="1999061135"/>
    <tag k="highway" v="residential"/>
  </way>
  <way id="189262115">
    <nd ref="1999061591"/>
    <nd ref="1999061574"/>
    <nd ref="1999061548"/>
    <nd ref="1999061515"/>
    <tag k="highway" v="residential"/>
  </way>
  <way id="189262116">
    <nd ref="1999061239"/>
    <nd ref="1999061220"/>
    <nd ref="1999061156"/>
    <nd ref="1999061155"/>
    <nd ref="1999061154"/>
    <tag k="highway" v="residential"/>
  </way>
  <way id="189262118">
    <nd ref="3853599560"/>
    <nd ref="1999061124"/>
    <nd ref="1999061121"/>
    <nd ref="1999061120"/>
    <nd ref="1999061118"/>
    <nd ref="1999061117"/>
    <tag k="highway" v="secondary_link"/>
  </way>
  <way id="189262119">
    <nd ref="1999062626"/>
    <nd ref="1999062615"/>
    <nd ref="1999062616"/>
    <nd ref="1999062614"/>
    <nd ref="1999062613"/>
    <tag k="highway" v="service"/>
    <tag k="service" v="parking_aisle"/>
  </way>
  <way id="189262120">
    <nd ref="1999062368"/>
    <nd ref="1999062378"/>
    <nd ref="1999062381"/>
    <nd ref="1999062383"/>
    <nd ref="1999062385"/>
    <tag k="highway" v="unclassified"/>
  </way>
  <way id="189262121">
    <nd ref="1999061884"/>
    <nd ref="1999061841"/>
    <nd ref="1999061793"/>
    <nd ref="1999061748"/>
    <nd ref="1999061713"/>
    <tag k="highway" v="residential"/>
  </way>
  <way id="189262122">
    <nd ref="1999061740"/>
    <nd ref="1999061733"/>
    <nd ref="1999061685"/>
    <nd ref="1999061610"/>
    <nd ref="1999061586"/>
    <tag k="highway" v="construction"/>
  </way>
  <way id="189262123">
    <nd ref="1999061130"/>
    <nd ref="1999061140"/>
    <nd ref="1999061143"/>
    <nd ref="1999061148"/>
    <nd ref="1999061158"/>
    <tag k="highway" v="secondary_link"/>
    <tag k="lanes" v="1"/>
    <tag k="oneway" v="yes"/>
  </way>
  <way id="189262125">
    <nd ref="1999062376"/>
    <nd ref="1999062168"/>
    <nd ref="3258101947"/>
    <nd ref="1999061972"/>
    <nd ref="3258101945"/>
    <nd ref="1999061893"/>
    <nd ref="1999061858"/>
    <nd ref="8913627915"/>
    <nd ref="8913627916"/>
    <tag k="highway" v="tertiary"/>
  </way>
  <way id="189262127">
    <nd ref="1999061696"/>
    <nd ref="1999061776"/>
    <nd ref="1999061873"/>
    <tag k="highway" v="service"/>
  </way>
  <way id="189262128">
    <nd ref="1999061800"/>
    <nd ref="1999061801"/>
    <nd ref="1999061806"/>
    <nd ref="1999061808"/>
    <nd ref="1999061810"/>
    <nd ref="1999061818"/>
    <tag k="highway" v="unclassified"/>
  </way>
  <way id="189262129">
    <nd ref="1999062614"/>
    <nd ref="1999062641"/>
    <nd ref="1999062642"/>
    <nd ref="1999062616"/>
    <nd ref="1999062597"/>
    <nd ref="1999062595"/>
    <nd ref="1999062614"/>
    <tag k="highway" v="service"/>
    <tag k="service" v="parking_aisle"/>
  </way>
  <way id="189262130">
    <nd ref="1999061162"/>
    <nd ref="1999061155"/>
    <nd ref="1999061152"/>
    <nd ref="1999061147"/>
    <nd ref="1999061145"/>
    <nd ref="1999061131"/>
    <tag k="highway" v="secondary_link"/>
    <tag k="lanes" v="1"/>
    <tag k="oneway" v="yes"/>
  </way>
  <way id="189262131">
    <nd ref="1999062905"/>
    <nd ref="1999062898"/>
    <nd ref="1999062840"/>
    <nd ref="1999062830"/>
    <nd ref="1997306739"/>
    <nd ref="1999062603"/>
    <tag k="highway" v="residential"/>
  </way>
  <way id="189262132">
    <nd ref="1999062402"/>
    <nd ref="1999062421"/>
    <nd ref="1999062464"/>
    <nd ref="1999062483"/>
    <nd ref="1999062514"/>
    <nd ref="1999062509"/>
    <tag k="highway" v="service"/>
    <tag k="service" v="alley"/>
  </way>
  <way id="189262134">
    <nd ref="1999062636"/>
    <nd ref="1999062638"/>
    <nd ref="1999062610"/>
    <nd ref="1999062593"/>
    <nd ref="11134189315"/>
    <nd ref="1999062592"/>
    <nd ref="1999062609"/>
    <nd ref="1999062636"/>
    <tag k="highway" v="service"/>
    <tag k="service" v="parking_aisle"/>
  </way>
  <way id="189262135">
    <nd ref="1999062532"/>
    <nd ref="1999062418"/>
    <nd ref="1999062286"/>
    <nd ref="12083064888"/>
    <nd ref="1999061956"/>
    <nd ref="1999061895"/>
    <nd ref="12578759404"/>
    <nd ref="1999061831"/>
    <tag k="highway" v="residential"/>
  </way>
  <way id="189262136">
    <nd ref="1999063004"/>
    <nd ref="1999062994"/>
    <nd ref="1999062977"/>
    <nd ref="1999062944"/>
    <nd ref="1999062881"/>
    <nd ref="1999062673"/>
    <nd ref="1999062528"/>
    <tag k="highway" v="residential"/>
  </way>
  <way id="189262137">
    <nd ref="1999061539"/>
    <nd ref="1999061495"/>
    <nd ref="1999061419"/>
    <nd ref="1999061415"/>
    <nd ref="1999061413"/>
    <nd ref="1999061417"/>
    <tag k="highway" v="residential"/>
  </way>
  <way id="189262139">
    <nd ref="12578759397"/>
    <nd ref="1999061868"/>
    <nd ref="1999061853"/>
    <nd ref="1999061818"/>
    <nd ref="1999061774"/>
    <nd ref="1999061738"/>
    <nd ref="1999061653"/>
    <tag k="highway" v="track"/>
  </way>
  <way id="189262140">
    <nd ref="1999062898"/>
    <nd ref="1999062900"/>
    <nd ref="1999062901"/>
    <nd ref="1999062908"/>
    <nd ref="1999062910"/>
    <nd ref="1999062912"/>
    <tag k="highway" v="residential"/>
  </way>
  <way id="189262141">
    <nd ref="1999061244"/>
    <nd ref="1999061243"/>
    <nd ref="1999061242"/>
    <nd ref="1999061241"/>
    <nd ref="1999061239"/>
    <nd ref="1999061238"/>
    <tag k="highway" v="residential"/>
  </way>
  <way id="189262142">
    <nd ref="1999061193"/>
    <nd ref="1999061226"/>
    <nd ref="1999061251"/>
    <nd ref="1999061253"/>
    <nd ref="1999061270"/>
    <nd ref="1999061274"/>
    <tag k="highway" v="residential"/>
  </way>
  <way id="189262143">
    <nd ref="1996143680"/>
    <nd ref="1999061267"/>
    <nd ref="1999061276"/>
    <nd ref="1999061290"/>
    <nd ref="1999061311"/>
    <nd ref="1999061318"/>
    <tag k="highway" v="residential"/>
  </way>
  <way id="189262144">
    <nd ref="1999061058"/>
    <nd ref="9162048250"/>
    <nd ref="1999061050"/>
    <nd ref="3931458605"/>
    <nd ref="1999061049"/>
    <nd ref="3931458606"/>
    <nd ref="1999061048"/>
    <nd ref="1999061047"/>
    <nd ref="1999061046"/>
    <nd ref="1999061045"/>
    <nd ref="1999061041"/>
    <nd ref="1999061036"/>
    <nd ref="3931458617"/>
    <nd ref="1999061030"/>
    <tag k="highway" v="unclassified"/>
  </way>
  <way id="189262145">
    <nd ref="1999062809"/>
    <nd ref="1999062500"/>
    <nd ref="1999062293"/>
    <nd ref="12083064894"/>
    <nd ref="1999062101"/>
    <nd ref="1999061962"/>
    <nd ref="1999061960"/>
    <nd ref="1999061921"/>
    <tag k="highway" v="residential"/>
  </way>
  <way id="189262146">
    <nd ref="1999062001"/>
    <nd ref="1999062004"/>
    <nd ref="13180754456"/>
    <nd ref="1997306623"/>
    <nd ref="1999062151"/>
    <nd ref="1997306632"/>
    <nd ref="1997306648"/>
    <nd ref="13180754435"/>
    <nd ref="12083064884"/>
    <nd ref="12083064876"/>
    <tag k="highway" v="trunk"/>
    <tag k="lanes" v="2"/>
    <tag k="name" v="丹东线"/>
    <tag k="oneway" v="yes"/>
    <tag k="ref" v="G228;S510"/>
  </way>
  <way id="189262147">
    <nd ref="1999062043"/>
    <nd ref="1999062054"/>
    <nd ref="1999062045"/>
    <nd ref="1999062044"/>
    <nd ref="1999062041"/>
    <nd ref="1999062028"/>
    <nd ref="1999062019"/>
    <tag k="highway" v="service"/>
  </way>
  <way id="189262148">
    <nd ref="1999062469"/>
    <nd ref="11134189311"/>
    <nd ref="1999062474"/>
    <nd ref="1999062473"/>
    <nd ref="1999062476"/>
    <nd ref="1999062479"/>
    <nd ref="1999062490"/>
    <nd ref="1999062492"/>
    <tag k="highway" v="service"/>
    <tag k="service" v="driveway"/>
  </way>
  <way id="189262150">
    <nd ref="1999061985"/>
    <nd ref="1999061982"/>
    <nd ref="13180754436"/>
    <nd ref="1997306605"/>
    <nd ref="8913627908"/>
    <nd ref="13180754455"/>
    <nd ref="1997306594"/>
    <nd ref="1997306590"/>
    <tag k="highway" v="trunk"/>
    <tag k="lanes" v="2"/>
    <tag k="name" v="丹东线"/>
    <tag k="oneway" v="yes"/>
    <tag k="ref" v="G228;S510"/>
  </way>
  <way id="189262151">
    <nd ref="1999061317"/>
    <nd ref="1999061334"/>
    <nd ref="1999061336"/>
    <nd ref="1999061346"/>
    <nd ref="1999061345"/>
    <nd ref="1999061348"/>
    <nd ref="1999061380"/>
    <tag k="highway" v="track"/>
  </way>
  <way id="189262152">
    <nd ref="1999061901"/>
    <nd ref="1999061905"/>
    <nd ref="1999061906"/>
    <nd ref="1999061909"/>
    <nd ref="1999061911"/>
    <nd ref="1999061913"/>
    <nd ref="1999061914"/>
    <tag k="highway" v="residential"/>
  </way>
  <way id="189262153">
    <nd ref="1999062280"/>
    <nd ref="1999062362"/>
    <nd ref="1999062498"/>
    <nd ref="1999062534"/>
    <nd ref="1999062600"/>
    <nd ref="1999062794"/>
    <nd ref="1999062803"/>
    <nd ref="1999062827"/>
    <tag k="highway" v="residential"/>
  </way>
  <way id="189262154">
    <nd ref="1999062623"/>
    <nd ref="1999062515"/>
    <nd ref="1999062395"/>
    <nd ref="1999062215"/>
    <nd ref="1999062209"/>
    <nd ref="1999062043"/>
    <nd ref="1999061899"/>
    <nd ref="12083064924"/>
    <nd ref="1999061876"/>
    <tag k="highway" v="residential"/>
  </way>
  <way id="189262155">
    <nd ref="1999061778"/>
    <nd ref="1999061822"/>
    <nd ref="12578759406"/>
    <nd ref="1999061896"/>
    <nd ref="1999061966"/>
    <nd ref="1999061969"/>
    <nd ref="12083064886"/>
    <nd ref="1999062307"/>
    <nd ref="1999062396"/>
    <nd ref="1999062420"/>
    <nd ref="1999062540"/>
    <tag k="highway" v="unclassified"/>
  </way>
  <way id="189262156">
    <nd ref="1999061508"/>
    <nd ref="1999061518"/>
    <nd ref="1999061523"/>
    <nd ref="1999061556"/>
    <nd ref="1999061568"/>
    <nd ref="1999061580"/>
    <nd ref="1999061582"/>
    <nd ref="1999061614"/>
    <tag k="highway" v="residential"/>
  </way>
  <way id="189262157">
    <nd ref="1999061323"/>
    <nd ref="1999061328"/>
    <nd ref="1999061347"/>
    <nd ref="1999061351"/>
    <nd ref="1999061366"/>
    <nd ref="1999061390"/>
    <nd ref="1999061468"/>
    <nd ref="1996143931"/>
    <tag k="highway" v="residential"/>
  </way>
  <way id="189262158">
    <nd ref="1999062971"/>
    <nd ref="1999062972"/>
    <nd ref="1999062973"/>
    <nd ref="1999062975"/>
    <nd ref="1999062976"/>
    <nd ref="1999062977"/>
    <nd ref="1999062978"/>
    <nd ref="1999062979"/>
    <tag k="highway" v="residential"/>
  </way>
  <way id="189262159">
    <nd ref="1999063000"/>
    <nd ref="1999062998"/>
    <nd ref="1999062996"/>
    <nd ref="1999062997"/>
    <nd ref="1999062999"/>
    <nd ref="1999062995"/>
    <nd ref="1999062992"/>
    <nd ref="1999062994"/>
    <tag k="highway" v="residential"/>
  </way>
  <way id="189262160">
    <nd ref="1997306674"/>
    <nd ref="1999062360"/>
    <nd ref="1999062350"/>
    <nd ref="1999062337"/>
    <nd ref="1999062335"/>
    <nd ref="1999062329"/>
    <nd ref="1999062324"/>
    <nd ref="1999062323"/>
    <tag k="highway" v="unclassified"/>
  </way>
  <way id="189262161">
    <nd ref="1999061902"/>
    <nd ref="1999061891"/>
    <nd ref="1999061886"/>
    <nd ref="1999061878"/>
    <nd ref="1999061871"/>
    <nd ref="1999061870"/>
    <nd ref="1999061889"/>
    <nd ref="1999061890"/>
    <tag k="highway" v="residential"/>
  </way>
  <way id="189262163">
    <nd ref="1999062487"/>
    <nd ref="1999062482"/>
    <nd ref="1999062481"/>
    <nd ref="1999062489"/>
    <nd ref="1999062495"/>
    <nd ref="1999062500"/>
    <nd ref="1999062512"/>
    <nd ref="1999062526"/>
    <nd ref="1999062534"/>
    <tag k="highway" v="residential"/>
  </way>
  <way id="189262164">
    <nd ref="1999061605"/>
    <nd ref="1996143961"/>
    <nd ref="1999061350"/>
    <nd ref="1999061333"/>
    <nd ref="1999061327"/>
    <nd ref="1999061325"/>
    <nd ref="1999061320"/>
    <nd ref="1999061314"/>
    <nd ref="1999061312"/>
    <tag k="highway" v="unclassified"/>
  </way>
  <way id="189262165">
    <nd ref="1999061283"/>
    <nd ref="1999061281"/>
    <nd ref="1999061273"/>
    <nd ref="1999061254"/>
    <nd ref="1999061249"/>
    <nd ref="1999061241"/>
    <nd ref="1999061217"/>
    <nd ref="1999061161"/>
    <nd ref="1999061134"/>
    <tag k="highway" v="residential"/>
  </way>
  <way id="189262166">
    <nd ref="1999061987"/>
    <nd ref="1999061993"/>
    <nd ref="1999061999"/>
    <nd ref="1999062004"/>
    <nd ref="1999062006"/>
    <nd ref="1999062010"/>
    <nd ref="1999062013"/>
    <nd ref="1999062017"/>
    <nd ref="7870782898"/>
    <nd ref="1999062020"/>
    <tag k="highway" v="residential"/>
  </way>
  <way id="189262167">
    <nd ref="1999061258"/>
    <nd ref="1999061257"/>
    <nd ref="1999061256"/>
    <nd ref="1999061255"/>
    <nd ref="1999061259"/>
    <nd ref="1999061261"/>
    <nd ref="1999061260"/>
    <nd ref="1999061262"/>
    <nd ref="1999061263"/>
    <tag k="highway" v="residential"/>
  </way>
  <way id="189262168">
    <nd ref="1999061537"/>
    <nd ref="1999061501"/>
    <nd ref="1999061451"/>
    <nd ref="1999061356"/>
    <nd ref="1999061344"/>
    <nd ref="1999061340"/>
    <nd ref="1999061342"/>
    <nd ref="1999061343"/>
    <nd ref="1999061341"/>
    <tag k="highway" v="residential"/>
  </way>
  <way id="189262170">
    <nd ref="1999062931"/>
    <nd ref="11132216991"/>
    <nd ref="3568491832"/>
    <nd ref="1999062938"/>
    <nd ref="1999062941"/>
    <nd ref="1999062943"/>
    <nd ref="1999062948"/>
    <nd ref="1999062951"/>
    <nd ref="1999062956"/>
    <nd ref="1999062957"/>
    <nd ref="1999062958"/>
    <tag k="highway" v="residential"/>
  </way>
  <way id="189262172">
    <nd ref="1999061964"/>
    <nd ref="1999061918"/>
    <nd ref="1999061919"/>
    <nd ref="1999061920"/>
    <nd ref="1999061921"/>
    <nd ref="1999061922"/>
    <nd ref="1999061928"/>
    <nd ref="1999061929"/>
    <nd ref="1999061931"/>
    <tag k="highway" v="residential"/>
  </way>
  <way id="189262173">
    <nd ref="1997306491"/>
    <nd ref="1996143990"/>
    <nd ref="12579469612"/>
    <nd ref="1996143942"/>
    <nd ref="1996143934"/>
    <nd ref="1996143890"/>
    <nd ref="1999061321"/>
    <nd ref="12579469614"/>
    <nd ref="1996143750"/>
    <nd ref="1996143642"/>
    <nd ref="12579469615"/>
    <nd ref="1997306459"/>
    <tag k="highway" v="secondary"/>
    <tag k="name" v="大港路"/>
    <tag k="name:en" v="Dagang Road"/>
    <tag k="oneway" v="yes"/>
  </way>
  <way id="189262174">
    <nd ref="1997306748"/>
    <nd ref="1999062803"/>
    <nd ref="1999062798"/>
    <nd ref="1999062792"/>
    <nd ref="1999062807"/>
    <nd ref="1999062815"/>
    <nd ref="1999062817"/>
    <nd ref="1999062813"/>
    <nd ref="1999062811"/>
    <nd ref="1999062809"/>
    <nd ref="1999062800"/>
    <nd ref="1999062751"/>
    <nd ref="1999062706"/>
    <nd ref="1999062690"/>
    <nd ref="1999062695"/>
    <nd ref="1999062744"/>
    <nd ref="1999062765"/>
    <nd ref="1999062776"/>
    <nd ref="1999062773"/>
    <nd ref="1999062767"/>
    <nd ref="1999062759"/>
    <nd ref="1999062750"/>
    <nd ref="1999062749"/>
    <nd ref="1999062738"/>
    <nd ref="1999062720"/>
    <nd ref="1999062681"/>
    <nd ref="1999062679"/>
    <nd ref="1999062675"/>
    <nd ref="1999062666"/>
    <nd ref="1999062654"/>
    <nd ref="1999062635"/>
    <nd ref="1999062604"/>
    <nd ref="1999062577"/>
    <nd ref="1999062570"/>
    <nd ref="1999062547"/>
    <nd ref="1999062503"/>
    <nd ref="1999062406"/>
    <nd ref="1999062399"/>
    <nd ref="12083064902"/>
    <nd ref="1999062387"/>
    <nd ref="1999062325"/>
    <nd ref="1999062291"/>
    <nd ref="1999062276"/>
    <nd ref="1999062262"/>
    <nd ref="1999062257"/>
    <nd ref="1999062247"/>
    <nd ref="1999062222"/>
    <nd ref="1999062205"/>
    <nd ref="1999062199"/>
    <nd ref="1999062109"/>
    <nd ref="1999061957"/>
    <nd ref="1999061945"/>
    <nd ref="1999061926"/>
    <nd ref="1999061907"/>
    <nd ref="1999061869"/>
    <nd ref="1999061816"/>
    <nd ref="1999061768"/>
    <tag k="highway" v="unclassified"/>
  </way>
  <way id="246703434">
    <nd ref="1999061061"/>
    <nd ref="1999061055"/>
    <tag k="highway" v="unclassified"/>
  </way>
  <way id="246703437">
    <nd ref="2537096768"/>
    <nd ref="3931458602"/>
    <nd ref="12544086604"/>
    <nd ref="12544086605"/>
    <nd ref="1999061086"/>
    <nd ref="1999061094"/>
    <nd ref="12544086602"/>
    <nd ref="12544086603"/>
    <nd ref="3931458597"/>
    <nd ref="3931458596"/>
    <nd ref="3931458595"/>
    <nd ref="12544086601"/>
    <nd ref="1999061104"/>
    <nd ref="12544086600"/>
    <nd ref="3931458592"/>
    <nd ref="1999061109"/>
    <nd ref="3931458590"/>
    <nd ref="12544086599"/>
    <nd ref="1996143487"/>
    <nd ref="1999061202"/>
    <tag k="highway" v="secondary"/>
    <tag k="name" v="苏通公路"/>
    <tag k="name:en" v="Sutong Highway"/>
    <tag k="surface" v="asphalt"/>
  </way>
  <way id="246703446">
    <nd ref="1999061067"/>
    <nd ref="1999061061"/>
    <tag k="bridge" v="yes"/>
    <tag k="highway" v="unclassified"/>
    <tag k="layer" v="1"/>
    <tag k="surface" v="asphalt"/>
  </way>
  <way id="246703449">
    <nd ref="1999061063"/>
    <nd ref="2537096768"/>
    <tag k="bridge" v="yes"/>
    <tag k="highway" v="secondary"/>
    <tag k="layer" v="1"/>
    <tag k="name" v="苏通公路"/>
    <tag k="name:en" v="Sutong Highway"/>
    <tag k="surface" v="asphalt"/>
  </way>
  <way id="246703457">
    <nd ref="4149907571"/>
    <nd ref="1996143914"/>
    <nd ref="1996143911"/>
    <nd ref="1996143908"/>
    <nd ref="1996143902"/>
    <nd ref="1996143897"/>
    <nd ref="1996143891"/>
    <nd ref="1996143883"/>
    <nd ref="1996143877"/>
    <tag k="highway" v="motorway"/>
    <tag k="name" v="沪陕高速"/>
    <tag k="name:en" v="Hushan Expressway"/>
    <tag k="name:zh-Hant" v="滬陝高速"/>
    <tag k="oneway" v="yes"/>
    <tag k="ref" v="G40"/>
    <tag k="start_date" v="2004-10-30"/>
    <tag k="surface" v="asphalt"/>
  </way>
  <way id="315123931">
    <nd ref="1772546817"/>
    <nd ref="12518744983"/>
    <nd ref="1999062938"/>
    <nd ref="3258101955"/>
    <nd ref="12518744981"/>
    <nd ref="1772546825"/>
    <nd ref="12518744979"/>
    <nd ref="3361182871"/>
    <nd ref="3247248492"/>
    <nd ref="3568491849"/>
    <nd ref="1772546827"/>
    <nd ref="3258101920"/>
    <nd ref="1772546828"/>
    <nd ref="3951230765"/>
    <nd ref="3951230761"/>
    <nd ref="12518744977"/>
    <nd ref="3568491850"/>
    <nd ref="3951228912"/>
    <nd ref="3568491851"/>
    <nd ref="12313854233"/>
    <tag k="highway" v="primary"/>
    <tag k="name" v="金浩公路"/>
    <tag k="oneway" v="yes"/>
    <tag k="surface" v="asphalt"/>
  </way>
  <way id="316550692">
    <nd ref="1997306692"/>
    <nd ref="1999062399"/>
    <nd ref="1999062391"/>
    <nd ref="1997306680"/>
    <nd ref="12083064869"/>
    <nd ref="1999062374"/>
    <nd ref="1997306676"/>
    <nd ref="1997306670"/>
    <nd ref="12578759267"/>
    <nd ref="1999062333"/>
    <nd ref="1997306652"/>
    <nd ref="1999062293"/>
    <nd ref="1997306642"/>
    <nd ref="1997306637"/>
    <nd ref="1999062280"/>
    <nd ref="1997306635"/>
    <tag k="highway" v="primary"/>
    <tag k="name" v="德三公路"/>
    <tag k="oneway" v="yes"/>
  </way>
  <way id="319114275">
    <nd ref="1997306964"/>
    <nd ref="3255263704"/>
    <nd ref="3255263703"/>
    <nd ref="3255263705"/>
    <nd ref="3255263706"/>
    <tag k="highway" v="residential"/>
  </way>
  <way id="319114277">
    <nd ref="3255263706"/>
    <nd ref="8913627876"/>
    <nd ref="1997306814"/>
    <tag k="highway" v="secondary"/>
  </way>
  <way id="319114278">
    <nd ref="3255263706"/>
    <nd ref="3255263707"/>
    <nd ref="3255263708"/>
    <tag k="highway" v="secondary"/>
  </way>
  <way id="319114587">
    <nd ref="3255263707"/>
    <nd ref="3255254533"/>
    <nd ref="3255254534"/>
    <tag k="highway" v="tertiary"/>
  </way>
  <way id="319114588">
    <nd ref="3255254535"/>
    <nd ref="3255254534"/>
    <nd ref="3255254536"/>
    <tag k="highway" v="residential"/>
  </way>
  <way id="319392156">
    <nd ref="3258041960"/>
    <nd ref="8913627855"/>
    <nd ref="8913627856"/>
    <nd ref="8913627857"/>
    <nd ref="8913627858"/>
    <nd ref="8913627859"/>
    <nd ref="8913627860"/>
    <nd ref="8913627861"/>
    <nd ref="8913627862"/>
    <nd ref="1997306950"/>
    <nd ref="8913627873"/>
    <nd ref="8913627874"/>
    <nd ref="8913627875"/>
    <nd ref="8913627876"/>
    <nd ref="8913627877"/>
    <nd ref="8913627878"/>
    <nd ref="8913627879"/>
    <nd ref="8913627880"/>
    <nd ref="8913627882"/>
    <nd ref="8913627881"/>
    <nd ref="8913627899"/>
    <tag k="highway" v="trunk"/>
    <tag k="name" v="丹东线"/>
    <tag k="oneway" v="yes"/>
    <tag k="ref" v="G228"/>
    <tag k="surface" v="asphalt"/>
  </way>
  <way id="319392408">
    <nd ref="1997306726"/>
    <nd ref="8913627894"/>
    <nd ref="8913627893"/>
    <nd ref="8913627892"/>
    <nd ref="8913627891"/>
    <nd ref="8913627890"/>
    <nd ref="8913627889"/>
    <nd ref="1997306814"/>
    <nd ref="8913627888"/>
    <nd ref="8913627887"/>
    <nd ref="3258060563"/>
    <nd ref="8913627886"/>
    <nd ref="1997306949"/>
    <nd ref="3258058958"/>
    <nd ref="8913627885"/>
    <nd ref="8913627884"/>
    <nd ref="8913627883"/>
    <nd ref="3258041968"/>
    <tag k="highway" v="trunk"/>
    <tag k="name" v="丹东线"/>
    <tag k="oneway" v="yes"/>
    <tag k="ref" v="G228"/>
    <tag k="surface" v="asphalt"/>
  </way>
  <way id="319393996">
    <nd ref="1999063094"/>
    <nd ref="3258060567"/>
    <nd ref="3258060568"/>
    <nd ref="3258060566"/>
    <nd ref="3258060569"/>
    <nd ref="3258060570"/>
    <nd ref="1999063004"/>
    <tag k="highway" v="residential"/>
  </way>
  <way id="319393997">
    <nd ref="3258060571"/>
    <nd ref="1999063004"/>
    <nd ref="3258060572"/>
    <nd ref="1997306831"/>
    <nd ref="3258060573"/>
    <nd ref="3258060574"/>
    <nd ref="3258060575"/>
    <nd ref="3258060576"/>
    <nd ref="3258060577"/>
    <nd ref="1997306814"/>
    <tag k="highway" v="residential"/>
  </way>
  <way id="319394090">
    <nd ref="3258061170"/>
    <nd ref="3258061171"/>
    <nd ref="3258061172"/>
    <nd ref="3258061173"/>
    <nd ref="1999062961"/>
    <nd ref="3258061174"/>
    <nd ref="3258061175"/>
    <nd ref="3258061176"/>
    <tag k="highway" v="residential"/>
  </way>
  <way id="319394092">
    <nd ref="1999062961"/>
    <nd ref="3258061177"/>
    <nd ref="3258060574"/>
    <nd ref="3258061178"/>
    <nd ref="3258061179"/>
    <nd ref="3258060564"/>
    <nd ref="3258061180"/>
    <tag k="highway" v="residential"/>
  </way>
  <way id="319398650">
    <nd ref="12313854164"/>
    <nd ref="3258101915"/>
    <nd ref="3258101916"/>
    <nd ref="3258101917"/>
    <nd ref="3258101918"/>
    <nd ref="3258101919"/>
    <nd ref="3258101920"/>
    <nd ref="3568491821"/>
    <nd ref="1997707440"/>
    <nd ref="3258101922"/>
    <nd ref="3258101923"/>
    <nd ref="3247248490"/>
    <nd ref="3258101924"/>
    <nd ref="3258101925"/>
    <nd ref="3258101926"/>
    <nd ref="3258101927"/>
    <nd ref="3258101928"/>
    <nd ref="3258101929"/>
    <nd ref="11132216993"/>
    <nd ref="11132216990"/>
    <nd ref="1999062931"/>
    <nd ref="3258101930"/>
    <nd ref="12313854392"/>
    <tag k="highway" v="residential"/>
    <tag k="surface" v="asphalt"/>
  </way>
  <way id="319398653">
    <nd ref="3258101944"/>
    <nd ref="12083064907"/>
    <nd ref="3258101942"/>
    <nd ref="3258101945"/>
    <tag k="highway" v="tertiary"/>
  </way>
  <way id="319398656">
    <nd ref="1999062376"/>
    <nd ref="11130633930"/>
    <nd ref="3258101948"/>
    <nd ref="3258101949"/>
    <nd ref="3258101936"/>
    <nd ref="3568491836"/>
    <nd ref="3258101950"/>
    <tag k="highway" v="tertiary"/>
  </way>
  <way id="319398657">
    <nd ref="1772546817"/>
    <nd ref="1999062840"/>
    <nd ref="11115716506"/>
    <nd ref="11132216986"/>
    <nd ref="11115716505"/>
    <nd ref="1997306752"/>
    <tag k="highway" v="tertiary"/>
    <tag k="surface" v="asphalt"/>
  </way>
  <way id="319398659">
    <nd ref="3258101954"/>
    <nd ref="3258101955"/>
    <nd ref="3568491830"/>
    <nd ref="3258101956"/>
    <nd ref="3258101957"/>
    <nd ref="3258101958"/>
    <nd ref="3258101928"/>
    <nd ref="3258101959"/>
    <tag k="highway" v="residential"/>
  </way>
  <way id="328153318">
    <nd ref="3349761362"/>
    <nd ref="3349761363"/>
    <nd ref="3349761364"/>
    <nd ref="3349761365"/>
    <nd ref="9162048374"/>
    <nd ref="3349761366"/>
    <nd ref="3354112937"/>
    <nd ref="3349761367"/>
    <nd ref="3349761368"/>
    <nd ref="1999061807"/>
    <tag k="highway" v="tertiary"/>
  </way>
  <way id="328592150">
    <nd ref="8811698236"/>
    <nd ref="3354090072"/>
    <nd ref="3354112927"/>
    <nd ref="11116758033"/>
    <nd ref="3354112928"/>
    <nd ref="3354112929"/>
    <nd ref="3354112930"/>
    <tag k="highway" v="residential"/>
  </way>
  <way id="330452377">
    <nd ref="1997305483"/>
    <nd ref="3374173425"/>
    <nd ref="3374173426"/>
    <nd ref="3374173427"/>
    <nd ref="9715634785"/>
    <nd ref="3374173428"/>
    <nd ref="3374173429"/>
    <nd ref="3374173430"/>
    <nd ref="3374173431"/>
    <tag k="highway" v="tertiary"/>
    <tag k="name" v="毕经路"/>
    <tag k="name:en" v="Bijing Road"/>
  </way>
  <way id="331341166">
    <nd ref="1999061202"/>
    <nd ref="1996143517"/>
    <nd ref="12518744998"/>
    <nd ref="12518744999"/>
    <nd ref="1996143657"/>
    <nd ref="1999061263"/>
    <nd ref="1999061268"/>
    <nd ref="1996143692"/>
    <nd ref="1999061280"/>
    <nd ref="12518744997"/>
    <nd ref="1999061295"/>
    <nd ref="12518744996"/>
    <nd ref="1996143846"/>
    <nd ref="3923377225"/>
    <nd ref="1996143887"/>
    <nd ref="1996143907"/>
    <nd ref="12518744994"/>
    <nd ref="12518744995"/>
    <nd ref="1999061411"/>
    <nd ref="1996143976"/>
    <nd ref="1999061542"/>
    <nd ref="3568491874"/>
    <nd ref="12518744993"/>
    <nd ref="12518744992"/>
    <nd ref="1999061589"/>
    <nd ref="1996143998"/>
    <nd ref="1999061618"/>
    <tag k="highway" v="secondary"/>
    <tag k="name" v="苏通公路"/>
    <tag k="name:en" v="Sutong Highway"/>
  </way>
  <way id="331341169">
    <nd ref="1999061202"/>
    <nd ref="3485501364"/>
    <nd ref="1999061201"/>
    <nd ref="1999061198"/>
    <nd ref="1999061191"/>
    <nd ref="3570803593"/>
    <tag k="highway" v="secondary"/>
  </way>
  <way id="331341170">
    <nd ref="1997306683"/>
    <nd ref="3568491838"/>
    <tag k="highway" v="secondary"/>
  </way>
  <way id="331341171">
    <nd ref="1997306683"/>
    <nd ref="12518744986"/>
    <nd ref="3258101950"/>
    <nd ref="1996144047"/>
    <nd ref="1999062519"/>
    <nd ref="8913627866"/>
    <nd ref="1996144054"/>
    <tag k="highway" v="primary"/>
    <tag k="oneway" v="yes"/>
  </way>
  <way id="341357268">
    <nd ref="3485501372"/>
    <nd ref="3485501373"/>
    <tag k="highway" v="service"/>
  </way>
  <way id="341362684">
    <nd ref="3485501372"/>
    <nd ref="1999061149"/>
    <nd ref="1999061146"/>
    <nd ref="1999061144"/>
    <nd ref="1999061142"/>
    <nd ref="1999061141"/>
    <nd ref="1999061139"/>
    <nd ref="1999061138"/>
    <nd ref="1999061137"/>
    <nd ref="1999061132"/>
    <nd ref="1999061133"/>
    <nd ref="12554095758"/>
    <nd ref="1999061134"/>
    <nd ref="12554095759"/>
    <nd ref="1999061135"/>
    <nd ref="1999061136"/>
    <nd ref="1999061131"/>
    <nd ref="12581847242"/>
    <nd ref="1996143482"/>
    <tag k="highway" v="secondary"/>
  </way>
  <way id="351301378">
    <nd ref="10889736072"/>
    <nd ref="1999061189"/>
    <nd ref="3485501366"/>
    <nd ref="1999061187"/>
    <nd ref="1999061185"/>
    <nd ref="1999061182"/>
    <nd ref="1999061179"/>
    <nd ref="1999061168"/>
    <nd ref="1999061165"/>
    <nd ref="1999061163"/>
    <nd ref="1999061157"/>
    <nd ref="1999061153"/>
    <nd ref="10889746641"/>
    <tag k="highway" v="secondary"/>
  </way>
  <way id="362368011">
    <nd ref="1997306686"/>
    <nd ref="3666934998"/>
    <tag k="highway" v="service"/>
  </way>
  <way id="362368012">
    <nd ref="1997306686"/>
    <nd ref="2537096808"/>
    <nd ref="1997306683"/>
    <tag k="highway" v="secondary"/>
  </way>
  <way id="369447191">
    <nd ref="3568491814"/>
    <nd ref="3568491852"/>
    <nd ref="3951228913"/>
    <nd ref="3568491815"/>
    <nd ref="3568491816"/>
    <nd ref="3568491817"/>
    <nd ref="3951230760"/>
    <nd ref="3568491818"/>
    <nd ref="12518744978"/>
    <nd ref="3951230764"/>
    <nd ref="3568491819"/>
    <nd ref="3568491820"/>
    <nd ref="3568491821"/>
    <nd ref="3568491822"/>
    <nd ref="3568491823"/>
    <nd ref="3568491824"/>
    <nd ref="3247248491"/>
    <nd ref="3361182873"/>
    <nd ref="3568491825"/>
    <nd ref="3568491826"/>
    <nd ref="3568491827"/>
    <nd ref="12518744980"/>
    <nd ref="3568491828"/>
    <nd ref="3568491847"/>
    <nd ref="3568491829"/>
    <nd ref="3568491830"/>
    <nd ref="12518744982"/>
    <nd ref="3568491831"/>
    <nd ref="3568491832"/>
    <nd ref="3568491833"/>
    <tag k="highway" v="primary"/>
    <tag k="oneway" v="yes"/>
    <tag k="surface" v="asphalt"/>
  </way>
  <way id="369447193">
    <nd ref="12083064909"/>
    <nd ref="3258101944"/>
    <nd ref="12518744989"/>
    <nd ref="1999062019"/>
    <nd ref="1999062186"/>
    <nd ref="1996144044"/>
    <nd ref="12518744987"/>
    <nd ref="1997306683"/>
    <tag k="highway" v="primary"/>
    <tag k="oneway" v="yes"/>
  </way>
  <way id="379693157">
    <nd ref="3830213437"/>
    <nd ref="11736182301"/>
    <nd ref="3830216171"/>
    <tag k="highway" v="trunk"/>
    <tag k="highway:CN" v="1"/>
    <tag k="lanes" v="2"/>
    <tag k="name" v="启那线"/>
    <tag k="name:en" v="Qidong-Nagqu Highway"/>
    <tag k="name:zh-Hant" v="啓那線"/>
    <tag k="oneway" v="yes"/>
    <tag k="ref" v="G228;G345"/>
    <tag k="surface" v="asphalt"/>
  </way>
  <way id="379693408">
    <nd ref="11514073311"/>
    <nd ref="12581847238"/>
    <nd ref="12581847244"/>
    <nd ref="2524165008"/>
    <tag k="highway" v="trunk"/>
    <tag k="lanes" v="2"/>
    <tag k="name" v="丹东线"/>
    <tag k="oneway" v="yes"/>
    <tag k="ref" v="G228;S510"/>
    <tag k="surface" v="asphalt"/>
  </way>
  <way id="379693411">
    <nd ref="3830216171"/>
    <nd ref="3830216172"/>
    <nd ref="12565737234"/>
    <tag k="highway" v="trunk"/>
    <tag k="lanes" v="2"/>
    <tag k="name" v="丹东线"/>
    <tag k="oneway" v="yes"/>
    <tag k="ref" v="G228;S510"/>
    <tag k="surface" v="asphalt"/>
  </way>
  <way id="379693609">
    <nd ref="3830216168"/>
    <nd ref="3830216173"/>
    <nd ref="12565737032"/>
    <nd ref="3830216169"/>
    <nd ref="3830216170"/>
    <nd ref="11514088254"/>
    <nd ref="9162048263"/>
    <tag k="highway" v="trunk"/>
    <tag k="lanes" v="2"/>
    <tag k="name" v="启那线"/>
    <tag k="oneway" v="yes"/>
    <tag k="ref" v="G345;S510"/>
    <tag k="surface" v="asphalt"/>
  </way>
  <way id="381675773">
    <nd ref="9162048261"/>
    <nd ref="3374173433"/>
    <nd ref="3374173434"/>
    <nd ref="3374173435"/>
    <nd ref="3374173436"/>
    <nd ref="3374173437"/>
    <nd ref="3374173438"/>
    <nd ref="4161784101"/>
    <nd ref="4161784102"/>
    <nd ref="3374173439"/>
    <nd ref="3374173440"/>
    <nd ref="3374173441"/>
    <tag k="highway" v="tertiary"/>
    <tag k="name" v="同高路"/>
    <tag k="name:en" v="Tonggao Road"/>
  </way>
  <way id="389181029">
    <nd ref="1999061340"/>
    <nd ref="3923377223"/>
    <nd ref="4149746115"/>
    <tag k="highway" v="residential"/>
  </way>
  <way id="389181030">
    <nd ref="3923377221"/>
    <nd ref="3923377222"/>
    <nd ref="3923377223"/>
    <nd ref="3923377224"/>
    <nd ref="3923377225"/>
    <tag k="highway" v="residential"/>
  </way>
  <way id="389988280">
    <nd ref="3931458588"/>
    <nd ref="12544086598"/>
    <tag k="highway" v="residential"/>
  </way>
  <way id="392083612">
    <nd ref="1999061028"/>
    <nd ref="12544086610"/>
    <nd ref="1999061034"/>
    <nd ref="1999061035"/>
    <nd ref="3931458613"/>
    <nd ref="1999061037"/>
    <nd ref="1999061038"/>
    <nd ref="12544086608"/>
    <nd ref="12544086609"/>
    <nd ref="1999061039"/>
    <nd ref="1999061040"/>
    <nd ref="3931458610"/>
    <nd ref="1999061042"/>
    <nd ref="3931458609"/>
    <nd ref="12544086607"/>
    <nd ref="12544086606"/>
    <nd ref="1999061049"/>
    <nd ref="3931458604"/>
    <nd ref="1999061063"/>
    <tag k="highway" v="secondary"/>
    <tag k="name" v="苏通公路"/>
    <tag k="name:en" v="Sutong Highway"/>
    <tag k="surface" v="asphalt"/>
  </way>
  <way id="392083614">
    <nd ref="3568491838"/>
    <nd ref="3931458586"/>
    <tag k="highway" v="secondary"/>
  </way>
  <way id="392083617">
    <nd ref="12518744988"/>
    <nd ref="3568491839"/>
    <nd ref="3568491845"/>
    <nd ref="12083064910"/>
    <nd ref="12083064907"/>
    <nd ref="12518744990"/>
    <tag k="highway" v="primary"/>
    <tag k="oneway" v="yes"/>
  </way>
  <way id="392083619">
    <nd ref="3931458586"/>
    <nd ref="1997306679"/>
    <nd ref="1999062376"/>
    <nd ref="1997306678"/>
    <nd ref="1997306677"/>
    <tag k="highway" v="secondary"/>
    <tag k="surface" v="asphalt"/>
  </way>
  <way id="392083620">
    <nd ref="3931458586"/>
    <nd ref="3258101939"/>
    <nd ref="3258101940"/>
    <nd ref="3258101941"/>
    <nd ref="3258101942"/>
    <nd ref="12083064926"/>
    <nd ref="3258101943"/>
    <nd ref="11115697880"/>
    <nd ref="11115697879"/>
    <nd ref="11115697878"/>
    <nd ref="11115697877"/>
    <nd ref="11115697876"/>
    <nd ref="11115697875"/>
    <nd ref="11115697874"/>
    <tag k="highway" v="residential"/>
  </way>
  <way id="402700943">
    <nd ref="3830216171"/>
    <nd ref="12565737229"/>
    <nd ref="12581847229"/>
    <nd ref="4149946889"/>
    <nd ref="3830213438"/>
    <nd ref="4051066009"/>
    <tag k="highway" v="trunk"/>
    <tag k="highway:CN" v="1"/>
    <tag k="lanes" v="3"/>
    <tag k="lit" v="yes"/>
    <tag k="name" v="启那线"/>
    <tag k="name:en" v="Qidong-Nagqu Highway"/>
    <tag k="name:zh-Hant" v="啓那線"/>
    <tag k="oneway" v="yes"/>
    <tag k="ref" v="G228;G345"/>
    <tag k="source" v="GPS track in OSM"/>
    <tag k="surface" v="asphalt"/>
  </way>
  <way id="402700944">
    <nd ref="14174915675"/>
    <nd ref="3830213911"/>
    <nd ref="3830213912"/>
    <nd ref="2524165340"/>
    <nd ref="3830213913"/>
    <nd ref="4161784102"/>
    <nd ref="3830213914"/>
    <nd ref="2524165071"/>
    <nd ref="3830213915"/>
    <nd ref="7215628985"/>
    <nd ref="7215592884"/>
    <nd ref="2524164988"/>
    <tag k="highway" v="trunk"/>
    <tag k="highway:CN" v="1"/>
    <tag k="lanes" v="3"/>
    <tag k="lit" v="yes"/>
    <tag k="name" v="启那线"/>
    <tag k="name:en" v="Qidong-Nagqu Highway"/>
    <tag k="name:zh-Hant" v="啓那線"/>
    <tag k="oneway" v="yes"/>
    <tag k="ref" v="G228;G345"/>
    <tag k="source" v="Bing"/>
    <tag k="surface" v="asphalt"/>
  </way>
  <way id="413703721">
    <nd ref="4149746115"/>
    <nd ref="4149746114"/>
    <tag k="highway" v="residential"/>
    <tag k="layer" v="-1"/>
    <tag k="tunnel" v="yes"/>
  </way>
  <way id="413703722">
    <nd ref="4149746114"/>
    <nd ref="1999061300"/>
    <nd ref="3923377220"/>
    <tag k="highway" v="residential"/>
  </way>
  <way id="475268958">
    <nd ref="9162048264"/>
    <nd ref="11514088241"/>
    <nd ref="3830216164"/>
    <nd ref="3830216165"/>
    <nd ref="3830216166"/>
    <nd ref="12565737056"/>
    <nd ref="3830216174"/>
    <tag k="highway" v="trunk"/>
    <tag k="lanes" v="2"/>
    <tag k="name" v="启那线"/>
    <tag k="oneway" v="yes"/>
    <tag k="ref" v="G345;S510"/>
    <tag k="surface" v="asphalt"/>
  </way>
  <way id="490459976">
    <nd ref="1999062142"/>
    <nd ref="4826426250"/>
    <nd ref="4826426249"/>
    <nd ref="4826426248"/>
    <nd ref="1999062097"/>
    <tag k="highway" v="service"/>
  </way>
  <way id="490459977">
    <nd ref="1999062251"/>
    <nd ref="1999062117"/>
    <nd ref="1999062021"/>
    <nd ref="4826426258"/>
    <nd ref="4826426257"/>
    <nd ref="4826426256"/>
    <nd ref="4826426255"/>
    <nd ref="4826426254"/>
    <nd ref="4826426253"/>
    <nd ref="4826426251"/>
    <tag k="highway" v="service"/>
  </way>
  <way id="490463808">
    <nd ref="1999062356"/>
    <nd ref="1999062394"/>
    <nd ref="11134189309"/>
    <tag k="highway" v="tertiary"/>
  </way>
  <way id="772840707">
    <nd ref="4051066009"/>
    <nd ref="3830213439"/>
    <nd ref="3830213440"/>
    <nd ref="3830213441"/>
    <tag k="bridge" v="yes"/>
    <tag k="highway" v="trunk"/>
    <tag k="highway:CN" v="1"/>
    <tag k="lanes" v="3"/>
    <tag k="layer" v="1"/>
    <tag k="lit" v="yes"/>
    <tag k="name" v="启那线"/>
    <tag k="name:en" v="Qidong-Nagqu Highway"/>
    <tag k="name:zh-Hant" v="啓那線"/>
    <tag k="oneway" v="yes"/>
    <tag k="ref" v="G228;G345"/>
    <tag k="source" v="GPS track in OSM"/>
    <tag k="surface" v="asphalt"/>
  </way>
  <way id="772840708">
    <nd ref="4051066010"/>
    <nd ref="3830213918"/>
    <nd ref="4149946890"/>
    <nd ref="12581847230"/>
    <nd ref="12565737238"/>
    <tag k="highway" v="trunk"/>
    <tag k="highway:CN" v="1"/>
    <tag k="lanes" v="3"/>
    <tag k="lit" v="yes"/>
    <tag k="name" v="启那线"/>
    <tag k="name:en" v="Qidong-Nagqu Highway"/>
    <tag k="name:zh-Hant" v="啓那線"/>
    <tag k="oneway" v="yes"/>
    <tag k="ref" v="G228;G345"/>
    <tag k="source" v="Bing"/>
    <tag k="surface" v="asphalt"/>
  </way>
  <way id="772840709">
    <nd ref="3830213441"/>
    <nd ref="7215592882"/>
    <nd ref="7215592883"/>
    <nd ref="3830213442"/>
    <nd ref="3830213443"/>
    <nd ref="3830213444"/>
    <nd ref="4161784101"/>
    <nd ref="3830213445"/>
    <nd ref="3830213446"/>
    <nd ref="3830213447"/>
    <nd ref="14174915673"/>
    <tag k="highway" v="trunk"/>
    <tag k="highway:CN" v="1"/>
    <tag k="lanes" v="3"/>
    <tag k="lit" v="yes"/>
    <tag k="name" v="启那线"/>
    <tag k="name:en" v="Qidong-Nagqu Highway"/>
    <tag k="name:zh-Hant" v="啓那線"/>
    <tag k="oneway" v="yes"/>
    <tag k="ref" v="G228;G345"/>
    <tag k="source" v="GPS track in OSM"/>
    <tag k="surface" v="asphalt"/>
  </way>
  <way id="772840710">
    <nd ref="2524164988"/>
    <nd ref="7215592881"/>
    <nd ref="3830213917"/>
    <nd ref="4051066010"/>
    <tag k="bridge" v="yes"/>
    <tag k="highway" v="trunk"/>
    <tag k="highway:CN" v="1"/>
    <tag k="lanes" v="3"/>
    <tag k="layer" v="1"/>
    <tag k="lit" v="yes"/>
    <tag k="name" v="启那线"/>
    <tag k="name:en" v="Qidong-Nagqu Highway"/>
    <tag k="name:zh-Hant" v="啓那線"/>
    <tag k="oneway" v="yes"/>
    <tag k="ref" v="G228;G345"/>
    <tag k="source" v="Bing"/>
    <tag k="surface" v="asphalt"/>
  </way>
  <way id="831606259">
    <nd ref="7764044797"/>
    <nd ref="7764044796"/>
    <tag k="bridge" v="yes"/>
    <tag k="highway" v="residential"/>
    <tag k="layer" v="1"/>
  </way>
  <way id="850789733">
    <nd ref="12083064876"/>
    <nd ref="1997306664"/>
    <tag k="highway" v="primary"/>
    <tag k="name" v="德三公路"/>
    <tag k="oneway" v="yes"/>
  </way>
  <way id="850789741">
    <nd ref="1997306635"/>
    <nd ref="1997306634"/>
    <nd ref="12578759272"/>
    <nd ref="1999062284"/>
    <nd ref="12579469605"/>
    <nd ref="7934288484"/>
    <nd ref="1997306640"/>
    <nd ref="1999062286"/>
    <nd ref="12579469604"/>
    <nd ref="7934288481"/>
    <nd ref="12579469602"/>
    <nd ref="1997306647"/>
    <nd ref="1999062305"/>
    <nd ref="1999062307"/>
    <nd ref="12579466186"/>
    <nd ref="12579466200"/>
    <nd ref="1999062331"/>
    <nd ref="12579466198"/>
    <nd ref="1997306661"/>
    <nd ref="12579466196"/>
    <nd ref="1997306662"/>
    <nd ref="12083064876"/>
    <tag k="highway" v="primary"/>
    <tag k="name" v="德三公路"/>
    <tag k="oneway" v="yes"/>
  </way>
  <way id="850789742">
    <nd ref="1997306660"/>
    <nd ref="1999062341"/>
    <nd ref="12556774618"/>
    <nd ref="1999062356"/>
    <tag k="highway" v="secondary"/>
    <tag k="oneway" v="yes"/>
  </way>
  <way id="850789744">
    <nd ref="1997306723"/>
    <nd ref="1997306725"/>
    <nd ref="1997306728"/>
    <nd ref="1997306732"/>
    <nd ref="12579466191"/>
    <nd ref="1997306734"/>
    <nd ref="1997306733"/>
    <nd ref="1999062659"/>
    <nd ref="1999062657"/>
    <nd ref="12579466190"/>
    <nd ref="1999062656"/>
    <nd ref="1997306730"/>
    <nd ref="1999062653"/>
    <nd ref="1997306727"/>
    <nd ref="12579466189"/>
    <nd ref="1999062651"/>
    <nd ref="1999062645"/>
    <tag k="highway" v="tertiary"/>
  </way>
  <way id="850789745">
    <nd ref="1999062645"/>
    <nd ref="1999062707"/>
    <nd ref="1999062842"/>
    <tag k="highway" v="tertiary"/>
  </way>
  <way id="850789746">
    <nd ref="7936911109"/>
    <nd ref="11134189305"/>
    <nd ref="1999062645"/>
    <tag k="highway" v="tertiary"/>
  </way>
  <way id="963633654">
    <nd ref="8913627896"/>
    <nd ref="1999062483"/>
    <nd ref="1999062477"/>
    <tag k="highway" v="residential"/>
  </way>
  <way id="963633655">
    <nd ref="8913627899"/>
    <nd ref="12579466193"/>
    <nd ref="8913627897"/>
    <nd ref="8913627896"/>
    <nd ref="1999062403"/>
    <nd ref="1997306664"/>
    <tag k="highway" v="trunk"/>
    <tag k="name" v="丹东线"/>
    <tag k="oneway" v="yes"/>
    <tag k="ref" v="G228"/>
  </way>
  <way id="963633656">
    <nd ref="12083064876"/>
    <nd ref="12579466194"/>
    <nd ref="8913627895"/>
    <nd ref="8913627898"/>
    <nd ref="1997306726"/>
    <tag k="highway" v="trunk"/>
    <tag k="name" v="丹东线"/>
    <tag k="oneway" v="yes"/>
    <tag k="ref" v="G228"/>
  </way>
  <way id="963633657">
    <nd ref="1997306726"/>
    <nd ref="8913627899"/>
    <tag k="highway" v="tertiary"/>
  </way>
  <way id="963633658">
    <nd ref="1999061973"/>
    <nd ref="7764044797"/>
    <tag k="highway" v="residential"/>
  </way>
  <way id="963633659">
    <nd ref="1999061846"/>
    <nd ref="8913627900"/>
    <nd ref="1999061897"/>
    <nd ref="12578759392"/>
    <nd ref="8913627901"/>
    <nd ref="8913627902"/>
    <nd ref="8913627903"/>
    <tag k="highway" v="tertiary"/>
  </way>
  <way id="963633660">
    <nd ref="8913627904"/>
    <nd ref="12578759408"/>
    <nd ref="1997306555"/>
    <nd ref="8913627912"/>
    <nd ref="8913627905"/>
    <nd ref="8913627911"/>
    <nd ref="8913627906"/>
    <nd ref="8913627910"/>
    <nd ref="8913627907"/>
    <tag k="highway" v="tertiary"/>
  </way>
  <way id="963633661">
    <nd ref="8913627908"/>
    <nd ref="8913627909"/>
    <nd ref="8913627907"/>
    <nd ref="8913627901"/>
    <tag k="highway" v="tertiary"/>
  </way>
  <way id="991637608">
    <nd ref="9162048251"/>
    <nd ref="9162048250"/>
    <nd ref="9162048249"/>
    <tag k="highway" v="residential"/>
  </way>
  <way id="991637609">
    <nd ref="9162048252"/>
    <nd ref="1999061058"/>
    <tag k="bridge" v="yes"/>
    <tag k="highway" v="unclassified"/>
    <tag k="layer" v="1"/>
  </way>
  <way id="991637610">
    <nd ref="1999061052"/>
    <nd ref="3853587754"/>
    <nd ref="1999061051"/>
    <nd ref="1999061053"/>
    <nd ref="1999061054"/>
    <nd ref="1999061055"/>
    <nd ref="1999061056"/>
    <nd ref="11514088231"/>
    <nd ref="11514088242"/>
    <nd ref="11514088243"/>
    <nd ref="11514088244"/>
    <nd ref="11514088245"/>
    <nd ref="11514088246"/>
    <nd ref="11514088247"/>
    <nd ref="11514088248"/>
    <nd ref="11514088249"/>
    <nd ref="11514088250"/>
    <nd ref="11514088251"/>
    <nd ref="11514088252"/>
    <nd ref="11514088253"/>
    <nd ref="11514088254"/>
    <nd ref="11514088241"/>
    <tag k="highway" v="unclassified"/>
  </way>
  <way id="991637611">
    <nd ref="9162048257"/>
    <nd ref="9162048256"/>
    <tag k="bridge" v="yes"/>
    <tag k="highway" v="unclassified"/>
    <tag k="layer" v="1"/>
  </way>
  <way id="991637612">
    <nd ref="9162048259"/>
    <nd ref="9162048258"/>
    <nd ref="9162048257"/>
    <tag k="highway" v="unclassified"/>
  </way>
  <way id="991637613">
    <nd ref="9162048260"/>
    <nd ref="9162048259"/>
    <tag k="bridge" v="yes"/>
    <tag k="highway" v="unclassified"/>
    <tag k="layer" v="1"/>
  </way>
  <way id="991637614">
    <nd ref="1999061050"/>
    <nd ref="9162048260"/>
    <tag k="highway" v="unclassified"/>
  </way>
  <way id="991637615">
    <nd ref="9162048256"/>
    <nd ref="9162048255"/>
    <nd ref="12000684692"/>
    <tag k="highway" v="unclassified"/>
  </way>
  <way id="991637616">
    <nd ref="3374173432"/>
    <nd ref="9162048261"/>
    <tag k="bridge" v="yes"/>
    <tag k="highway" v="tertiary"/>
    <tag k="layer" v="1"/>
    <tag k="name" v="同高路"/>
    <tag k="name:en" v="Tonggao Road"/>
    <tag k="surface" v="asphalt"/>
  </way>
  <way id="991637617">
    <nd ref="3374173431"/>
    <nd ref="3374173432"/>
    <tag k="highway" v="tertiary"/>
    <tag k="name" v="同高路"/>
    <tag k="name:en" v="Tonggao Road"/>
  </way>
  <way id="991637618">
    <nd ref="9162048262"/>
    <nd ref="3853599557"/>
    <nd ref="12579469624"/>
    <nd ref="3853599558"/>
    <nd ref="12579469623"/>
    <nd ref="3853599559"/>
    <nd ref="12579469620"/>
    <nd ref="12579469619"/>
    <nd ref="9715634780"/>
    <nd ref="3853599561"/>
    <nd ref="3853599560"/>
    <nd ref="7934297899"/>
    <nd ref="12579469617"/>
    <nd ref="3853599563"/>
    <nd ref="3848390691"/>
    <tag k="highway" v="secondary"/>
    <tag k="lanes" v="2"/>
    <tag k="name" v="大港路"/>
    <tag k="name:en" v="Dagang Road"/>
    <tag k="oneway" v="yes"/>
  </way>
  <way id="991637619">
    <nd ref="3853587753"/>
    <nd ref="9162048262"/>
    <tag k="highway" v="secondary"/>
    <tag k="lanes" v="2"/>
    <tag k="layer" v="1"/>
    <tag k="name" v="大港路"/>
    <tag k="name:en" v="Dagang Road"/>
    <tag k="oneway" v="yes"/>
    <tag k="surface" v="asphalt"/>
  </way>
  <way id="991637620">
    <nd ref="9162048263"/>
    <nd ref="9162048265"/>
    <tag k="bridge" v="yes"/>
    <tag k="highway" v="trunk"/>
    <tag k="lanes" v="2"/>
    <tag k="layer" v="1"/>
    <tag k="name" v="启那线"/>
    <tag k="oneway" v="yes"/>
    <tag k="ref" v="G345;S510"/>
    <tag k="surface" v="asphalt"/>
  </way>
  <way id="991637621">
    <nd ref="9162048266"/>
    <nd ref="9162048264"/>
    <tag k="bridge" v="yes"/>
    <tag k="highway" v="trunk"/>
    <tag k="lanes" v="2"/>
    <tag k="layer" v="1"/>
    <tag k="name" v="启那线"/>
    <tag k="oneway" v="yes"/>
    <tag k="ref" v="G345;S510"/>
    <tag k="surface" v="asphalt"/>
  </way>
  <way id="991637622">
    <nd ref="3830213437"/>
    <nd ref="9162048266"/>
    <tag k="highway" v="trunk"/>
    <tag k="lanes" v="2"/>
    <tag k="name" v="启那线"/>
    <tag k="oneway" v="yes"/>
    <tag k="ref" v="G345;S510"/>
    <tag k="surface" v="asphalt"/>
  </way>
  <way id="991637623">
    <nd ref="9162048265"/>
    <nd ref="12565737233"/>
    <nd ref="3830216171"/>
    <tag k="highway" v="trunk"/>
    <tag k="lanes" v="2"/>
    <tag k="name" v="启那线"/>
    <tag k="oneway" v="yes"/>
    <tag k="ref" v="G345;S510"/>
    <tag k="surface" v="asphalt"/>
  </way>
  <way id="991637662">
    <nd ref="9162048377"/>
    <nd ref="9162048378"/>
    <tag k="bridge" v="yes"/>
    <tag k="highway" v="unclassified"/>
    <tag k="layer" v="1"/>
    <tag k="surface" v="asphalt"/>
  </way>
  <way id="991637663">
    <nd ref="1999061287"/>
    <nd ref="12082694947"/>
    <nd ref="1999061235"/>
    <nd ref="1999061128"/>
    <nd ref="9162048377"/>
    <tag k="highway" v="unclassified"/>
    <tag k="surface" v="asphalt"/>
  </way>
  <way id="1037907509">
    <nd ref="12000646354"/>
    <nd ref="1999061768"/>
    <nd ref="1999061767"/>
    <nd ref="1999061765"/>
    <nd ref="1999061763"/>
    <nd ref="1999061757"/>
    <nd ref="1999061754"/>
    <nd ref="1999061751"/>
    <nd ref="1999061744"/>
    <nd ref="1999061736"/>
    <nd ref="1999061735"/>
    <nd ref="1999061683"/>
    <nd ref="1999061679"/>
    <nd ref="1999061652"/>
    <nd ref="1999061645"/>
    <nd ref="1999061642"/>
    <nd ref="1999061646"/>
    <nd ref="1999061656"/>
    <nd ref="1999061658"/>
    <nd ref="1999061654"/>
    <nd ref="1999061651"/>
    <nd ref="1999061648"/>
    <nd ref="1999061649"/>
    <nd ref="1999061653"/>
    <nd ref="1999061655"/>
    <nd ref="1999061665"/>
    <nd ref="1999061668"/>
    <nd ref="1999061669"/>
    <nd ref="1999061672"/>
    <nd ref="1999061666"/>
    <nd ref="1999061660"/>
    <nd ref="1999061657"/>
    <nd ref="1999061667"/>
    <nd ref="1999061676"/>
    <nd ref="1999061737"/>
    <nd ref="1999061747"/>
    <nd ref="1999061746"/>
    <nd ref="1999061743"/>
    <tag k="highway" v="unclassified"/>
  </way>
  <way id="1038007559">
    <nd ref="1999062509"/>
    <nd ref="1999062477"/>
    <nd ref="1999062460"/>
    <nd ref="1999062415"/>
    <nd ref="1999062401"/>
    <tag k="highway" v="service"/>
    <tag k="service" v="alley"/>
  </way>
  <way id="1057363791">
    <nd ref="9715634781"/>
    <nd ref="9715634780"/>
    <nd ref="9715634779"/>
    <nd ref="9715634778"/>
    <nd ref="9715634777"/>
    <nd ref="9715634776"/>
    <nd ref="3374173440"/>
    <tag k="highway" v="tertiary"/>
  </way>
  <way id="1057363794">
    <nd ref="9161999284"/>
    <nd ref="1997306122"/>
    <nd ref="3374173429"/>
    <tag k="highway" v="residential"/>
  </way>
  <way id="1082831852">
    <nd ref="14174915677"/>
    <nd ref="9923959151"/>
    <nd ref="9923959149"/>
    <nd ref="3374173435"/>
    <tag k="highway" v="residential"/>
    <tag k="source" v="Maxar"/>
  </way>
  <way id="1172025889">
    <nd ref="10889746641"/>
    <nd ref="10889746642"/>
    <tag k="highway" v="secondary"/>
  </way>
  <way id="1172025890">
    <nd ref="10889746642"/>
    <nd ref="3485501372"/>
    <tag k="highway" v="secondary"/>
  </way>
  <way id="1198207999">
    <nd ref="11115697875"/>
    <nd ref="11115697873"/>
    <nd ref="11115697872"/>
    <tag k="highway" v="residential"/>
  </way>
  <way id="1198422436">
    <nd ref="3354112931"/>
    <nd ref="11117257433"/>
    <nd ref="11117257432"/>
    <nd ref="11117257431"/>
    <nd ref="11117257430"/>
    <nd ref="11117257429"/>
    <nd ref="11117257428"/>
    <nd ref="11117257427"/>
    <tag k="highway" v="residential"/>
  </way>
  <way id="1200836421">
    <nd ref="11134189305"/>
    <nd ref="11134187804"/>
    <nd ref="11134187803"/>
    <nd ref="11134187802"/>
    <nd ref="11134187801"/>
    <nd ref="11134187800"/>
    <nd ref="11134187799"/>
    <nd ref="1999062620"/>
    <tag k="highway" v="service"/>
    <tag k="service" v="driveway"/>
  </way>
  <way id="1200836422">
    <nd ref="11134189310"/>
    <nd ref="11134189308"/>
    <nd ref="11134189307"/>
    <nd ref="11134189306"/>
    <tag k="highway" v="service"/>
    <tag k="service" v="driveway"/>
  </way>
  <way id="1238918578">
    <nd ref="14031495972"/>
    <nd ref="14031495971"/>
    <nd ref="14031495970"/>
    <nd ref="13758889428"/>
    <nd ref="13758889427"/>
    <nd ref="13758889426"/>
    <nd ref="14031495969"/>
    <nd ref="14031495959"/>
    <nd ref="14031495967"/>
    <nd ref="13758889425"/>
    <nd ref="13758889424"/>
    <nd ref="14031495961"/>
    <nd ref="13758889423"/>
    <nd ref="14031495963"/>
    <nd ref="13758889422"/>
    <nd ref="13985079301"/>
    <nd ref="14031495964"/>
    <nd ref="13758889421"/>
    <nd ref="14031495952"/>
    <nd ref="13758889420"/>
    <nd ref="14031495954"/>
    <nd ref="13758889419"/>
    <nd ref="13758889418"/>
    <nd ref="14031495956"/>
    <nd ref="13758889417"/>
    <nd ref="13758889416"/>
    <nd ref="13758889415"/>
    <nd ref="11509165753"/>
    <nd ref="11509165754"/>
    <nd ref="11509177784"/>
    <tag k="construction" v="motorway"/>
    <tag k="highway" v="construction"/>
    <tag k="lanes" v="3"/>
    <tag k="layer" v="1"/>
    <tag k="maxspeed" v="120"/>
    <tag k="name" v="通常高速"/>
    <tag k="name:en" v="Tongzhou Port-Changshu Expressway"/>
    <tag k="oneway" v="yes"/>
    <tag k="opening_date" v="2028-12-31"/>
    <tag k="ref" v="S13"/>
  </way>
  <way id="1238918579">
    <nd ref="11509177783"/>
    <nd ref="11509165744"/>
    <nd ref="11509165743"/>
    <nd ref="13758889414"/>
    <nd ref="13758889429"/>
    <nd ref="13758889430"/>
    <nd ref="14031495957"/>
    <nd ref="13758889431"/>
    <nd ref="13758889432"/>
    <nd ref="14031495955"/>
    <nd ref="13758889433"/>
    <nd ref="14031495953"/>
    <nd ref="13758889434"/>
    <nd ref="14031495965"/>
    <nd ref="13985079302"/>
    <nd ref="13758889435"/>
    <nd ref="14031495962"/>
    <nd ref="13758889436"/>
    <nd ref="14031495960"/>
    <nd ref="13758889437"/>
    <nd ref="13758889438"/>
    <nd ref="14031495966"/>
    <nd ref="14031495958"/>
    <nd ref="14031495968"/>
    <nd ref="13758889439"/>
    <nd ref="13758889440"/>
    <nd ref="13758889441"/>
    <nd ref="14031495973"/>
    <nd ref="14031495974"/>
    <tag k="construction" v="motorway"/>
    <tag k="highway" v="construction"/>
    <tag k="lanes" v="3"/>
    <tag k="layer" v="1"/>
    <tag k="maxspeed" v="120"/>
    <tag k="name" v="通常高速"/>
    <tag k="name:en" v="Tongzhou Port-Changshu Expressway"/>
    <tag k="oneway" v="yes"/>
    <tag k="opening_date" v="2028-12-31"/>
    <tag k="ref" v="S13"/>
  </way>
  <way id="1239422181">
    <nd ref="11514073309"/>
    <nd ref="1996143484"/>
    <tag k="highway" v="trunk"/>
    <tag k="lanes" v="2"/>
    <tag k="name" v="丹东线"/>
    <tag k="oneway" v="yes"/>
    <tag k="ref" v="G228;S510"/>
    <tag k="surface" v="asphalt"/>
  </way>
  <way id="1239422182">
    <nd ref="11514073310"/>
    <nd ref="11514073309"/>
    <tag k="bridge" v="yes"/>
    <tag k="highway" v="trunk"/>
    <tag k="lanes" v="2"/>
    <tag k="layer" v="1"/>
    <tag k="name" v="丹东线"/>
    <tag k="oneway" v="yes"/>
    <tag k="ref" v="G228;S510"/>
    <tag k="surface" v="asphalt"/>
  </way>
  <way id="1239422183">
    <nd ref="11514073312"/>
    <nd ref="11514073311"/>
    <tag k="bridge" v="yes"/>
    <tag k="highway" v="trunk"/>
    <tag k="lanes" v="2"/>
    <tag k="layer" v="1"/>
    <tag k="name" v="丹东线"/>
    <tag k="oneway" v="yes"/>
    <tag k="ref" v="G228;S510"/>
    <tag k="surface" v="asphalt"/>
  </way>
  <way id="1239422184">
    <nd ref="1996143482"/>
    <nd ref="11514073312"/>
    <tag k="highway" v="trunk"/>
    <tag k="lanes" v="2"/>
    <tag k="name" v="丹东线"/>
    <tag k="oneway" v="yes"/>
    <tag k="ref" v="G228;S510"/>
    <tag k="surface" v="asphalt"/>
  </way>
  <way id="1239425855">
    <nd ref="11514088241"/>
    <nd ref="11514088240"/>
    <nd ref="11514088239"/>
    <nd ref="11514088238"/>
    <nd ref="11514088237"/>
    <nd ref="11514088236"/>
    <nd ref="11514088235"/>
    <nd ref="11514088234"/>
    <nd ref="11514088233"/>
    <nd ref="11514088232"/>
    <nd ref="11514088230"/>
    <nd ref="1999061057"/>
    <nd ref="1999061060"/>
    <nd ref="1999061059"/>
    <nd ref="9162048252"/>
    <tag k="highway" v="unclassified"/>
  </way>
  <way id="1239428052">
    <nd ref="2524165008"/>
    <nd ref="3830213437"/>
    <tag k="highway" v="trunk"/>
    <tag k="lanes" v="2"/>
    <tag k="name" v="启那线"/>
    <tag k="oneway" v="yes"/>
    <tag k="ref" v="G345;S510"/>
    <tag k="surface" v="asphalt"/>
  </way>
  <way id="1294955696">
    <nd ref="1996143939"/>
    <nd ref="1996143936"/>
    <nd ref="1996143938"/>
    <nd ref="1996143945"/>
    <nd ref="1996143949"/>
    <nd ref="1996143951"/>
    <nd ref="1996143952"/>
    <nd ref="1996143948"/>
    <nd ref="1996143946"/>
    <nd ref="12000653674"/>
    <tag k="highway" v="unclassified"/>
  </way>
  <way id="1294955697">
    <nd ref="12000653674"/>
    <nd ref="1996143947"/>
    <tag k="bridge" v="yes"/>
    <tag k="highway" v="unclassified"/>
    <tag k="layer" v="1"/>
  </way>
  <way id="1294955698">
    <nd ref="1999061243"/>
    <nd ref="1999061160"/>
    <nd ref="1999061137"/>
    <nd ref="12000653690"/>
    <tag k="highway" v="unclassified"/>
  </way>
  <way id="1294955699">
    <nd ref="12000653690"/>
    <nd ref="12000653689"/>
    <tag k="bridge" v="yes"/>
    <tag k="highway" v="unclassified"/>
    <tag k="layer" v="1"/>
  </way>
  <way id="1294958662">
    <nd ref="9162048254"/>
    <nd ref="9162048253"/>
    <tag k="highway" v="unclassified"/>
  </way>
  <way id="1294958663">
    <nd ref="12000684692"/>
    <nd ref="9162048254"/>
    <tag k="bridge" v="yes"/>
    <tag k="highway" v="unclassified"/>
    <tag k="layer" v="1"/>
  </way>
  <way id="1304640637">
    <nd ref="1999062301"/>
    <nd ref="8913627869"/>
    <nd ref="8913627870"/>
    <nd ref="8913627871"/>
    <nd ref="8913627872"/>
    <nd ref="1997306693"/>
    <tag k="highway" v="secondary"/>
  </way>
  <way id="1304640638">
    <nd ref="12083064877"/>
    <nd ref="12556774619"/>
    <nd ref="12083064878"/>
    <nd ref="12083064879"/>
    <tag k="highway" v="secondary"/>
    <tag k="oneway" v="yes"/>
  </way>
  <way id="1304640639">
    <nd ref="12083064880"/>
    <nd ref="12083064884"/>
    <nd ref="1997306657"/>
    <nd ref="12083064883"/>
    <nd ref="12579466195"/>
    <nd ref="12083064885"/>
    <nd ref="12579466197"/>
    <nd ref="12083064875"/>
    <nd ref="12579466199"/>
    <nd ref="12579466185"/>
    <nd ref="12083064886"/>
    <nd ref="12083064887"/>
    <nd ref="12579469601"/>
    <nd ref="12083064888"/>
    <nd ref="12579469603"/>
    <nd ref="12083064889"/>
    <nd ref="12083064890"/>
    <nd ref="12083064891"/>
    <nd ref="12579469606"/>
    <nd ref="12083064870"/>
    <tag k="highway" v="primary"/>
    <tag k="name" v="德三公路"/>
    <tag k="oneway" v="yes"/>
  </way>
  <way id="1304640640">
    <nd ref="1997306664"/>
    <nd ref="13180754457"/>
    <nd ref="12083064880"/>
    <tag k="highway" v="trunk"/>
    <tag k="lanes" v="2"/>
    <tag k="name" v="丹东线"/>
    <tag k="oneway" v="yes"/>
    <tag k="ref" v="G228;S510"/>
  </way>
  <way id="1304640641">
    <nd ref="1997306635"/>
    <nd ref="12083064870"/>
    <tag k="highway" v="secondary"/>
    <tag k="oneway" v="yes"/>
  </way>
  <way id="1304640642">
    <nd ref="12083064871"/>
    <nd ref="12083064892"/>
    <nd ref="12083064893"/>
    <nd ref="12083064894"/>
    <nd ref="12083064895"/>
    <nd ref="12083064896"/>
    <nd ref="12578759266"/>
    <nd ref="12083064897"/>
    <nd ref="12083064898"/>
    <nd ref="12083064899"/>
    <nd ref="12083064900"/>
    <nd ref="12083064901"/>
    <nd ref="12083064868"/>
    <nd ref="12083064902"/>
    <nd ref="12083064905"/>
    <tag k="highway" v="primary"/>
    <tag k="name" v="德三公路"/>
    <tag k="oneway" v="yes"/>
  </way>
  <way id="1304640645">
    <nd ref="3568491844"/>
    <nd ref="4826426259"/>
    <tag k="highway" v="secondary"/>
    <tag k="name" v="苏通公路"/>
    <tag k="name:en" v="Sutong Highway"/>
  </way>
  <way id="1304640646">
    <nd ref="12083064925"/>
    <nd ref="1999061894"/>
    <nd ref="1999061959"/>
    <nd ref="1999062054"/>
    <tag k="highway" v="service"/>
  </way>
  <way id="1304640647">
    <nd ref="12083064930"/>
    <nd ref="12083064931"/>
    <tag k="bridge" v="yes"/>
    <tag k="highway" v="primary"/>
    <tag k="layer" v="1"/>
    <tag k="oneway" v="yes"/>
  </way>
  <way id="1304640648">
    <nd ref="12083064931"/>
    <nd ref="12083064932"/>
    <nd ref="12083064933"/>
    <nd ref="12083064934"/>
    <nd ref="12554095778"/>
    <nd ref="12083064935"/>
    <tag k="highway" v="primary"/>
    <tag k="oneway" v="yes"/>
  </way>
  <way id="1330843393">
    <nd ref="12313854391"/>
    <nd ref="3258101931"/>
    <nd ref="3258101932"/>
    <nd ref="3258101933"/>
    <nd ref="3258101934"/>
    <nd ref="3258101935"/>
    <nd ref="3258101936"/>
    <nd ref="3258101937"/>
    <nd ref="3931458588"/>
    <tag k="highway" v="residential"/>
    <tag k="surface" v="asphalt"/>
  </way>
  <way id="1330843394">
    <nd ref="12313854392"/>
    <nd ref="12313854391"/>
    <tag k="bridge" v="yes"/>
    <tag k="highway" v="residential"/>
    <tag k="layer" v="1"/>
    <tag k="surface" v="asphalt"/>
  </way>
  <way id="1352969278">
    <nd ref="3568491838"/>
    <nd ref="12518744988"/>
    <tag k="highway" v="primary"/>
    <tag k="oneway" v="yes"/>
  </way>
  <way id="1352969279">
    <nd ref="12518744990"/>
    <nd ref="12083064908"/>
    <nd ref="4826426259"/>
    <tag k="highway" v="primary"/>
    <tag k="oneway" v="yes"/>
  </way>
  <way id="1352969280">
    <nd ref="3570803593"/>
    <nd ref="10889736072"/>
    <tag k="highway" v="secondary"/>
  </way>
  <way id="1355409135">
    <nd ref="12544086598"/>
    <nd ref="3931458586"/>
    <tag k="highway" v="residential"/>
  </way>
  <way id="1356435705">
    <nd ref="12554095772"/>
    <nd ref="12554095773"/>
    <tag k="highway" v="secondary"/>
  </way>
  <way id="1356435706">
    <nd ref="1999061130"/>
    <nd ref="1999061129"/>
    <nd ref="1999061128"/>
    <nd ref="12554095765"/>
    <nd ref="12554095764"/>
    <nd ref="12554095767"/>
    <nd ref="12554095766"/>
    <nd ref="12554095772"/>
    <tag k="highway" v="secondary"/>
  </way>
  <way id="1356435709">
    <nd ref="12083064909"/>
    <nd ref="12083064908"/>
    <nd ref="12554095774"/>
    <nd ref="12083064926"/>
    <nd ref="8913627916"/>
    <nd ref="12083064928"/>
    <nd ref="12083064929"/>
    <nd ref="12083064930"/>
    <tag k="highway" v="primary"/>
    <tag k="oneway" v="yes"/>
  </way>
  <way id="1356435710">
    <nd ref="1999061856"/>
    <nd ref="8913627913"/>
    <nd ref="1999061862"/>
    <nd ref="12083064927"/>
    <nd ref="3258101943"/>
    <nd ref="12554095775"/>
    <nd ref="4826426259"/>
    <tag k="highway" v="primary"/>
    <tag k="oneway" v="yes"/>
  </way>
  <way id="1356435711">
    <nd ref="4826426259"/>
    <nd ref="12083064909"/>
    <tag k="highway" v="primary"/>
    <tag k="oneway" v="yes"/>
  </way>
  <way id="1356708771">
    <nd ref="1997306568"/>
    <nd ref="1997306561"/>
    <nd ref="12083064916"/>
    <tag k="highway" v="primary"/>
    <tag k="oneway" v="yes"/>
  </way>
  <way id="1356708772">
    <nd ref="1999061903"/>
    <nd ref="12083064917"/>
    <tag k="highway" v="tertiary"/>
  </way>
  <way id="1356708773">
    <nd ref="12083064879"/>
    <nd ref="1997306660"/>
    <tag k="highway" v="tertiary"/>
  </way>
  <way id="1356708774">
    <nd ref="12083064879"/>
    <nd ref="1997306665"/>
    <tag k="highway" v="secondary"/>
    <tag k="oneway" v="yes"/>
  </way>
  <way id="1356708775">
    <nd ref="1999062301"/>
    <nd ref="12083064877"/>
    <tag k="highway" v="secondary"/>
    <tag k="oneway" v="yes"/>
  </way>
  <way id="1356708776">
    <nd ref="1999062356"/>
    <nd ref="12083064877"/>
    <tag k="highway" v="residential"/>
  </way>
  <way id="1356708777">
    <nd ref="12556774622"/>
    <nd ref="12556774624"/>
    <tag k="highway" v="service"/>
    <tag k="service" v="driveway"/>
  </way>
  <way id="1356708778">
    <nd ref="12556774624"/>
    <nd ref="12556774627"/>
    <nd ref="12556774626"/>
    <nd ref="12556774625"/>
    <tag k="highway" v="service"/>
    <tag k="service" v="driveway"/>
  </way>
  <way id="1356708779">
    <nd ref="11134189309"/>
    <nd ref="11134189310"/>
    <nd ref="12556774622"/>
    <tag k="highway" v="service"/>
    <tag k="service" v="driveway"/>
  </way>
  <way id="1356708780">
    <nd ref="11134189309"/>
    <nd ref="7936911109"/>
    <tag k="highway" v="tertiary"/>
  </way>
  <way id="1356708781">
    <nd ref="1999062356"/>
    <nd ref="1999062301"/>
    <tag k="highway" v="secondary"/>
    <tag k="oneway" v="yes"/>
  </way>
  <way id="1356708782">
    <nd ref="1997306664"/>
    <nd ref="12083064881"/>
    <nd ref="1997306660"/>
    <tag k="highway" v="secondary"/>
    <tag k="oneway" v="yes"/>
  </way>
  <way id="1356708783">
    <nd ref="1997306660"/>
    <nd ref="1999062471"/>
    <nd ref="1997306704"/>
    <nd ref="1999062523"/>
    <nd ref="1997306723"/>
    <tag k="highway" v="tertiary"/>
  </way>
  <way id="1356708784">
    <nd ref="1997306559"/>
    <nd ref="12083064914"/>
    <nd ref="12083064915"/>
    <nd ref="1997306537"/>
    <tag k="highway" v="primary"/>
    <tag k="oneway" v="yes"/>
  </way>
  <way id="1356708785">
    <nd ref="3568491833"/>
    <nd ref="1772546817"/>
    <tag k="highway" v="tertiary"/>
    <tag k="surface" v="asphalt"/>
  </way>
  <way id="1356708786">
    <nd ref="3568491833"/>
    <nd ref="12518744984"/>
    <nd ref="3568491834"/>
    <nd ref="8913627867"/>
    <nd ref="3568491835"/>
    <nd ref="3568491846"/>
    <nd ref="3568491836"/>
    <nd ref="12518744985"/>
    <nd ref="3568491837"/>
    <nd ref="3568491838"/>
    <tag k="highway" v="primary"/>
    <tag k="oneway" v="yes"/>
    <tag k="surface" v="asphalt"/>
  </way>
  <way id="1356708787">
    <nd ref="1996144054"/>
    <nd ref="3258101953"/>
    <nd ref="1772546817"/>
    <tag k="highway" v="primary"/>
    <tag k="name" v="金浩公路"/>
    <tag k="oneway" v="yes"/>
    <tag k="surface" v="asphalt"/>
  </way>
  <way id="1357805161">
    <nd ref="1996143820"/>
    <nd ref="1996143827"/>
    <tag k="highway" v="motorway"/>
    <tag k="lanes" v="2"/>
    <tag k="name" v="沪陕高速"/>
    <tag k="name:en" v="Hushan Expressway"/>
    <tag k="name:zh-Hant" v="滬陝高速"/>
    <tag k="oneway" v="yes"/>
    <tag k="ref" v="G40"/>
    <tag k="start_date" v="2004-10-30"/>
    <tag k="surface" v="asphalt"/>
  </way>
  <way id="1357805162">
    <nd ref="1996143879"/>
    <nd ref="1996143900"/>
    <nd ref="12565737244"/>
    <nd ref="1996143922"/>
    <nd ref="12565737267"/>
    <tag k="highway" v="trunk"/>
    <tag k="lanes" v="2"/>
    <tag k="name" v="丹东线"/>
    <tag k="oneway" v="yes"/>
    <tag k="ref" v="G228;S510"/>
  </way>
  <way id="1357805163">
    <nd ref="12565737234"/>
    <nd ref="12581847243"/>
    <nd ref="12581847237"/>
    <nd ref="11514073310"/>
    <tag k="highway" v="trunk"/>
    <tag k="lanes" v="2"/>
    <tag k="name" v="丹东线"/>
    <tag k="oneway" v="yes"/>
    <tag k="ref" v="G228;S510"/>
    <tag k="surface" v="asphalt"/>
  </way>
  <way id="1357805164">
    <nd ref="12565737238"/>
    <nd ref="3830216172"/>
    <nd ref="2524165008"/>
    <tag k="highway" v="trunk"/>
    <tag k="highway:CN" v="1"/>
    <tag k="lanes" v="3"/>
    <tag k="lit" v="yes"/>
    <tag k="name" v="启那线"/>
    <tag k="name:en" v="Qidong-Nagqu Highway"/>
    <tag k="name:zh-Hant" v="啓那線"/>
    <tag k="oneway" v="yes"/>
    <tag k="ref" v="G228;G345"/>
    <tag k="source" v="Bing"/>
    <tag k="surface" v="asphalt"/>
  </way>
  <way id="1357805181">
    <nd ref="12565737233"/>
    <nd ref="12565737232"/>
    <nd ref="12565737231"/>
    <nd ref="12565737230"/>
    <nd ref="12565737229"/>
    <tag k="highway" v="trunk_link"/>
    <tag k="oneway" v="yes"/>
  </way>
  <way id="1357805182">
    <nd ref="12565737238"/>
    <nd ref="12565737237"/>
    <nd ref="12565737236"/>
    <nd ref="12565737235"/>
    <nd ref="12565737234"/>
    <tag k="highway" v="trunk_link"/>
    <tag k="oneway" v="yes"/>
  </way>
  <way id="1357805187">
    <nd ref="12565737241"/>
    <nd ref="1996143903"/>
    <nd ref="1996143878"/>
    <tag k="highway" v="trunk"/>
    <tag k="lanes" v="2"/>
    <tag k="name" v="丹东线"/>
    <tag k="oneway" v="yes"/>
    <tag k="ref" v="G228;S510"/>
  </way>
  <way id="1357805188">
    <nd ref="1996143819"/>
    <nd ref="1996143797"/>
    <nd ref="1996143783"/>
    <nd ref="1996143779"/>
    <nd ref="1996143774"/>
    <nd ref="1996143765"/>
    <nd ref="1996143756"/>
    <nd ref="1996143741"/>
    <nd ref="1996143735"/>
    <nd ref="1996143729"/>
    <nd ref="13069285266"/>
    <nd ref="13069285265"/>
    <nd ref="13069285264"/>
    <nd ref="12565737262"/>
    <tag k="highway" v="motorway_link"/>
    <tag k="lanes" v="1"/>
    <tag k="oneway" v="yes"/>
  </way>
  <way id="1357805189">
    <nd ref="12565737255"/>
    <nd ref="12565737279"/>
    <nd ref="12565737254"/>
    <nd ref="12565737253"/>
    <nd ref="1996143894"/>
    <nd ref="12565737252"/>
    <nd ref="13069285258"/>
    <nd ref="12565737251"/>
    <nd ref="12565737250"/>
    <nd ref="12565737249"/>
    <nd ref="12565737248"/>
    <nd ref="12565737247"/>
    <nd ref="12565737243"/>
    <tag k="highway" v="motorway_link"/>
    <tag k="lanes" v="1"/>
    <tag k="oneway" v="yes"/>
  </way>
  <way id="1357805190">
    <nd ref="1996143860"/>
    <nd ref="1996143838"/>
    <tag k="highway" v="motorway_link"/>
    <tag k="lanes" v="1"/>
    <tag k="oneway" v="yes"/>
  </way>
  <way id="1357805191">
    <nd ref="1996143860"/>
    <nd ref="1996143842"/>
    <nd ref="1996143836"/>
    <nd ref="1996143832"/>
    <nd ref="1996143828"/>
    <nd ref="1996143823"/>
    <nd ref="1996143812"/>
    <nd ref="1996143805"/>
    <nd ref="1996143800"/>
    <nd ref="1996143796"/>
    <tag k="highway" v="motorway_link"/>
    <tag k="lanes" v="1"/>
    <tag k="oneway" v="yes"/>
  </way>
  <way id="1357805192">
    <nd ref="12565737243"/>
    <nd ref="12565737246"/>
    <nd ref="12565737245"/>
    <nd ref="12565737244"/>
    <tag k="highway" v="motorway_link"/>
    <tag k="lanes" v="1"/>
    <tag k="oneway" v="yes"/>
  </way>
  <way id="1357805193">
    <nd ref="12565737240"/>
    <nd ref="12565737239"/>
    <nd ref="12565737269"/>
    <tag k="highway" v="motorway_link"/>
    <tag k="oneway" v="yes"/>
  </way>
  <way id="1357805194">
    <nd ref="12565737243"/>
    <nd ref="12565737242"/>
    <nd ref="12565737241"/>
    <tag k="highway" v="motorway_link"/>
    <tag k="oneway" v="yes"/>
  </way>
  <way id="1357805195">
    <nd ref="1996143821"/>
    <nd ref="1996143819"/>
    <tag k="highway" v="motorway"/>
    <tag k="name" v="沪陕高速"/>
    <tag k="name:en" v="Hushan Expressway"/>
    <tag k="name:zh-Hant" v="滬陝高速"/>
    <tag k="oneway" v="yes"/>
    <tag k="ref" v="G40"/>
    <tag k="start_date" v="2004-10-30"/>
    <tag k="surface" v="asphalt"/>
  </way>
  <way id="1359026892">
    <nd ref="12578759400"/>
    <nd ref="12578759391"/>
    <nd ref="1999061875"/>
    <nd ref="1997306541"/>
    <nd ref="1997306542"/>
    <tag k="highway" v="primary"/>
    <tag k="oneway" v="yes"/>
  </way>
  <way id="1359026893">
    <nd ref="12083064870"/>
    <nd ref="12578759271"/>
    <nd ref="1997306622"/>
    <nd ref="1999062067"/>
    <nd ref="1997306564"/>
    <nd ref="1997306542"/>
    <tag k="highway" v="secondary"/>
    <tag k="oneway" v="yes"/>
  </way>
  <way id="1359026952">
    <nd ref="12083064870"/>
    <nd ref="12083064871"/>
    <tag k="highway" v="primary"/>
    <tag k="name" v="德三公路"/>
    <tag k="oneway" v="yes"/>
  </way>
  <way id="1359026953">
    <nd ref="12083064871"/>
    <nd ref="1997306635"/>
    <tag k="highway" v="secondary"/>
    <tag k="oneway" v="yes"/>
  </way>
  <way id="1359026954">
    <nd ref="1997306493"/>
    <nd ref="1999061741"/>
    <nd ref="1997306509"/>
    <nd ref="1999061797"/>
    <nd ref="12579469610"/>
    <nd ref="12578759401"/>
    <tag k="highway" v="secondary"/>
    <tag k="oneway" v="yes"/>
  </way>
  <way id="1359026955">
    <nd ref="12578759401"/>
    <nd ref="12578759400"/>
    <tag k="highway" v="primary"/>
    <tag k="oneway" v="yes"/>
  </way>
  <way id="1359026956">
    <nd ref="1999061903"/>
    <nd ref="1999061902"/>
    <nd ref="1997306559"/>
    <tag k="highway" v="primary"/>
    <tag k="oneway" v="yes"/>
  </way>
  <way id="1359026958">
    <nd ref="12083064916"/>
    <nd ref="12083064913"/>
    <nd ref="12083064917"/>
    <tag k="highway" v="primary"/>
    <tag k="oneway" v="yes"/>
  </way>
  <way id="1359026959">
    <nd ref="12578759399"/>
    <nd ref="12578759398"/>
    <nd ref="12578759397"/>
    <nd ref="12578759400"/>
    <tag k="highway" v="residential"/>
  </way>
  <way id="1359026960">
    <nd ref="12578759414"/>
    <nd ref="12578759409"/>
    <nd ref="12578759408"/>
    <nd ref="12578759274"/>
    <nd ref="1999061897"/>
    <nd ref="12578759407"/>
    <nd ref="12578759406"/>
    <nd ref="12578759405"/>
    <nd ref="12578759404"/>
    <nd ref="12578759403"/>
    <nd ref="12578759402"/>
    <nd ref="12578759401"/>
    <tag k="highway" v="primary"/>
    <tag k="oneway" v="yes"/>
  </way>
  <way id="1359026961">
    <nd ref="1997306542"/>
    <nd ref="1999061892"/>
    <nd ref="1999061895"/>
    <nd ref="1997306549"/>
    <nd ref="1999061896"/>
    <nd ref="12578759392"/>
    <nd ref="12578759393"/>
    <nd ref="12578759275"/>
    <nd ref="1997306555"/>
    <nd ref="12578759394"/>
    <nd ref="1997306557"/>
    <tag k="highway" v="primary"/>
    <tag k="oneway" v="yes"/>
  </way>
  <way id="1359026963">
    <nd ref="1997306531"/>
    <nd ref="13180754454"/>
    <nd ref="1997306533"/>
    <nd ref="1997306540"/>
    <tag k="highway" v="trunk"/>
    <tag k="lanes" v="2"/>
    <tag k="name" v="丹东线"/>
    <tag k="oneway" v="yes"/>
    <tag k="ref" v="G228;S510"/>
  </way>
  <way id="1359026964">
    <nd ref="1997306557"/>
    <nd ref="12578759415"/>
    <nd ref="1997306578"/>
    <tag k="highway" v="primary"/>
    <tag k="lanes" v="2"/>
    <tag k="oneway" v="yes"/>
    <tag k="ref" v="S510"/>
  </way>
  <way id="1359026965">
    <nd ref="1997306590"/>
    <nd ref="1997306584"/>
    <nd ref="13180754453"/>
    <nd ref="1997306568"/>
    <tag k="highway" v="trunk"/>
    <tag k="lanes" v="2"/>
    <tag k="name" v="丹东线"/>
    <tag k="oneway" v="yes"/>
    <tag k="ref" v="G228;S510"/>
  </way>
  <way id="1359026966">
    <nd ref="12083064880"/>
    <nd ref="1997306633"/>
    <tag k="highway" v="trunk"/>
    <tag k="lanes" v="2"/>
    <tag k="name" v="丹东线"/>
    <tag k="oneway" v="yes"/>
    <tag k="ref" v="G228;S510"/>
  </way>
  <way id="1359026967">
    <nd ref="1997306665"/>
    <nd ref="12083064880"/>
    <tag k="highway" v="secondary"/>
    <tag k="oneway" v="yes"/>
  </way>
  <way id="1359293877">
    <nd ref="12581847237"/>
    <nd ref="12581847236"/>
    <nd ref="12581847235"/>
    <nd ref="12581847234"/>
    <nd ref="12581847233"/>
    <tag k="highway" v="tertiary_link"/>
    <tag k="oneway" v="yes"/>
  </way>
  <way id="1359293878">
    <nd ref="12581847242"/>
    <nd ref="12581847241"/>
    <nd ref="12581847240"/>
    <nd ref="12581847239"/>
    <nd ref="12581847238"/>
    <tag k="highway" v="tertiary_link"/>
    <tag k="oneway" v="yes"/>
  </way>
  <way id="1359293886">
    <nd ref="1997306723"/>
    <nd ref="1999062843"/>
    <tag k="highway" v="tertiary"/>
  </way>
  <way id="1359293887">
    <nd ref="1997306721"/>
    <nd ref="1997306722"/>
    <nd ref="1997306723"/>
    <tag k="highway" v="tertiary"/>
  </way>
  <way id="1359293888">
    <nd ref="8913627899"/>
    <nd ref="12579466192"/>
    <nd ref="1997306720"/>
    <nd ref="1997306721"/>
    <tag k="highway" v="tertiary"/>
  </way>
  <way id="1422107856">
    <nd ref="1999061461"/>
    <nd ref="1999061460"/>
    <nd ref="1999061458"/>
    <nd ref="1999061455"/>
    <nd ref="1999061444"/>
    <nd ref="1999061438"/>
    <nd ref="1999061436"/>
    <nd ref="1999061427"/>
    <nd ref="1999061402"/>
    <nd ref="1999061392"/>
    <nd ref="1999061388"/>
    <tag k="highway" v="residential"/>
  </way>
  <way id="1434075063">
    <nd ref="1997306540"/>
    <nd ref="13180754437"/>
    <nd ref="13180754438"/>
    <nd ref="13180754445"/>
    <nd ref="13180754446"/>
    <nd ref="13180754447"/>
    <nd ref="1997306578"/>
    <nd ref="13180754439"/>
    <nd ref="13180754440"/>
    <nd ref="13180754448"/>
    <nd ref="13180754449"/>
    <nd ref="1997306568"/>
    <tag k="highway" v="trunk_link"/>
    <tag k="oneway" v="yes"/>
  </way>
  <way id="1434075064">
    <nd ref="1997306578"/>
    <nd ref="1997306587"/>
    <nd ref="1997306592"/>
    <tag k="highway" v="trunk"/>
    <tag k="lanes" v="2"/>
    <tag k="name" v="丹东线"/>
    <tag k="oneway" v="yes"/>
    <tag k="ref" v="G228;S510"/>
  </way>
  <way id="1434075065">
    <nd ref="1997306540"/>
    <nd ref="12578759414"/>
    <tag k="highway" v="primary"/>
    <tag k="lanes" v="2"/>
    <tag k="oneway" v="yes"/>
    <tag k="ref" v="S510"/>
  </way>
  <way id="1470810013">
    <nd ref="1997306568"/>
    <nd ref="13180754441"/>
    <nd ref="13180754442"/>
    <nd ref="13180754450"/>
    <nd ref="1997306537"/>
    <nd ref="13180754443"/>
    <nd ref="13180754444"/>
    <nd ref="13180754451"/>
    <nd ref="13180754452"/>
    <nd ref="1997306540"/>
    <tag k="highway" v="trunk_link"/>
    <tag k="oneway" v="yes"/>
  </way>
  <way id="1541335789">
    <nd ref="14031495975"/>
    <nd ref="14031495976"/>
    <nd ref="14031495977"/>
    <nd ref="14031495978"/>
    <nd ref="14031495979"/>
    <nd ref="14031495980"/>
    <nd ref="14031495981"/>
    <nd ref="14031495982"/>
    <nd ref="14031495983"/>
    <nd ref="14031495984"/>
    <nd ref="14031495985"/>
    <nd ref="14031495986"/>
    <nd ref="14031495987"/>
    <nd ref="14031495988"/>
    <nd ref="14031495989"/>
    <tag k="construction" v="motorway_link"/>
    <tag k="highway" v="construction"/>
  </way>
  <way id="1541335790">
    <nd ref="14031495990"/>
    <nd ref="14031495991"/>
    <nd ref="14031495992"/>
    <nd ref="14031495993"/>
    <nd ref="14031495994"/>
    <nd ref="14031495995"/>
    <nd ref="14031495996"/>
    <nd ref="14031495997"/>
    <nd ref="14031495998"/>
    <nd ref="14031495999"/>
    <nd ref="14031496000"/>
    <nd ref="14031498501"/>
    <nd ref="14031498502"/>
    <nd ref="14031498503"/>
    <tag k="construction" v="motorway_link"/>
    <tag k="highway" v="construction"/>
  </way>
  <way id="1541335791">
    <nd ref="14031498504"/>
    <nd ref="14031498505"/>
    <nd ref="14031498506"/>
    <nd ref="14031498507"/>
    <nd ref="14031498508"/>
    <nd ref="14031498509"/>
    <nd ref="14031498510"/>
    <nd ref="14031498511"/>
    <nd ref="14031498512"/>
    <nd ref="14031498513"/>
    <tag k="construction" v="motorway_link"/>
    <tag k="highway" v="construction"/>
  </way>
  <way id="1541335792">
    <nd ref="14031498514"/>
    <nd ref="14031498515"/>
    <nd ref="14031498516"/>
    <nd ref="14031498517"/>
    <nd ref="14031498518"/>
    <tag k="construction" v="motorway_link"/>
    <tag k="highway" v="construction"/>
  </way>
  <way id="1541335793">
    <nd ref="14031498519"/>
    <nd ref="14031498520"/>
    <nd ref="14031498521"/>
    <nd ref="14031498522"/>
    <nd ref="14031498523"/>
    <nd ref="14031498524"/>
    <nd ref="14031498525"/>
    <tag k="construction" v="motorway_link"/>
    <tag k="highway" v="construction"/>
  </way>
  <way id="1541335794">
    <nd ref="14031498526"/>
    <nd ref="14031498527"/>
    <nd ref="14031498528"/>
    <nd ref="14031498529"/>
    <nd ref="14031498530"/>
    <tag k="construction" v="motorway_link"/>
    <tag k="highway" v="construction"/>
  </way>

</osm>
